▲ Next.js 16.3.6 (Turbopack)
- Local:         http://127.0.0.1:44993
- Network:       http://127.0.0.1:44993
✓ Ready in 238ms
✓ Running next.config.ts took 25ms
- Experiments (use with caution):
  · proxyClientMaxBodySize: "128mb"

 GET /api/sessions 200 in 1072ms (next.js: 85ms, proxy.ts: 146ms, application-code: 841ms)
 GET /api/sessions/e2e-long-session?deferThinking=1&deferMedia=1 200 in 1351ms (next.js: 1313ms, proxy.ts: 3ms, application-code: 35ms)
 GET /api/sessions/e2e-long-session/context?tail=50 200 in 1312ms (next.js: 1301ms, proxy.ts: 2ms, application-code: 9ms)
 GET /api/sessions/e2e-branch-session/context?leafId=old 200 in 15ms (next.js: 9ms, proxy.ts: 2ms, application-code: 3ms)
 GET /api/sessions/e2e-branch-session/context?before=old&tail=1 200 in 11ms (next.js: 4ms, proxy.ts: 3ms, application-code: 4ms)
 GET /api/sessions/e2e-branch-session/context?before=root 200 in 10ms (next.js: 4ms, proxy.ts: 3ms, application-code: 3ms)
 GET /api/sessions/e2e-does-not-exist 404 in 17ms (next.js: 11ms, proxy.ts: 3ms, application-code: 3ms)
 GET /api/files/..%2F..%2Fetc%2Fpasswd?type=read 403 in 1154ms (next.js: 1147ms, proxy.ts: 3ms, application-code: 5ms)
 GET /api/sessions/e2e-compacted-session 200 in 11ms (next.js: 3ms, proxy.ts: 2ms, application-code: 6ms)
[pi-web] session_start dispatched to extensions for session e2e-external-append-session
 POST /api/agent/e2e-external-append-session 200 in 1570ms (next.js: 1289ms, proxy.ts: 5ms, application-code: 276ms)
 GET /api/sessions/e2e-external-append-session 200 in 44ms (next.js: 11ms, proxy.ts: 2ms, application-code: 31ms)
 GET /api/sessions/e2e-external-append-session 200 in 8ms (next.js: 2ms, proxy.ts: 2.0ms, application-code: 4ms)
 GET /api/sessions/e2e-external-append-session?force=1 200 in 9ms (next.js: 2ms, proxy.ts: 1.8ms, application-code: 5ms)
 GET /api/sessions/e2e-external-append-session 200 in 7ms (next.js: 2ms, proxy.ts: 1.7ms, application-code: 3ms)
 GET /api/sessions/e2e-external-append-session/context?tail=1 200 in 14ms (next.js: 9ms, proxy.ts: 2ms, application-code: 2ms)
 GET /?session=e2e-long-session 200 in 625ms (next.js: 52ms, proxy.ts: 2ms, application-code: 571ms)
 GET /api/sessions/e2e-long-session/state 200 in 1349ms (next.js: 1342ms, proxy.ts: 2ms, application-code: 5ms)
 GET /?session=e2e-mcp-codemode 200 in 37ms (next.js: 3ms, proxy.ts: 2ms, application-code: 31ms)
 GET /api/open-in-explorer 200 in 92ms (next.js: 83ms, proxy.ts: 6ms, application-code: 3ms)
 GET /api/home 200 in 163ms (next.js: 154ms, proxy.ts: 7ms, application-code: 2ms)
 GET /api/projects 200 in 175ms (next.js: 52ms, proxy.ts: 5ms, application-code: 117ms)
 GET /api/sessions?sessionId=e2e-mcp-codemode 200 in 177ms (next.js: 76ms, proxy.ts: 88ms, application-code: 13ms)
 GET /api/agent/running 200 in 44ms (next.js: 11ms, proxy.ts: 31ms, application-code: 1.8ms)
 GET /api/projects?force=1 200 in 99ms (next.js: 10ms, proxy.ts: 76ms, application-code: 13ms)
 GET /api/open-in-explorer 200 in 20ms (next.js: 4ms, proxy.ts: 14ms, application-code: 1.8ms)
 GET /api/home 200 in 16ms (next.js: 5ms, proxy.ts: 9ms, application-code: 2ms)
 GET /api/worktrees?cwd=%2Fhome%2Fxupeng%2F.cache%2Fpi-tmp%2F01a10f47-ae69-753b-a8de-d77bd690adfd%2Fask-user-full-e2e-retry-jxxdc2by%2Fpi-web-e2e-IlNMZG%2Fproject 200 in 53ms (next.js: 34ms, proxy.ts: 4ms, application-code: 16ms)
 GET /api/git/status?cwd=%2Fhome%2Fxupeng%2F.cache%2Fpi-tmp%2F01a10f47-ae69-753b-a8de-d77bd690adfd%2Fask-user-full-e2e-retry-jxxdc2by%2Fpi-web-e2e-IlNMZG%2Fproject 200 in 118ms (next.js: 78ms, proxy.ts: 4ms, application-code: 36ms)
 GET /api/files/home/xupeng/.cache/pi-tmp/01a10f47-ae69-753b-a8de-d77bd690adfd/ask-user-full-e2e-retry-jxxdc2by/pi-web-e2e-IlNMZG/project?type=list 200 in 123ms (next.js: 102ms, proxy.ts: 4ms, application-code: 17ms)
 GET /api/sessions?projectKey=%2Fhome%2Fxupeng%2F.cache%2Fpi-tmp%2F01a10f47-ae69-753b-a8de-d77bd690adfd%2Fask-user-full-e2e-retry-jxxdc2by%2Fpi-web-e2e-IlNMZG%2Fproject 200 in 94ms (next.js: 29ms, proxy.ts: 46ms, application-code: 19ms)
 GET /api/project-trust?cwd=%2Fhome%2Fxupeng%2F.cache%2Fpi-tmp%2F01a10f47-ae69-753b-a8de-d77bd690adfd%2Fask-user-full-e2e-retry-jxxdc2by%2Fpi-web-e2e-IlNMZG%2Fproject 200 in 169ms (next.js: 137ms, proxy.ts: 23ms, application-code: 9ms)
 GET /api/file-index?cwd=%2Fhome%2Fxupeng%2F.cache%2Fpi-tmp%2F01a10f47-ae69-753b-a8de-d77bd690adfd%2Fask-user-full-e2e-retry-jxxdc2by%2Fpi-web-e2e-IlNMZG%2Fproject 200 in 189ms (next.js: 47ms, proxy.ts: 24ms, application-code: 118ms)
 GET /api/git/status?cwd=%2Fhome%2Fxupeng%2F.cache%2Fpi-tmp%2F01a10f47-ae69-753b-a8de-d77bd690adfd%2Fask-user-full-e2e-retry-jxxdc2by%2Fpi-web-e2e-IlNMZG%2Fproject 200 in 172ms (next.js: 145ms, proxy.ts: 12ms, application-code: 15ms)
 GET /api/sessions?projectKey=%2Fhome%2Fxupeng%2F.cache%2Fpi-tmp%2F01a10f47-ae69-753b-a8de-d77bd690adfd%2Fask-user-full-e2e-retry-jxxdc2by%2Fpi-web-e2e-IlNMZG%2Fproject 200 in 93ms (next.js: 8ms, proxy.ts: 79ms, application-code: 6ms)
 GET /api/files/home/xupeng/.cache/pi-tmp/01a10f47-ae69-753b-a8de-d77bd690adfd/ask-user-full-e2e-retry-jxxdc2by/pi-web-e2e-IlNMZG/project?type=list 200 in 220ms (next.js: 30ms, proxy.ts: 147ms, application-code: 43ms)
 GET /api/sessions/e2e-mcp-codemode?deferThinking=1&deferMedia=1&tree=summary&force=1 200 in 108ms (next.js: 74ms, proxy.ts: 18ms, application-code: 17ms)
 GET /api/models?cwd=%2Fhome%2Fxupeng%2F.cache%2Fpi-tmp%2F01a10f47-ae69-753b-a8de-d77bd690adfd%2Fask-user-full-e2e-retry-jxxdc2by%2Fpi-web-e2e-IlNMZG%2Fproject 200 in 107ms (next.js: 43ms, proxy.ts: 8ms, application-code: 55ms)
 GET /api/sessions/e2e-mcp-codemode?deferThinking=1&deferMedia=1&tree=summary&force=1 200 in 63ms (next.js: 3ms, proxy.ts: 56ms, application-code: 4ms)
 GET /api/sessions/e2e-mcp-codemode/state 200 in 22ms (next.js: 18ms, proxy.ts: 1.9ms, application-code: 2ms)
 GET /?session=e2e-extension-queues 200 in 38ms (next.js: 3ms, proxy.ts: 1.8ms, application-code: 34ms)
 GET /api/agent/e2e-mcp-codemode/events 200 in 1160ms (proxy.ts: 9ms)
 GET /api/projects 200 in 15ms (next.js: 6ms, proxy.ts: 6ms, application-code: 2ms)
 GET /api/open-in-explorer 200 in 17ms (next.js: 8ms, proxy.ts: 7ms, application-code: 2ms)
 GET /api/home 200 in 20ms (next.js: 11ms, proxy.ts: 7ms, application-code: 2ms)
 GET /api/open-in-explorer 200 in 26ms (next.js: 17ms, proxy.ts: 7ms, application-code: 1.7ms)
 GET /api/projects?force=1 200 in 32ms (next.js: 16ms, proxy.ts: 7ms, application-code: 9ms)
 GET /api/sessions?sessionId=e2e-extension-queues 200 in 34ms (next.js: 13ms, proxy.ts: 7ms, application-code: 14ms)
 GET /api/agent/running 200 in 13ms (next.js: 4ms, proxy.ts: 7ms, application-code: 1.8ms)
 GET /api/home 200 in 14ms (next.js: 5ms, proxy.ts: 8ms, application-code: 2ms)
 GET /api/worktrees?cwd=%2Fhome%2Fxupeng%2F.cache%2Fpi-tmp%2F01a10f47-ae69-753b-a8de-d77bd690adfd%2Fask-user-full-e2e-retry-jxxdc2by%2Fpi-web-e2e-IlNMZG%2Fproject 200 in 54ms (next.js: 15ms, proxy.ts: 6ms, application-code: 33ms)
 GET /api/sessions?projectKey=%2Fhome%2Fxupeng%2F.cache%2Fpi-tmp%2F01a10f47-ae69-753b-a8de-d77bd690adfd%2Fask-user-full-e2e-retry-jxxdc2by%2Fpi-web-e2e-IlNMZG%2Fproject 200 in 53ms (next.js: 32ms, proxy.ts: 7ms, application-code: 15ms)
 GET /api/git/status?cwd=%2Fhome%2Fxupeng%2F.cache%2Fpi-tmp%2F01a10f47-ae69-753b-a8de-d77bd690adfd%2Fask-user-full-e2e-retry-jxxdc2by%2Fpi-web-e2e-IlNMZG%2Fproject 200 in 54ms (next.js: 33ms, proxy.ts: 8ms, application-code: 13ms)
 GET /api/git/status?cwd=%2Fhome%2Fxupeng%2F.cache%2Fpi-tmp%2F01a10f47-ae69-753b-a8de-d77bd690adfd%2Fask-user-full-e2e-retry-jxxdc2by%2Fpi-web-e2e-IlNMZG%2Fproject 200 in 56ms (next.js: 23ms, proxy.ts: 7ms, application-code: 26ms)
 GET /api/files/home/xupeng/.cache/pi-tmp/01a10f47-ae69-753b-a8de-d77bd690adfd/ask-user-full-e2e-retry-jxxdc2by/pi-web-e2e-IlNMZG/project?type=list 200 in 90ms (next.js: 59ms, proxy.ts: 6ms, application-code: 25ms)
 GET /api/files/home/xupeng/.cache/pi-tmp/01a10f47-ae69-753b-a8de-d77bd690adfd/ask-user-full-e2e-retry-jxxdc2by/pi-web-e2e-IlNMZG/project?type=list 200 in 91ms (next.js: 67ms, proxy.ts: 8ms, application-code: 16ms)
 GET /api/file-index?cwd=%2Fhome%2Fxupeng%2F.cache%2Fpi-tmp%2F01a10f47-ae69-753b-a8de-d77bd690adfd%2Fask-user-full-e2e-retry-jxxdc2by%2Fpi-web-e2e-IlNMZG%2Fproject 200 in 30ms (next.js: 10ms, proxy.ts: 18ms, application-code: 1.9ms)
 GET /api/project-trust?cwd=%2Fhome%2Fxupeng%2F.cache%2Fpi-tmp%2F01a10f47-ae69-753b-a8de-d77bd690adfd%2Fask-user-full-e2e-retry-jxxdc2by%2Fpi-web-e2e-IlNMZG%2Fproject 200 in 24ms (next.js: 13ms, proxy.ts: 7ms, application-code: 3ms)
 GET /api/sessions?projectKey=%2Fhome%2Fxupeng%2F.cache%2Fpi-tmp%2F01a10f47-ae69-753b-a8de-d77bd690adfd%2Fask-user-full-e2e-retry-jxxdc2by%2Fpi-web-e2e-IlNMZG%2Fproject 200 in 30ms (next.js: 16ms, proxy.ts: 8ms, application-code: 6ms)
 GET /api/models?cwd=%2Fhome%2Fxupeng%2F.cache%2Fpi-tmp%2F01a10f47-ae69-753b-a8de-d77bd690adfd%2Fask-user-full-e2e-retry-jxxdc2by%2Fpi-web-e2e-IlNMZG%2Fproject 200 in 24ms (next.js: 4ms, proxy.ts: 17ms, application-code: 3ms)
 GET /api/sessions/e2e-extension-queues?deferThinking=1&deferMedia=1&tree=summary&force=1 200 in 47ms (next.js: 28ms, proxy.ts: 10ms, application-code: 9ms)
 GET /api/sessions/e2e-extension-queues?deferThinking=1&deferMedia=1&tree=summary&force=1 200 in 44ms (next.js: 24ms, proxy.ts: 17ms, application-code: 4ms)
 GET /api/agent/running 200 in 5ms (next.js: 1.4ms, proxy.ts: 1.8ms, application-code: 1.9ms)
 GET /api/agent/running 200 in 5ms (next.js: 1.3ms, proxy.ts: 1.7ms, application-code: 2ms)
 GET /?session=e2e-mcp-codemode 200 in 33ms (next.js: 3ms, proxy.ts: 1.9ms, application-code: 28ms)
 GET /api/projects 200 in 13ms (next.js: 7ms, proxy.ts: 5ms, application-code: 1.9ms)
 GET /api/open-in-explorer 200 in 19ms (next.js: 10ms, proxy.ts: 6ms, application-code: 2ms)
 GET /api/agent/running 200 in 21ms (next.js: 12ms, proxy.ts: 7ms, application-code: 2ms)
 GET /api/home 200 in 25ms (next.js: 14ms, proxy.ts: 10ms, application-code: 1.8ms)
 GET /api/sessions?sessionId=e2e-mcp-codemode 200 in 36ms (next.js: 16ms, proxy.ts: 9ms, application-code: 11ms)
 GET /api/agent/running 200 in 22ms (next.js: 10ms, proxy.ts: 11ms, application-code: 1.9ms)
 GET /api/projects?force=1 200 in 37ms (next.js: 11ms, proxy.ts: 14ms, application-code: 12ms)
 GET /api/open-in-explorer 200 in 20ms (next.js: 10ms, proxy.ts: 8ms, application-code: 1.8ms)
 GET /api/home 200 in 21ms (next.js: 9ms, proxy.ts: 10ms, application-code: 2.0ms)
 GET /api/worktrees?cwd=%2Fhome%2Fxupeng%2F.cache%2Fpi-tmp%2F01a10f47-ae69-753b-a8de-d77bd690adfd%2Fask-user-full-e2e-retry-jxxdc2by%2Fpi-web-e2e-IlNMZG%2Fproject 200 in 21ms (next.js: 5ms, proxy.ts: 4ms, application-code: 12ms)
 GET /api/git/status?cwd=%2Fhome%2Fxupeng%2F.cache%2Fpi-tmp%2F01a10f47-ae69-753b-a8de-d77bd690adfd%2Fask-user-full-e2e-retry-jxxdc2by%2Fpi-web-e2e-IlNMZG%2Fproject 200 in 52ms (next.js: 14ms, proxy.ts: 5ms, application-code: 32ms)
 GET /api/sessions?projectKey=%2Fhome%2Fxupeng%2F.cache%2Fpi-tmp%2F01a10f47-ae69-753b-a8de-d77bd690adfd%2Fask-user-full-e2e-retry-jxxdc2by%2Fpi-web-e2e-IlNMZG%2Fproject 200 in 49ms (next.js: 13ms, proxy.ts: 14ms, application-code: 23ms)
 GET /api/files/home/xupeng/.cache/pi-tmp/01a10f47-ae69-753b-a8de-d77bd690adfd/ask-user-full-e2e-retry-jxxdc2by/pi-web-e2e-IlNMZG/project?type=list 200 in 59ms (next.js: 37ms, proxy.ts: 5ms, application-code: 18ms)
 GET /api/app-update 200 in 63ms (next.js: 32ms, proxy.ts: 8ms, application-code: 22ms)
 GET /api/file-index?cwd=%2Fhome%2Fxupeng%2F.cache%2Fpi-tmp%2F01a10f47-ae69-753b-a8de-d77bd690adfd%2Fask-user-full-e2e-retry-jxxdc2by%2Fpi-web-e2e-IlNMZG%2Fproject 200 in 63ms (next.js: 54ms, proxy.ts: 7ms, application-code: 1.9ms)
 GET /api/project-trust?cwd=%2Fhome%2Fxupeng%2F.cache%2Fpi-tmp%2F01a10f47-ae69-753b-a8de-d77bd690adfd%2Fask-user-full-e2e-retry-jxxdc2by%2Fpi-web-e2e-IlNMZG%2Fproject 200 in 67ms (next.js: 56ms, proxy.ts: 7ms, application-code: 3ms)
 GET /api/models?cwd=%2Fhome%2Fxupeng%2F.cache%2Fpi-tmp%2F01a10f47-ae69-753b-a8de-d77bd690adfd%2Fask-user-full-e2e-retry-jxxdc2by%2Fpi-web-e2e-IlNMZG%2Fproject 200 in 73ms (next.js: 36ms, proxy.ts: 8ms, application-code: 29ms)
 GET /api/git/status?cwd=%2Fhome%2Fxupeng%2F.cache%2Fpi-tmp%2F01a10f47-ae69-753b-a8de-d77bd690adfd%2Fask-user-full-e2e-retry-jxxdc2by%2Fpi-web-e2e-IlNMZG%2Fproject 200 in 88ms (next.js: 61ms, proxy.ts: 8ms, application-code: 20ms)
 GET /api/files/home/xupeng/.cache/pi-tmp/01a10f47-ae69-753b-a8de-d77bd690adfd/ask-user-full-e2e-retry-jxxdc2by/pi-web-e2e-IlNMZG/project?type=list 200 in 116ms (next.js: 42ms, proxy.ts: 54ms, application-code: 20ms)
 GET /api/models?cwd=%2Fhome%2Fxupeng%2F.cache%2Fpi-tmp%2F01a10f47-ae69-753b-a8de-d77bd690adfd%2Fask-user-full-e2e-retry-jxxdc2by%2Fpi-web-e2e-IlNMZG%2Fproject 200 in 39ms (next.js: 23ms, proxy.ts: 11ms, application-code: 5ms)
 GET /api/app-update 200 in 41ms (next.js: 27ms, proxy.ts: 11ms, application-code: 3ms)
 GET /api/sessions?projectKey=%2Fhome%2Fxupeng%2F.cache%2Fpi-tmp%2F01a10f47-ae69-753b-a8de-d77bd690adfd%2Fask-user-full-e2e-retry-jxxdc2by%2Fpi-web-e2e-IlNMZG%2Fproject 200 in 78ms (next.js: 30ms, proxy.ts: 10ms, application-code: 37ms)
 GET /api/sessions/e2e-mcp-codemode?deferThinking=1&deferMedia=1&tree=summary&force=1 200 in 96ms (next.js: 78ms, proxy.ts: 11ms, application-code: 8ms)
 GET /api/models?cwd=%2Fhome%2Fxupeng%2F.cache%2Fpi-tmp%2F01a10f47-ae69-753b-a8de-d77bd690adfd%2Fask-user-full-e2e-retry-jxxdc2by%2Fpi-web-e2e-IlNMZG%2Fproject 200 in 27ms (next.js: 5ms, proxy.ts: 17ms, application-code: 5ms)
[pi-web] session_start dispatched to extensions for session e2e-mcp-codemode
 GET /api/sessions/e2e-mcp-codemode?deferThinking=1&deferMedia=1&tree=summary&force=1 200 in 70ms (next.js: 53ms, proxy.ts: 8ms, application-code: 9ms)
 GET /api/sessions/e2e-mcp-codemode/state 200 in 16ms (next.js: 11ms, proxy.ts: 1.8ms, application-code: 3ms)
 POST /api/agent/e2e-mcp-codemode 200 in 17ms (next.js: 10ms, proxy.ts: 3ms, application-code: 4ms)
 GET /api/git/status?cwd=%2Fhome%2Fxupeng%2F.cache%2Fpi-tmp%2F01a10f47-ae69-753b-a8de-d77bd690adfd%2Fask-user-full-e2e-retry-jxxdc2by%2Fpi-web-e2e-IlNMZG%2Fproject 200 in 22ms (next.js: 3ms, proxy.ts: 4ms, application-code: 15ms)
 GET /api/files/home/xupeng/.cache/pi-tmp/01a10f47-ae69-753b-a8de-d77bd690adfd/ask-user-full-e2e-retry-jxxdc2by/pi-web-e2e-IlNMZG/project?type=list 200 in 37ms (next.js: 20ms, proxy.ts: 4ms, application-code: 13ms)
 GET /api/sessions/e2e-mcp-codemode 200 in 9ms (next.js: 3ms, proxy.ts: 2ms, application-code: 4ms)
 GET /api/sessions/e2e-mcp-codemode 200 in 9ms (next.js: 3ms, proxy.ts: 2ms, application-code: 4ms)
 GET /?session=e2e-mcp-codemode 200 in 59ms (next.js: 5ms, proxy.ts: 3ms, application-code: 51ms)
 GET /api/agent/e2e-mcp-codemode/events 200 in 827ms (next.js: 19ms, proxy.ts: 17ms, application-code: 790ms)
 GET /api/projects 200 in 22ms (next.js: 12ms, proxy.ts: 9ms, application-code: 1.8ms)
 GET /api/open-in-explorer 200 in 26ms (next.js: 12ms, proxy.ts: 13ms, application-code: 1.8ms)
 GET /api/home 200 in 29ms (next.js: 13ms, proxy.ts: 14ms, application-code: 3ms)
 GET /api/open-in-explorer 200 in 36ms (next.js: 19ms, proxy.ts: 14ms, application-code: 2ms)
 GET /api/sessions?sessionId=e2e-mcp-codemode 200 in 47ms (next.js: 16ms, proxy.ts: 13ms, application-code: 18ms)
 GET /api/projects?force=1 200 in 51ms (next.js: 17ms, proxy.ts: 15ms, application-code: 19ms)
 GET /api/agent/running 200 in 16ms (next.js: 5ms, proxy.ts: 9ms, application-code: 1.8ms)
 GET /api/home 200 in 17ms (next.js: 7ms, proxy.ts: 8ms, application-code: 1.9ms)
 GET /api/worktrees?cwd=%2Fhome%2Fxupeng%2F.cache%2Fpi-tmp%2F01a10f47-ae69-753b-a8de-d77bd690adfd%2Fask-user-full-e2e-retry-jxxdc2by%2Fpi-web-e2e-IlNMZG%2Fproject 200 in 59ms (next.js: 10ms, proxy.ts: 7ms, application-code: 42ms)
 GET /api/sessions?projectKey=%2Fhome%2Fxupeng%2F.cache%2Fpi-tmp%2F01a10f47-ae69-753b-a8de-d77bd690adfd%2Fask-user-full-e2e-retry-jxxdc2by%2Fpi-web-e2e-IlNMZG%2Fproject 200 in 59ms (next.js: 30ms, proxy.ts: 9ms, application-code: 20ms)
 GET /api/git/status?cwd=%2Fhome%2Fxupeng%2F.cache%2Fpi-tmp%2F01a10f47-ae69-753b-a8de-d77bd690adfd%2Fask-user-full-e2e-retry-jxxdc2by%2Fpi-web-e2e-IlNMZG%2Fproject 200 in 59ms (next.js: 34ms, proxy.ts: 10ms, application-code: 16ms)
 GET /api/git/status?cwd=%2Fhome%2Fxupeng%2F.cache%2Fpi-tmp%2F01a10f47-ae69-753b-a8de-d77bd690adfd%2Fask-user-full-e2e-retry-jxxdc2by%2Fpi-web-e2e-IlNMZG%2Fproject 200 in 62ms (next.js: 19ms, proxy.ts: 8ms, application-code: 34ms)
 GET /api/files/home/xupeng/.cache/pi-tmp/01a10f47-ae69-753b-a8de-d77bd690adfd/ask-user-full-e2e-retry-jxxdc2by/pi-web-e2e-IlNMZG/project?type=list 200 in 106ms (next.js: 68ms, proxy.ts: 8ms, application-code: 30ms)
 GET /api/files/home/xupeng/.cache/pi-tmp/01a10f47-ae69-753b-a8de-d77bd690adfd/ask-user-full-e2e-retry-jxxdc2by/pi-web-e2e-IlNMZG/project?type=list 200 in 107ms (next.js: 80ms, proxy.ts: 9ms, application-code: 18ms)
 GET /api/project-trust?cwd=%2Fhome%2Fxupeng%2F.cache%2Fpi-tmp%2F01a10f47-ae69-753b-a8de-d77bd690adfd%2Fask-user-full-e2e-retry-jxxdc2by%2Fpi-web-e2e-IlNMZG%2Fproject 200 in 53ms (next.js: 27ms, proxy.ts: 23ms, application-code: 4ms)
 GET /api/file-index?cwd=%2Fhome%2Fxupeng%2F.cache%2Fpi-tmp%2F01a10f47-ae69-753b-a8de-d77bd690adfd%2Fask-user-full-e2e-retry-jxxdc2by%2Fpi-web-e2e-IlNMZG%2Fproject 200 in 62ms (next.js: 10ms, proxy.ts: 22ms, application-code: 30ms)
 GET /api/sessions?projectKey=%2Fhome%2Fxupeng%2F.cache%2Fpi-tmp%2F01a10f47-ae69-753b-a8de-d77bd690adfd%2Fask-user-full-e2e-retry-jxxdc2by%2Fpi-web-e2e-IlNMZG%2Fproject 200 in 48ms (next.js: 30ms, proxy.ts: 11ms, application-code: 7ms)
 GET /api/models?cwd=%2Fhome%2Fxupeng%2F.cache%2Fpi-tmp%2F01a10f47-ae69-753b-a8de-d77bd690adfd%2Fask-user-full-e2e-retry-jxxdc2by%2Fpi-web-e2e-IlNMZG%2Fproject 200 in 30ms (next.js: 6ms, proxy.ts: 11ms, application-code: 13ms)
 GET /api/sessions/e2e-mcp-codemode?deferThinking=1&deferMedia=1&tree=summary&force=1 200 in 72ms (next.js: 38ms, proxy.ts: 29ms, application-code: 5ms)
 GET /api/sessions/e2e-mcp-codemode?deferThinking=1&deferMedia=1&tree=summary&force=1 200 in 74ms (next.js: 37ms, proxy.ts: 33ms, application-code: 4ms)
 GET /api/sessions/e2e-mcp-codemode/state 200 in 17ms (next.js: 12ms, proxy.ts: 1.9ms, application-code: 3ms)
 POST /api/agent/e2e-mcp-codemode 200 in 17ms (next.js: 11ms, proxy.ts: 3ms, application-code: 4ms)
 GET /api/sessions/e2e-mcp-codemode 200 in 9ms (next.js: 3ms, proxy.ts: 2ms, application-code: 4ms)
 POST /api/agent/e2e-mcp-codemode 200 in 12ms (next.js: 3ms, proxy.ts: 3ms, application-code: 6ms)
 GET /api/sessions/e2e-mcp-codemode?deferThinking=1&deferMedia=1&tree=summary 200 in 11ms (next.js: 3ms, proxy.ts: 3ms, application-code: 5ms)
 GET /api/sessions/e2e-mcp-codemode 200 in 10ms (next.js: 3ms, proxy.ts: 2ms, application-code: 5ms)
 POST /api/agent/e2e-mcp-codemode 200 in 14ms (next.js: 4ms, proxy.ts: 5ms, application-code: 5ms)
 GET /?session=e2e-long-session 200 in 41ms (next.js: 4ms, proxy.ts: 2ms, application-code: 36ms)
 GET /api/agent/e2e-mcp-codemode/events 200 in 716ms (next.js: 44ms, proxy.ts: 5ms, application-code: 666ms)
 GET /api/projects 200 in 23ms (next.js: 11ms, proxy.ts: 9ms, application-code: 3ms)
 GET /api/open-in-explorer 200 in 27ms (next.js: 15ms, proxy.ts: 9ms, application-code: 3ms)
 GET /api/agent/running 200 in 34ms (next.js: 20ms, proxy.ts: 11ms, application-code: 3ms)
 GET /api/home 200 in 37ms (next.js: 22ms, proxy.ts: 12ms, application-code: 3ms)
 GET /api/projects?force=1 200 in 59ms (next.js: 20ms, proxy.ts: 20ms, application-code: 19ms)
 GET /api/agent/running 200 in 43ms (next.js: 23ms, proxy.ts: 18ms, application-code: 3ms)
 GET /api/open-in-explorer 200 in 52ms (next.js: 32ms, proxy.ts: 16ms, application-code: 4ms)
 GET /api/home 200 in 62ms (next.js: 32ms, proxy.ts: 28ms, application-code: 3ms)
 GET /api/worktrees?cwd=%2Fhome%2Fxupeng%2F.cache%2Fpi-tmp%2F01a10f47-ae69-753b-a8de-d77bd690adfd%2Fask-user-full-e2e-retry-jxxdc2by%2Fpi-web-e2e-IlNMZG%2Fproject 200 in 90ms (next.js: 30ms, proxy.ts: 25ms, application-code: 35ms)
 GET /api/sessions?sessionId=e2e-long-session 200 in 171ms (next.js: 17ms, proxy.ts: 19ms, application-code: 135ms)
 GET /api/git/status?cwd=%2Fhome%2Fxupeng%2F.cache%2Fpi-tmp%2F01a10f47-ae69-753b-a8de-d77bd690adfd%2Fask-user-full-e2e-retry-jxxdc2by%2Fpi-web-e2e-IlNMZG%2Fproject 200 in 87ms (next.js: 32ms, proxy.ts: 35ms, application-code: 20ms)
 GET /api/sessions?projectKey=%2Fhome%2Fxupeng%2F.cache%2Fpi-tmp%2F01a10f47-ae69-753b-a8de-d77bd690adfd%2Fask-user-full-e2e-retry-jxxdc2by%2Fpi-web-e2e-IlNMZG%2Fproject 200 in 95ms (next.js: 15ms, proxy.ts: 44ms, application-code: 36ms)
 GET /api/files/home/xupeng/.cache/pi-tmp/01a10f47-ae69-753b-a8de-d77bd690adfd/ask-user-full-e2e-retry-jxxdc2by/pi-web-e2e-IlNMZG/project?type=list 200 in 139ms (next.js: 81ms, proxy.ts: 35ms, application-code: 23ms)
 GET /api/file-index?cwd=%2Fhome%2Fxupeng%2F.cache%2Fpi-tmp%2F01a10f47-ae69-753b-a8de-d77bd690adfd%2Fask-user-full-e2e-retry-jxxdc2by%2Fpi-web-e2e-IlNMZG%2Fproject 200 in 62ms (next.js: 15ms, proxy.ts: 44ms, application-code: 3ms)
 GET /api/project-trust?cwd=%2Fhome%2Fxupeng%2F.cache%2Fpi-tmp%2F01a10f47-ae69-753b-a8de-d77bd690adfd%2Fask-user-full-e2e-retry-jxxdc2by%2Fpi-web-e2e-IlNMZG%2Fproject 200 in 38ms (next.js: 19ms, proxy.ts: 13ms, application-code: 6ms)
 GET /api/git/status?cwd=%2Fhome%2Fxupeng%2F.cache%2Fpi-tmp%2F01a10f47-ae69-753b-a8de-d77bd690adfd%2Fask-user-full-e2e-retry-jxxdc2by%2Fpi-web-e2e-IlNMZG%2Fproject 200 in 63ms (next.js: 25ms, proxy.ts: 11ms, application-code: 27ms)
 GET /api/sessions?projectKey=%2Fhome%2Fxupeng%2F.cache%2Fpi-tmp%2F01a10f47-ae69-753b-a8de-d77bd690adfd%2Fask-user-full-e2e-retry-jxxdc2by%2Fpi-web-e2e-IlNMZG%2Fproject 200 in 89ms (next.js: 34ms, proxy.ts: 24ms, application-code: 31ms)
 GET /api/models?cwd=%2Fhome%2Fxupeng%2F.cache%2Fpi-tmp%2F01a10f47-ae69-753b-a8de-d77bd690adfd%2Fask-user-full-e2e-retry-jxxdc2by%2Fpi-web-e2e-IlNMZG%2Fproject 200 in 46ms (next.js: 6ms, proxy.ts: 37ms, application-code: 3ms)
 GET /api/files/home/xupeng/.cache/pi-tmp/01a10f47-ae69-753b-a8de-d77bd690adfd/ask-user-full-e2e-retry-jxxdc2by/pi-web-e2e-IlNMZG/project?type=list 200 in 123ms (next.js: 45ms, proxy.ts: 30ms, application-code: 48ms)
 GET /api/sessions/e2e-long-session?deferThinking=1&deferMedia=1&tree=summary&force=1 200 in 123ms (next.js: 32ms, proxy.ts: 42ms, application-code: 49ms)
[pi-web] session_start dispatched to extensions for session e2e-long-session
 GET /api/sessions/e2e-long-session?deferThinking=1&deferMedia=1&tree=summary&force=1 200 in 106ms (next.js: 27ms, proxy.ts: 43ms, application-code: 36ms)
 GET /api/git/status?cwd=%2Fhome%2Fxupeng%2F.cache%2Fpi-tmp%2F01a10f47-ae69-753b-a8de-d77bd690adfd%2Fask-user-full-e2e-retry-jxxdc2by%2Fpi-web-e2e-IlNMZG%2Fproject 200 in 48ms (next.js: 25ms, proxy.ts: 6ms, application-code: 16ms)
 GET /api/files/home/xupeng/.cache/pi-tmp/01a10f47-ae69-753b-a8de-d77bd690adfd/ask-user-full-e2e-retry-jxxdc2by/pi-web-e2e-IlNMZG/project?type=list 200 in 67ms (next.js: 45ms, proxy.ts: 6ms, application-code: 16ms)
 GET /api/sessions/e2e-long-session/state 200 in 13ms (next.js: 4ms, proxy.ts: 5ms, application-code: 5ms)
 POST /api/agent/e2e-long-session 200 in 19ms (next.js: 11ms, proxy.ts: 3ms, application-code: 4ms)
 GET /api/sessions/e2e-long-session/context?deferThinking=1&deferMedia=1&leafId=945ba5e1&before=e4950 200 in 20ms (next.js: 11ms, proxy.ts: 1.9ms, application-code: 7ms)
 GET /api/sessions/e2e-long-session/context?deferThinking=1&deferMedia=1&leafId=945ba5e1&before=e4900 200 in 11ms (next.js: 3ms, proxy.ts: 2ms, application-code: 6ms)
 GET /api/sessions/e2e-long-session/context?deferThinking=1&deferMedia=1&leafId=945ba5e1&before=e4850 200 in 8ms (next.js: 2ms, proxy.ts: 1.8ms, application-code: 4ms)
 GET /api/sessions/e2e-long-session/context?deferThinking=1&deferMedia=1&leafId=945ba5e1&before=e4800 200 in 12ms (next.js: 3ms, proxy.ts: 2ms, application-code: 6ms)
 GET /api/agent/running 200 in 11ms (next.js: 4ms, proxy.ts: 4ms, application-code: 3ms)
 GET /?session=e2e-typography-session 200 in 48ms (next.js: 7ms, proxy.ts: 4ms, application-code: 37ms)
 GET /api/agent/e2e-long-session/events 200 in 2.5s (next.js: 61ms, proxy.ts: 34ms, application-code: 2.4s)
 GET /api/projects 200 in 14ms (next.js: 7ms, proxy.ts: 5ms, application-code: 2ms)
 GET /api/open-in-explorer 200 in 20ms (next.js: 11ms, proxy.ts: 7ms, application-code: 2ms)
 GET /api/agent/running 200 in 23ms (next.js: 13ms, proxy.ts: 8ms, application-code: 2ms)
 GET /api/home 200 in 28ms (next.js: 14ms, proxy.ts: 11ms, application-code: 3ms)
 GET /api/sessions?sessionId=e2e-typography-session 200 in 40ms (next.js: 14ms, proxy.ts: 14ms, application-code: 12ms)
 GET /api/agent/running 200 in 24ms (next.js: 7ms, proxy.ts: 15ms, application-code: 1.7ms)
 GET /api/open-in-explorer 200 in 26ms (next.js: 9ms, proxy.ts: 15ms, application-code: 1.6ms)
 GET /api/home 200 in 18ms (next.js: 3ms, proxy.ts: 12ms, application-code: 2ms)
 GET /api/projects?force=1 200 in 72ms (next.js: 10ms, proxy.ts: 14ms, application-code: 48ms)
 GET /api/worktrees?cwd=%2Fhome%2Fxupeng%2F.cache%2Fpi-tmp%2F01a10f47-ae69-753b-a8de-d77bd690adfd%2Fask-user-full-e2e-retry-jxxdc2by%2Fpi-web-e2e-IlNMZG%2Fproject 200 in 46ms (next.js: 10ms, proxy.ts: 10ms, application-code: 26ms)
 GET /api/sessions?projectKey=%2Fhome%2Fxupeng%2F.cache%2Fpi-tmp%2F01a10f47-ae69-753b-a8de-d77bd690adfd%2Fask-user-full-e2e-retry-jxxdc2by%2Fpi-web-e2e-IlNMZG%2Fproject 200 in 43ms (next.js: 25ms, proxy.ts: 11ms, application-code: 8ms)
 GET /api/git/status?cwd=%2Fhome%2Fxupeng%2F.cache%2Fpi-tmp%2F01a10f47-ae69-753b-a8de-d77bd690adfd%2Fask-user-full-e2e-retry-jxxdc2by%2Fpi-web-e2e-IlNMZG%2Fproject 200 in 45ms (next.js: 16ms, proxy.ts: 10ms, application-code: 18ms)
 GET /api/files/home/xupeng/.cache/pi-tmp/01a10f47-ae69-753b-a8de-d77bd690adfd/ask-user-full-e2e-retry-jxxdc2by/pi-web-e2e-IlNMZG/project?type=list 200 in 71ms (next.js: 46ms, proxy.ts: 10ms, application-code: 15ms)
 GET /api/app-update 200 in 31ms (next.js: 7ms, proxy.ts: 23ms, application-code: 1.9ms)
 GET /api/models?cwd=%2Fhome%2Fxupeng%2F.cache%2Fpi-tmp%2F01a10f47-ae69-753b-a8de-d77bd690adfd%2Fask-user-full-e2e-retry-jxxdc2by%2Fpi-web-e2e-IlNMZG%2Fproject 200 in 38ms (next.js: 9ms, proxy.ts: 23ms, application-code: 6ms)
 GET /api/file-index?cwd=%2Fhome%2Fxupeng%2F.cache%2Fpi-tmp%2F01a10f47-ae69-753b-a8de-d77bd690adfd%2Fask-user-full-e2e-retry-jxxdc2by%2Fpi-web-e2e-IlNMZG%2Fproject 200 in 23ms (next.js: 13ms, proxy.ts: 7ms, application-code: 2ms)
 GET /api/project-trust?cwd=%2Fhome%2Fxupeng%2F.cache%2Fpi-tmp%2F01a10f47-ae69-753b-a8de-d77bd690adfd%2Fask-user-full-e2e-retry-jxxdc2by%2Fpi-web-e2e-IlNMZG%2Fproject 200 in 27ms (next.js: 16ms, proxy.ts: 7ms, application-code: 3ms)
 GET /api/git/status?cwd=%2Fhome%2Fxupeng%2F.cache%2Fpi-tmp%2F01a10f47-ae69-753b-a8de-d77bd690adfd%2Fask-user-full-e2e-retry-jxxdc2by%2Fpi-web-e2e-IlNMZG%2Fproject 200 in 42ms (next.js: 17ms, proxy.ts: 12ms, application-code: 13ms)
 GET /api/app-update 200 in 30ms (next.js: 5ms, proxy.ts: 23ms, application-code: 1.6ms)
 GET /api/models?cwd=%2Fhome%2Fxupeng%2F.cache%2Fpi-tmp%2F01a10f47-ae69-753b-a8de-d77bd690adfd%2Fask-user-full-e2e-retry-jxxdc2by%2Fpi-web-e2e-IlNMZG%2Fproject 200 in 22ms (next.js: 6ms, proxy.ts: 14ms, application-code: 2ms)
 GET /api/files/home/xupeng/.cache/pi-tmp/01a10f47-ae69-753b-a8de-d77bd690adfd/ask-user-full-e2e-retry-jxxdc2by/pi-web-e2e-IlNMZG/project?type=list 200 in 54ms (next.js: 24ms, proxy.ts: 16ms, application-code: 14ms)
 GET /api/sessions?projectKey=%2Fhome%2Fxupeng%2F.cache%2Fpi-tmp%2F01a10f47-ae69-753b-a8de-d77bd690adfd%2Fask-user-full-e2e-retry-jxxdc2by%2Fpi-web-e2e-IlNMZG%2Fproject 200 in 17ms (next.js: 3ms, proxy.ts: 5ms, application-code: 9ms)
 GET /api/models?cwd=%2Fhome%2Fxupeng%2F.cache%2Fpi-tmp%2F01a10f47-ae69-753b-a8de-d77bd690adfd%2Fask-user-full-e2e-retry-jxxdc2by%2Fpi-web-e2e-IlNMZG%2Fproject 200 in 17ms (next.js: 8ms, proxy.ts: 5ms, application-code: 4ms)
 GET /api/sessions/e2e-typography-session?deferThinking=1&deferMedia=1&tree=summary&force=1 200 in 32ms (next.js: 22ms, proxy.ts: 5ms, application-code: 5ms)
 GET /api/models?cwd=%2Fhome%2Fxupeng%2F.cache%2Fpi-tmp%2F01a10f47-ae69-753b-a8de-d77bd690adfd%2Fask-user-full-e2e-retry-jxxdc2by%2Fpi-web-e2e-IlNMZG%2Fproject 200 in 9ms (next.js: 2ms, proxy.ts: 4ms, application-code: 3ms)
 GET /api/sessions/e2e-typography-session?deferThinking=1&deferMedia=1&tree=summary&force=1 200 in 11ms (next.js: 4ms, proxy.ts: 4ms, application-code: 3ms)
[pi-web] session_start dispatched to extensions for session e2e-typography-session
 GET /api/sessions/e2e-typography-session/state 200 in 39ms (next.js: 13ms, proxy.ts: 22ms, application-code: 4ms)
 POST /api/agent/e2e-typography-session 200 in 16ms (next.js: 10ms, proxy.ts: 2ms, application-code: 3ms)
 GET /api/git/status?cwd=%2Fhome%2Fxupeng%2F.cache%2Fpi-tmp%2F01a10f47-ae69-753b-a8de-d77bd690adfd%2Fask-user-full-e2e-retry-jxxdc2by%2Fpi-web-e2e-IlNMZG%2Fproject 200 in 16ms (next.js: 2ms, proxy.ts: 4ms, application-code: 11ms)
 GET /api/files/home/xupeng/.cache/pi-tmp/01a10f47-ae69-753b-a8de-d77bd690adfd/ask-user-full-e2e-retry-jxxdc2by/pi-web-e2e-IlNMZG/project?type=list 200 in 29ms (next.js: 15ms, proxy.ts: 3ms, application-code: 11ms)
 GET /api/agent/running 200 in 6ms (next.js: 1.6ms, proxy.ts: 1.9ms, application-code: 2ms)
 GET /?session=e2e-branch-session 200 in 30ms (next.js: 2ms, proxy.ts: 1.8ms, application-code: 26ms)
 GET /api/agent/e2e-typography-session/events 200 in 2.6s (next.js: 16ms, proxy.ts: 17ms, application-code: 2.6s)
 GET /api/projects 200 in 11ms (next.js: 6ms, proxy.ts: 4ms, application-code: 1.7ms)
 GET /api/open-in-explorer 200 in 15ms (next.js: 9ms, proxy.ts: 5ms, application-code: 1.6ms)
 GET /api/agent/running 200 in 18ms (next.js: 11ms, proxy.ts: 5ms, application-code: 1.6ms)
 GET /api/home 200 in 23ms (next.js: 13ms, proxy.ts: 8ms, application-code: 2.0ms)
 GET /api/agent/running 200 in 23ms (next.js: 7ms, proxy.ts: 14ms, application-code: 1.9ms)
 GET /api/sessions?sessionId=e2e-branch-session 200 in 39ms (next.js: 13ms, proxy.ts: 12ms, application-code: 15ms)
 GET /api/open-in-explorer 200 in 22ms (next.js: 9ms, proxy.ts: 12ms, application-code: 1.6ms)
 GET /api/projects?force=1 200 in 40ms (next.js: 14ms, proxy.ts: 12ms, application-code: 15ms)
 GET /api/home 200 in 16ms (next.js: 5ms, proxy.ts: 9ms, application-code: 2.0ms)
 GET /api/worktrees?cwd=%2Fhome%2Fxupeng%2F.cache%2Fpi-tmp%2F01a10f47-ae69-753b-a8de-d77bd690adfd%2Fask-user-full-e2e-retry-jxxdc2by%2Fpi-web-e2e-IlNMZG%2Fproject 200 in 29ms (next.js: 5ms, proxy.ts: 4ms, application-code: 21ms)
 GET /api/git/status?cwd=%2Fhome%2Fxupeng%2F.cache%2Fpi-tmp%2F01a10f47-ae69-753b-a8de-d77bd690adfd%2Fask-user-full-e2e-retry-jxxdc2by%2Fpi-web-e2e-IlNMZG%2Fproject 200 in 52ms (next.js: 13ms, proxy.ts: 5ms, application-code: 35ms)
 GET /api/sessions?projectKey=%2Fhome%2Fxupeng%2F.cache%2Fpi-tmp%2F01a10f47-ae69-753b-a8de-d77bd690adfd%2Fask-user-full-e2e-retry-jxxdc2by%2Fpi-web-e2e-IlNMZG%2Fproject 200 in 52ms (next.js: 13ms, proxy.ts: 12ms, application-code: 26ms)
 GET /api/files/home/xupeng/.cache/pi-tmp/01a10f47-ae69-753b-a8de-d77bd690adfd/ask-user-full-e2e-retry-jxxdc2by/pi-web-e2e-IlNMZG/project?type=list 200 in 59ms (next.js: 39ms, proxy.ts: 4ms, application-code: 16ms)
 GET /api/app-update 200 in 16ms (next.js: 6ms, proxy.ts: 7ms, application-code: 1.9ms)
 GET /api/models?cwd=%2Fhome%2Fxupeng%2F.cache%2Fpi-tmp%2F01a10f47-ae69-753b-a8de-d77bd690adfd%2Fask-user-full-e2e-retry-jxxdc2by%2Fpi-web-e2e-IlNMZG%2Fproject 200 in 20ms (next.js: 9ms, proxy.ts: 7ms, application-code: 4ms)
 GET /api/file-index?cwd=%2Fhome%2Fxupeng%2F.cache%2Fpi-tmp%2F01a10f47-ae69-753b-a8de-d77bd690adfd%2Fask-user-full-e2e-retry-jxxdc2by%2Fpi-web-e2e-IlNMZG%2Fproject 200 in 20ms (next.js: 12ms, proxy.ts: 6ms, application-code: 2ms)
 GET /api/project-trust?cwd=%2Fhome%2Fxupeng%2F.cache%2Fpi-tmp%2F01a10f47-ae69-753b-a8de-d77bd690adfd%2Fask-user-full-e2e-retry-jxxdc2by%2Fpi-web-e2e-IlNMZG%2Fproject 200 in 43ms (next.js: 32ms, proxy.ts: 6ms, application-code: 5ms)
 GET /api/git/status?cwd=%2Fhome%2Fxupeng%2F.cache%2Fpi-tmp%2F01a10f47-ae69-753b-a8de-d77bd690adfd%2Fask-user-full-e2e-retry-jxxdc2by%2Fpi-web-e2e-IlNMZG%2Fproject 200 in 66ms (next.js: 33ms, proxy.ts: 11ms, application-code: 22ms)
 GET /api/app-update 200 in 53ms (next.js: 24ms, proxy.ts: 26ms, application-code: 3ms)
 GET /api/files/home/xupeng/.cache/pi-tmp/01a10f47-ae69-753b-a8de-d77bd690adfd/ask-user-full-e2e-retry-jxxdc2by/pi-web-e2e-IlNMZG/project?type=list 200 in 95ms (next.js: 57ms, proxy.ts: 11ms, application-code: 27ms)
 GET /api/models?cwd=%2Fhome%2Fxupeng%2F.cache%2Fpi-tmp%2F01a10f47-ae69-753b-a8de-d77bd690adfd%2Fask-user-full-e2e-retry-jxxdc2by%2Fpi-web-e2e-IlNMZG%2Fproject 200 in 56ms (next.js: 28ms, proxy.ts: 21ms, application-code: 7ms)
 GET /api/sessions?projectKey=%2Fhome%2Fxupeng%2F.cache%2Fpi-tmp%2F01a10f47-ae69-753b-a8de-d77bd690adfd%2Fask-user-full-e2e-retry-jxxdc2by%2Fpi-web-e2e-IlNMZG%2Fproject 200 in 132ms (next.js: 12ms, proxy.ts: 27ms, application-code: 93ms)
 GET /api/models?cwd=%2Fhome%2Fxupeng%2F.cache%2Fpi-tmp%2F01a10f47-ae69-753b-a8de-d77bd690adfd%2Fask-user-full-e2e-retry-jxxdc2by%2Fpi-web-e2e-IlNMZG%2Fproject 200 in 32ms (next.js: 20ms, proxy.ts: 7ms, application-code: 5ms)
 GET /api/sessions/e2e-branch-session?deferThinking=1&deferMedia=1&tree=summary&force=1 200 in 139ms (next.js: 27ms, proxy.ts: 100ms, application-code: 12ms)
 GET /api/git/status?cwd=%2Fhome%2Fxupeng%2F.cache%2Fpi-tmp%2F01a10f47-ae69-753b-a8de-d77bd690adfd%2Fask-user-full-e2e-retry-jxxdc2by%2Fpi-web-e2e-IlNMZG%2Fproject 200 in 77ms (next.js: 22ms, proxy.ts: 24ms, application-code: 30ms)
 GET /api/files/home/xupeng/.cache/pi-tmp/01a10f47-ae69-753b-a8de-d77bd690adfd/ask-user-full-e2e-retry-jxxdc2by/pi-web-e2e-IlNMZG/project?type=list 200 in 110ms (next.js: 61ms, proxy.ts: 22ms, application-code: 27ms)
[pi-web] session_start dispatched to extensions for session e2e-branch-session
 GET /api/sessions/e2e-branch-session?deferThinking=1&deferMedia=1&tree=summary&force=1 200 in 94ms (next.js: 39ms, proxy.ts: 51ms, application-code: 4ms)
 GET /api/sessions/e2e-branch-session/state 200 in 21ms (next.js: 15ms, proxy.ts: 2ms, application-code: 4ms)
 POST /api/agent/e2e-branch-session 200 in 21ms (next.js: 13ms, proxy.ts: 3ms, application-code: 5ms)
 GET /?session=e2e-rich-session 200 in 37ms (next.js: 3ms, proxy.ts: 1.9ms, application-code: 32ms)
 GET /api/agent/e2e-branch-session/events 200 in 598ms (next.js: 41ms, proxy.ts: 7ms, application-code: 550ms)
 GET /api/projects 200 in 15ms (next.js: 7ms, proxy.ts: 4ms, application-code: 3ms)
 GET /api/open-in-explorer 200 in 22ms (next.js: 13ms, proxy.ts: 6ms, application-code: 3ms)
 GET /api/agent/running 200 in 31ms (next.js: 15ms, proxy.ts: 12ms, application-code: 4ms)
 GET /api/home 200 in 40ms (next.js: 17ms, proxy.ts: 18ms, application-code: 4ms)
 GET /api/sessions?sessionId=e2e-rich-session 200 in 58ms (next.js: 21ms, proxy.ts: 19ms, application-code: 18ms)
 GET /api/agent/running 200 in 43ms (next.js: 12ms, proxy.ts: 28ms, application-code: 3ms)
 GET /api/open-in-explorer 200 in 41ms (next.js: 17ms, proxy.ts: 22ms, application-code: 3ms)
 GET /api/projects?force=1 200 in 63ms (next.js: 21ms, proxy.ts: 16ms, application-code: 26ms)
 GET /api/home 200 in 35ms (next.js: 16ms, proxy.ts: 16ms, application-code: 3ms)
 GET /api/worktrees?cwd=%2Fhome%2Fxupeng%2F.cache%2Fpi-tmp%2F01a10f47-ae69-753b-a8de-d77bd690adfd%2Fask-user-full-e2e-retry-jxxdc2by%2Fpi-web-e2e-IlNMZG%2Fproject 200 in 60ms (next.js: 7ms, proxy.ts: 13ms, application-code: 41ms)
 GET /api/sessions?projectKey=%2Fhome%2Fxupeng%2F.cache%2Fpi-tmp%2F01a10f47-ae69-753b-a8de-d77bd690adfd%2Fask-user-full-e2e-retry-jxxdc2by%2Fpi-web-e2e-IlNMZG%2Fproject 200 in 55ms (next.js: 33ms, proxy.ts: 7ms, application-code: 14ms)
 GET /api/git/status?cwd=%2Fhome%2Fxupeng%2F.cache%2Fpi-tmp%2F01a10f47-ae69-753b-a8de-d77bd690adfd%2Fask-user-full-e2e-retry-jxxdc2by%2Fpi-web-e2e-IlNMZG%2Fproject 200 in 66ms (next.js: 20ms, proxy.ts: 13ms, application-code: 32ms)
 GET /api/files/home/xupeng/.cache/pi-tmp/01a10f47-ae69-753b-a8de-d77bd690adfd/ask-user-full-e2e-retry-jxxdc2by/pi-web-e2e-IlNMZG/project?type=list 200 in 105ms (next.js: 67ms, proxy.ts: 13ms, application-code: 24ms)
 GET /api/file-index?cwd=%2Fhome%2Fxupeng%2F.cache%2Fpi-tmp%2F01a10f47-ae69-753b-a8de-d77bd690adfd%2Fask-user-full-e2e-retry-jxxdc2by%2Fpi-web-e2e-IlNMZG%2Fproject 200 in 55ms (next.js: 14ms, proxy.ts: 38ms, application-code: 3ms)
 GET /api/project-trust?cwd=%2Fhome%2Fxupeng%2F.cache%2Fpi-tmp%2F01a10f47-ae69-753b-a8de-d77bd690adfd%2Fask-user-full-e2e-retry-jxxdc2by%2Fpi-web-e2e-IlNMZG%2Fproject 200 in 32ms (next.js: 18ms, proxy.ts: 10ms, application-code: 5ms)
 GET /api/git/status?cwd=%2Fhome%2Fxupeng%2F.cache%2Fpi-tmp%2F01a10f47-ae69-753b-a8de-d77bd690adfd%2Fask-user-full-e2e-retry-jxxdc2by%2Fpi-web-e2e-IlNMZG%2Fproject 200 in 50ms (next.js: 22ms, proxy.ts: 11ms, application-code: 17ms)
 GET /api/app-update 200 in 49ms (next.js: 23ms, proxy.ts: 19ms, application-code: 8ms)
 GET /api/models?cwd=%2Fhome%2Fxupeng%2F.cache%2Fpi-tmp%2F01a10f47-ae69-753b-a8de-d77bd690adfd%2Fask-user-full-e2e-retry-jxxdc2by%2Fpi-web-e2e-IlNMZG%2Fproject 200 in 52ms (next.js: 26ms, proxy.ts: 19ms, application-code: 7ms)
 GET /api/sessions?projectKey=%2Fhome%2Fxupeng%2F.cache%2Fpi-tmp%2F01a10f47-ae69-753b-a8de-d77bd690adfd%2Fask-user-full-e2e-retry-jxxdc2by%2Fpi-web-e2e-IlNMZG%2Fproject 200 in 40ms (next.js: 13ms, proxy.ts: 17ms, application-code: 11ms)
 GET /api/files/home/xupeng/.cache/pi-tmp/01a10f47-ae69-753b-a8de-d77bd690adfd/ask-user-full-e2e-retry-jxxdc2by/pi-web-e2e-IlNMZG/project?type=list 200 in 76ms (next.js: 37ms, proxy.ts: 22ms, application-code: 16ms)
 GET /api/models?cwd=%2Fhome%2Fxupeng%2F.cache%2Fpi-tmp%2F01a10f47-ae69-753b-a8de-d77bd690adfd%2Fask-user-full-e2e-retry-jxxdc2by%2Fpi-web-e2e-IlNMZG%2Fproject 200 in 37ms (next.js: 17ms, proxy.ts: 16ms, application-code: 5ms)
 GET /api/sessions/e2e-rich-session?deferThinking=1&deferMedia=1&tree=summary&force=1 200 in 68ms (next.js: 51ms, proxy.ts: 10ms, application-code: 7ms)
[pi-web] session_start dispatched to extensions for session e2e-rich-session
 GET /api/sessions/e2e-rich-session?deferThinking=1&deferMedia=1&tree=summary&force=1 200 in 61ms (next.js: 34ms, proxy.ts: 22ms, application-code: 5ms)
 GET /api/sessions/e2e-rich-session/state 200 in 10ms (next.js: 4ms, proxy.ts: 3ms, application-code: 3ms)
 POST /api/agent/e2e-rich-session 200 in 14ms (next.js: 5ms, proxy.ts: 5ms, application-code: 4ms)
 GET /api/git/status?cwd=%2Fhome%2Fxupeng%2F.cache%2Fpi-tmp%2F01a10f47-ae69-753b-a8de-d77bd690adfd%2Fask-user-full-e2e-retry-jxxdc2by%2Fpi-web-e2e-IlNMZG%2Fproject 200 in 25ms (next.js: 5ms, proxy.ts: 4ms, application-code: 16ms)
 GET /api/files/home/xupeng/.cache/pi-tmp/01a10f47-ae69-753b-a8de-d77bd690adfd/ask-user-full-e2e-retry-jxxdc2by/pi-web-e2e-IlNMZG/project?type=list 200 in 41ms (next.js: 23ms, proxy.ts: 4ms, application-code: 13ms)
 GET /api/sessions/e2e-rich-session/entries/call/thinking?blockIndex=1 200 in 1082ms (next.js: 1077ms, proxy.ts: 2ms, application-code: 3ms)
 GET /api/sessions/e2e-rich-session/entries/answer/thinking?blockIndex=1 200 in 16ms (next.js: 12ms, proxy.ts: 3ms, application-code: 2ms)
 GET /api/sessions/e2e-rich-session/entries/answer/thinking?blockIndex=3 200 in 7ms (next.js: 3ms, proxy.ts: 3ms, application-code: 2ms)
 GET /?session=e2e-compacted-session 200 in 31ms (next.js: 2ms, proxy.ts: 1.8ms, application-code: 27ms)
 GET /api/agent/e2e-rich-session/events 200 in 2.4s (next.js: 35ms, proxy.ts: 19ms, application-code: 2.3s)
 GET /api/projects 200 in 18ms (next.js: 8ms, proxy.ts: 7ms, application-code: 2ms)
 GET /api/open-in-explorer 200 in 24ms (next.js: 11ms, proxy.ts: 10ms, application-code: 2.0ms)
 GET /api/agent/running 200 in 24ms (next.js: 14ms, proxy.ts: 8ms, application-code: 2ms)
 GET /api/home 200 in 27ms (next.js: 14ms, proxy.ts: 11ms, application-code: 2ms)
 GET /api/sessions?sessionId=e2e-compacted-session 200 in 46ms (next.js: 17ms, proxy.ts: 11ms, application-code: 17ms)
 GET /api/agent/running 200 in 29ms (next.js: 9ms, proxy.ts: 18ms, application-code: 2ms)
 GET /api/open-in-explorer 200 in 31ms (next.js: 12ms, proxy.ts: 17ms, application-code: 2ms)
 GET /api/projects?force=1 200 in 54ms (next.js: 20ms, proxy.ts: 14ms, application-code: 21ms)
 GET /api/home 200 in 21ms (next.js: 4ms, proxy.ts: 15ms, application-code: 2ms)
 GET /api/worktrees?cwd=%2Fhome%2Fxupeng%2F.cache%2Fpi-tmp%2F01a10f47-ae69-753b-a8de-d77bd690adfd%2Fask-user-full-e2e-retry-jxxdc2by%2Fpi-web-e2e-IlNMZG%2Fproject 200 in 53ms (next.js: 7ms, proxy.ts: 5ms, application-code: 41ms)
 GET /api/git/status?cwd=%2Fhome%2Fxupeng%2F.cache%2Fpi-tmp%2F01a10f47-ae69-753b-a8de-d77bd690adfd%2Fask-user-full-e2e-retry-jxxdc2by%2Fpi-web-e2e-IlNMZG%2Fproject 200 in 59ms (next.js: 32ms, proxy.ts: 7ms, application-code: 21ms)
 GET /api/sessions?projectKey=%2Fhome%2Fxupeng%2F.cache%2Fpi-tmp%2F01a10f47-ae69-753b-a8de-d77bd690adfd%2Fask-user-full-e2e-retry-jxxdc2by%2Fpi-web-e2e-IlNMZG%2Fproject 200 in 77ms (next.js: 18ms, proxy.ts: 32ms, application-code: 26ms)
 GET /api/files/home/xupeng/.cache/pi-tmp/01a10f47-ae69-753b-a8de-d77bd690adfd/ask-user-full-e2e-retry-jxxdc2by/pi-web-e2e-IlNMZG/project?type=list 200 in 88ms (next.js: 65ms, proxy.ts: 6ms, application-code: 17ms)
 GET /api/models?cwd=%2Fhome%2Fxupeng%2F.cache%2Fpi-tmp%2F01a10f47-ae69-753b-a8de-d77bd690adfd%2Fask-user-full-e2e-retry-jxxdc2by%2Fpi-web-e2e-IlNMZG%2Fproject 200 in 46ms (next.js: 14ms, proxy.ts: 31ms, application-code: 1.7ms)
 GET /api/app-update 200 in 47ms (next.js: 13ms, proxy.ts: 30ms, application-code: 4ms)
 GET /api/project-trust?cwd=%2Fhome%2Fxupeng%2F.cache%2Fpi-tmp%2F01a10f47-ae69-753b-a8de-d77bd690adfd%2Fask-user-full-e2e-retry-jxxdc2by%2Fpi-web-e2e-IlNMZG%2Fproject 200 in 43ms (next.js: 29ms, proxy.ts: 10ms, application-code: 4ms)
 GET /api/file-index?cwd=%2Fhome%2Fxupeng%2F.cache%2Fpi-tmp%2F01a10f47-ae69-753b-a8de-d77bd690adfd%2Fask-user-full-e2e-retry-jxxdc2by%2Fpi-web-e2e-IlNMZG%2Fproject 200 in 68ms (next.js: 13ms, proxy.ts: 28ms, application-code: 27ms)
 GET /api/git/status?cwd=%2Fhome%2Fxupeng%2F.cache%2Fpi-tmp%2F01a10f47-ae69-753b-a8de-d77bd690adfd%2Fask-user-full-e2e-retry-jxxdc2by%2Fpi-web-e2e-IlNMZG%2Fproject 200 in 59ms (next.js: 12ms, proxy.ts: 30ms, application-code: 17ms)
 GET /api/models?cwd=%2Fhome%2Fxupeng%2F.cache%2Fpi-tmp%2F01a10f47-ae69-753b-a8de-d77bd690adfd%2Fask-user-full-e2e-retry-jxxdc2by%2Fpi-web-e2e-IlNMZG%2Fproject 200 in 34ms (next.js: 8ms, proxy.ts: 21ms, application-code: 4ms)
 GET /api/app-update 200 in 29ms (next.js: 19ms, proxy.ts: 8ms, application-code: 2.0ms)
 GET /api/files/home/xupeng/.cache/pi-tmp/01a10f47-ae69-753b-a8de-d77bd690adfd/ask-user-full-e2e-retry-jxxdc2by/pi-web-e2e-IlNMZG/project?type=list 200 in 78ms (next.js: 28ms, proxy.ts: 30ms, application-code: 20ms)
 GET /api/sessions?projectKey=%2Fhome%2Fxupeng%2F.cache%2Fpi-tmp%2F01a10f47-ae69-753b-a8de-d77bd690adfd%2Fask-user-full-e2e-retry-jxxdc2by%2Fpi-web-e2e-IlNMZG%2Fproject 200 in 35ms (next.js: 18ms, proxy.ts: 9ms, application-code: 7ms)
 GET /api/sessions/e2e-compacted-session?deferThinking=1&deferMedia=1&tree=summary&force=1 200 in 55ms (next.js: 37ms, proxy.ts: 9ms, application-code: 8ms)
 GET /api/models?cwd=%2Fhome%2Fxupeng%2F.cache%2Fpi-tmp%2F01a10f47-ae69-753b-a8de-d77bd690adfd%2Fask-user-full-e2e-retry-jxxdc2by%2Fpi-web-e2e-IlNMZG%2Fproject 200 in 13ms (next.js: 4ms, proxy.ts: 4ms, application-code: 4ms)
 GET /api/sessions/e2e-compacted-session?deferThinking=1&deferMedia=1&tree=summary&force=1 200 in 71ms (next.js: 44ms, proxy.ts: 4ms, application-code: 23ms)
[pi-web] session_start dispatched to extensions for session e2e-compacted-session
 GET /api/sessions/e2e-compacted-session/state 200 in 18ms (next.js: 13ms, proxy.ts: 2ms, application-code: 3ms)
 POST /api/agent/e2e-compacted-session 200 in 19ms (next.js: 12ms, proxy.ts: 3ms, application-code: 4ms)
 GET /api/git/status?cwd=%2Fhome%2Fxupeng%2F.cache%2Fpi-tmp%2F01a10f47-ae69-753b-a8de-d77bd690adfd%2Fask-user-full-e2e-retry-jxxdc2by%2Fpi-web-e2e-IlNMZG%2Fproject 200 in 17ms (next.js: 2ms, proxy.ts: 3ms, application-code: 11ms)
 GET /api/files/home/xupeng/.cache/pi-tmp/01a10f47-ae69-753b-a8de-d77bd690adfd/ask-user-full-e2e-retry-jxxdc2by/pi-web-e2e-IlNMZG/project?type=list 200 in 31ms (next.js: 17ms, proxy.ts: 3ms, application-code: 11ms)
 GET /api/models?cwd=%2Fhome%2Fxupeng%2F.cache%2Fpi-tmp%2F01a10f47-ae69-753b-a8de-d77bd690adfd%2Fask-user-full-e2e-retry-jxxdc2by%2Fpi-web-e2e-IlNMZG%2Fproject 200 in 23ms (next.js: 7ms, proxy.ts: 10ms, application-code: 6ms)
 GET /api/sessions/e2e-long-session?deferThinking=1&deferMedia=1&tree=summary&force=1 200 in 83ms (next.js: 36ms, proxy.ts: 10ms, application-code: 38ms)
 GET /api/models?cwd=%2Fhome%2Fxupeng%2F.cache%2Fpi-tmp%2F01a10f47-ae69-753b-a8de-d77bd690adfd%2Fask-user-full-e2e-retry-jxxdc2by%2Fpi-web-e2e-IlNMZG%2Fproject 200 in 10ms (next.js: 3ms, proxy.ts: 4ms, application-code: 3ms)
 GET /api/agent/e2e-compacted-session/events 200 in 1347ms (next.js: 21ms, proxy.ts: 5ms, application-code: 1321ms)
 GET /?session=e2e-long-session 200 in 113ms (next.js: 14ms, proxy.ts: 9ms, application-code: 90ms)
 GET /api/sessions/e2e-long-session?deferThinking=1&deferMedia=1&tree=summary&force=1 200 in 37ms (next.js: 7ms, proxy.ts: 3ms, application-code: 27ms)
 GET /api/sessions/e2e-long-session/state 200 in 14ms (next.js: 6ms, proxy.ts: 4ms, application-code: 4ms)
 POST /api/agent/e2e-long-session 200 in 10ms (next.js: 3ms, proxy.ts: 3ms, application-code: 4ms)
 GET /api/sessions/e2e-long-session/context?deferThinking=1&deferMedia=1&leafId=945ba5e1&before=e4950 200 in 18ms (next.js: 12ms, proxy.ts: 1.8ms, application-code: 5ms)
 GET /api/sessions/e2e-long-session/context?deferThinking=1&deferMedia=1&leafId=945ba5e1&before=e4900 200 in 13ms (next.js: 4ms, proxy.ts: 2ms, application-code: 7ms)
 GET /api/agent/running 200 in 7ms (next.js: 2ms, proxy.ts: 2ms, application-code: 3ms)
 GET /api/models?cwd=%2Fhome%2Fxupeng%2F.cache%2Fpi-tmp%2F01a10f47-ae69-753b-a8de-d77bd690adfd%2Fask-user-full-e2e-retry-jxxdc2by%2Fpi-web-e2e-IlNMZG%2Fproject 200 in 11ms (next.js: 4ms, proxy.ts: 5ms, application-code: 2ms)
 GET /api/sessions/e2e-rich-session?deferThinking=1&deferMedia=1&tree=summary&force=1 200 in 29ms (next.js: 18ms, proxy.ts: 4ms, application-code: 6ms)
 GET /api/models?cwd=%2Fhome%2Fxupeng%2F.cache%2Fpi-tmp%2F01a10f47-ae69-753b-a8de-d77bd690adfd%2Fask-user-full-e2e-retry-jxxdc2by%2Fpi-web-e2e-IlNMZG%2Fproject 200 in 11ms (next.js: 4ms, proxy.ts: 4ms, application-code: 3ms)
 GET /?session=e2e-rich-session 200 in 56ms (next.js: 21ms, proxy.ts: 4ms, application-code: 31ms)
 GET /api/sessions/e2e-rich-session?deferThinking=1&deferMedia=1&tree=summary&force=1 200 in 18ms (next.js: 10ms, proxy.ts: 4ms, application-code: 4ms)
 GET /api/agent/e2e-long-session/events 200 in 1607ms (next.js: 7ms, proxy.ts: 7ms, application-code: 1593ms)
 GET /api/sessions/e2e-rich-session/state 200 in 21ms (next.js: 14ms, proxy.ts: 2ms, application-code: 4ms)
 POST /api/agent/e2e-rich-session 200 in 19ms (next.js: 12ms, proxy.ts: 2ms, application-code: 4ms)
 GET /api/models?cwd=%2Fhome%2Fxupeng%2F.cache%2Fpi-tmp%2F01a10f47-ae69-753b-a8de-d77bd690adfd%2Fask-user-full-e2e-retry-jxxdc2by%2Fpi-web-e2e-IlNMZG%2Fproject 200 in 17ms (next.js: 5ms, proxy.ts: 8ms, application-code: 4ms)
 GET /api/sessions/e2e-long-session?deferThinking=1&deferMedia=1&tree=summary&force=1 200 in 69ms (next.js: 40ms, proxy.ts: 7ms, application-code: 22ms)
 GET /api/models?cwd=%2Fhome%2Fxupeng%2F.cache%2Fpi-tmp%2F01a10f47-ae69-753b-a8de-d77bd690adfd%2Fask-user-full-e2e-retry-jxxdc2by%2Fpi-web-e2e-IlNMZG%2Fproject 200 in 13ms (next.js: 4ms, proxy.ts: 5ms, application-code: 3ms)
 GET /?session=e2e-long-session 200 in 78ms (next.js: 13ms, proxy.ts: 6ms, application-code: 60ms)
 GET /api/agent/e2e-rich-session/events 200 in 755ms (next.js: 16ms, proxy.ts: 3ms, application-code: 736ms)
 GET /api/sessions/e2e-long-session?deferThinking=1&deferMedia=1&tree=summary&force=1 200 in 54ms (next.js: 11ms, proxy.ts: 4ms, application-code: 38ms)
 GET /api/sessions/e2e-long-session/state 200 in 11ms (next.js: 5ms, proxy.ts: 3ms, application-code: 3ms)
 GET /api/sessions/e2e-long-session/context?deferThinking=1&deferMedia=1&leafId=945ba5e1&before=e4950 200 in 36ms (next.js: 11ms, proxy.ts: 18ms, application-code: 7ms)
 POST /api/agent/e2e-long-session 200 in 15ms (next.js: 5ms, proxy.ts: 5ms, application-code: 5ms)
 GET /api/models?cwd=%2Fhome%2Fxupeng%2F.cache%2Fpi-tmp%2F01a10f47-ae69-753b-a8de-d77bd690adfd%2Fask-user-full-e2e-retry-jxxdc2by%2Fpi-web-e2e-IlNMZG%2Fproject 200 in 25ms (next.js: 10ms, proxy.ts: 10ms, application-code: 6ms)
 GET /api/sessions/e2e-rich-session?deferThinking=1&deferMedia=1&tree=summary&force=1 200 in 73ms (next.js: 55ms, proxy.ts: 10ms, application-code: 9ms)
 GET /api/models?cwd=%2Fhome%2Fxupeng%2F.cache%2Fpi-tmp%2F01a10f47-ae69-753b-a8de-d77bd690adfd%2Fask-user-full-e2e-retry-jxxdc2by%2Fpi-web-e2e-IlNMZG%2Fproject 200 in 19ms (next.js: 6ms, proxy.ts: 8ms, application-code: 5ms)
 GET /?session=e2e-rich-session 200 in 90ms (next.js: 11ms, proxy.ts: 12ms, application-code: 67ms)
 GET /api/sessions/e2e-rich-session?deferThinking=1&deferMedia=1&tree=summary&force=1 200 in 28ms (next.js: 15ms, proxy.ts: 7ms, application-code: 6ms)
 GET /api/agent/e2e-long-session/events 200 in 1047ms (next.js: 4ms, proxy.ts: 4ms, application-code: 1039ms)
 GET /api/sessions/e2e-rich-session/state 200 in 20ms (next.js: 13ms, proxy.ts: 3ms, application-code: 5ms)
 GET /api/agent/running 200 in 12ms (next.js: 4ms, proxy.ts: 4ms, application-code: 3ms)
 POST /api/agent/e2e-rich-session 200 in 29ms (next.js: 21ms, proxy.ts: 5ms, application-code: 4ms)
 GET /api/models?cwd=%2Fhome%2Fxupeng%2F.cache%2Fpi-tmp%2F01a10f47-ae69-753b-a8de-d77bd690adfd%2Fask-user-full-e2e-retry-jxxdc2by%2Fpi-web-e2e-IlNMZG%2Fproject 200 in 24ms (next.js: 9ms, proxy.ts: 10ms, application-code: 5ms)
 GET /api/models?cwd=%2Fhome%2Fxupeng%2F.cache%2Fpi-tmp%2F01a10f47-ae69-753b-a8de-d77bd690adfd%2Fask-user-full-e2e-retry-jxxdc2by%2Fpi-web-e2e-IlNMZG%2Fproject 200 in 26ms (next.js: 12ms, proxy.ts: 10ms, application-code: 4ms)
 GET /api/agent/e2e-rich-session/events 200 in 669ms (next.js: 4ms, proxy.ts: 3ms, application-code: 662ms)
 GET /api/sessions/e2e-long-session?deferThinking=1&deferMedia=1&tree=summary&force=1 200 in 104ms (next.js: 28ms, proxy.ts: 10ms, application-code: 67ms)
 GET /api/sessions/e2e-long-session?deferThinking=1&deferMedia=1&tree=summary&force=1 200 in 101ms (next.js: 63ms, proxy.ts: 10ms, application-code: 28ms)
 GET /?session=e2e-long-session 200 in 122ms (next.js: 36ms, proxy.ts: 10ms, application-code: 76ms)
 GET /api/sessions/e2e-long-session/state 200 in 11ms (next.js: 4ms, proxy.ts: 4ms, application-code: 3ms)
 GET /api/sessions/e2e-long-session/context?deferThinking=1&deferMedia=1&leafId=alternate 200 in 53ms (next.js: 25ms, proxy.ts: 20ms, application-code: 9ms)
 GET /?session=e2e-compacted-session 200 in 54ms (next.js: 3ms, proxy.ts: 3ms, application-code: 48ms)
 GET /api/agent/e2e-long-session/events 200 in 1103ms (next.js: 19ms, proxy.ts: 6ms, application-code: 1078ms)
 GET /api/projects 200 in 18ms (next.js: 9ms, proxy.ts: 8ms, application-code: 1.8ms)
 GET /api/open-in-explorer 200 in 20ms (next.js: 10ms, proxy.ts: 8ms, application-code: 1.8ms)
 GET /api/home 200 in 41ms (next.js: 29ms, proxy.ts: 10ms, application-code: 1.7ms)
 GET /api/sessions?sessionId=e2e-compacted-session 200 in 54ms (next.js: 32ms, proxy.ts: 10ms, application-code: 12ms)
 GET /api/agent/running 200 in 26ms (next.js: 8ms, proxy.ts: 16ms, application-code: 1.9ms)
 GET /api/open-in-explorer 200 in 28ms (next.js: 11ms, proxy.ts: 16ms, application-code: 1.8ms)
 GET /api/projects?force=1 200 in 63ms (next.js: 18ms, proxy.ts: 26ms, application-code: 19ms)
 GET /api/home 200 in 21ms (next.js: 7ms, proxy.ts: 11ms, application-code: 1.8ms)
 GET /api/worktrees?cwd=%2Fhome%2Fxupeng%2F.cache%2Fpi-tmp%2F01a10f47-ae69-753b-a8de-d77bd690adfd%2Fask-user-full-e2e-retry-jxxdc2by%2Fpi-web-e2e-IlNMZG%2Fproject 200 in 41ms (next.js: 5ms, proxy.ts: 10ms, application-code: 26ms)
 GET /api/git/status?cwd=%2Fhome%2Fxupeng%2F.cache%2Fpi-tmp%2F01a10f47-ae69-753b-a8de-d77bd690adfd%2Fask-user-full-e2e-retry-jxxdc2by%2Fpi-web-e2e-IlNMZG%2Fproject 200 in 41ms (next.js: 14ms, proxy.ts: 10ms, application-code: 17ms)
 GET /api/sessions?projectKey=%2Fhome%2Fxupeng%2F.cache%2Fpi-tmp%2F01a10f47-ae69-753b-a8de-d77bd690adfd%2Fask-user-full-e2e-retry-jxxdc2by%2Fpi-web-e2e-IlNMZG%2Fproject 200 in 40ms (next.js: 23ms, proxy.ts: 10ms, application-code: 8ms)
 GET /api/files/home/xupeng/.cache/pi-tmp/01a10f47-ae69-753b-a8de-d77bd690adfd/ask-user-full-e2e-retry-jxxdc2by/pi-web-e2e-IlNMZG/project?type=list 200 in 68ms (next.js: 42ms, proxy.ts: 10ms, application-code: 16ms)
 GET /api/app-update 200 in 29ms (next.js: 18ms, proxy.ts: 7ms, application-code: 4ms)
 GET /api/file-index?cwd=%2Fhome%2Fxupeng%2F.cache%2Fpi-tmp%2F01a10f47-ae69-753b-a8de-d77bd690adfd%2Fask-user-full-e2e-retry-jxxdc2by%2Fpi-web-e2e-IlNMZG%2Fproject 200 in 39ms (next.js: 28ms, proxy.ts: 8ms, application-code: 3ms)
 GET /api/git/status?cwd=%2Fhome%2Fxupeng%2F.cache%2Fpi-tmp%2F01a10f47-ae69-753b-a8de-d77bd690adfd%2Fask-user-full-e2e-retry-jxxdc2by%2Fpi-web-e2e-IlNMZG%2Fproject 200 in 44ms (next.js: 9ms, proxy.ts: 7ms, application-code: 29ms)
 GET /api/models?cwd=%2Fhome%2Fxupeng%2F.cache%2Fpi-tmp%2F01a10f47-ae69-753b-a8de-d77bd690adfd%2Fask-user-full-e2e-retry-jxxdc2by%2Fpi-web-e2e-IlNMZG%2Fproject 200 in 44ms (next.js: 25ms, proxy.ts: 8ms, application-code: 10ms)
 GET /api/project-trust?cwd=%2Fhome%2Fxupeng%2F.cache%2Fpi-tmp%2F01a10f47-ae69-753b-a8de-d77bd690adfd%2Fask-user-full-e2e-retry-jxxdc2by%2Fpi-web-e2e-IlNMZG%2Fproject 200 in 44ms (next.js: 17ms, proxy.ts: 21ms, application-code: 5ms)
 GET /api/app-update 200 in 34ms (next.js: 19ms, proxy.ts: 13ms, application-code: 2ms)
 GET /api/files/home/xupeng/.cache/pi-tmp/01a10f47-ae69-753b-a8de-d77bd690adfd/ask-user-full-e2e-retry-jxxdc2by/pi-web-e2e-IlNMZG/project?type=list 200 in 71ms (next.js: 30ms, proxy.ts: 22ms, application-code: 19ms)
 GET /api/models?cwd=%2Fhome%2Fxupeng%2F.cache%2Fpi-tmp%2F01a10f47-ae69-753b-a8de-d77bd690adfd%2Fask-user-full-e2e-retry-jxxdc2by%2Fpi-web-e2e-IlNMZG%2Fproject 200 in 33ms (next.js: 23ms, proxy.ts: 6ms, application-code: 4ms)
 GET /api/sessions?projectKey=%2Fhome%2Fxupeng%2F.cache%2Fpi-tmp%2F01a10f47-ae69-753b-a8de-d77bd690adfd%2Fask-user-full-e2e-retry-jxxdc2by%2Fpi-web-e2e-IlNMZG%2Fproject 200 in 24ms (next.js: 4ms, proxy.ts: 11ms, application-code: 10ms)
 GET /api/models?cwd=%2Fhome%2Fxupeng%2F.cache%2Fpi-tmp%2F01a10f47-ae69-753b-a8de-d77bd690adfd%2Fask-user-full-e2e-retry-jxxdc2by%2Fpi-web-e2e-IlNMZG%2Fproject 200 in 9ms (next.js: 3ms, proxy.ts: 3ms, application-code: 3ms)
 GET /api/sessions/e2e-compacted-session?deferThinking=1&deferMedia=1&tree=summary&force=1 200 in 33ms (next.js: 20ms, proxy.ts: 3ms, application-code: 10ms)
 GET /api/models?cwd=%2Fhome%2Fxupeng%2F.cache%2Fpi-tmp%2F01a10f47-ae69-753b-a8de-d77bd690adfd%2Fask-user-full-e2e-retry-jxxdc2by%2Fpi-web-e2e-IlNMZG%2Fproject 200 in 17ms (next.js: 5ms, proxy.ts: 7ms, application-code: 5ms)
 GET /api/sessions/e2e-compacted-session?deferThinking=1&deferMedia=1&tree=summary&force=1 200 in 37ms (next.js: 23ms, proxy.ts: 8ms, application-code: 5ms)
 GET /api/sessions/e2e-compacted-session/state 200 in 23ms (next.js: 17ms, proxy.ts: 3ms, application-code: 4ms)
 POST /api/agent/e2e-compacted-session 200 in 22ms (next.js: 15ms, proxy.ts: 3ms, application-code: 4ms)
 GET /?session=e2e-rich-session 200 in 40ms (next.js: 3ms, proxy.ts: 2.0ms, application-code: 35ms)
 GET /api/agent/e2e-compacted-session/events 200 in 514ms (next.js: 24ms, proxy.ts: 7ms, application-code: 483ms)
 GET /api/projects 200 in 16ms (next.js: 8ms, proxy.ts: 6ms, application-code: 2ms)
 GET /api/open-in-explorer 200 in 20ms (next.js: 11ms, proxy.ts: 7ms, application-code: 2.0ms)
 GET /api/agent/running 200 in 27ms (next.js: 15ms, proxy.ts: 8ms, application-code: 4ms)
 GET /api/home 200 in 32ms (next.js: 16ms, proxy.ts: 12ms, application-code: 4ms)
 GET /api/sessions?sessionId=e2e-rich-session 200 in 52ms (next.js: 20ms, proxy.ts: 15ms, application-code: 17ms)
 GET /api/agent/running 200 in 36ms (next.js: 14ms, proxy.ts: 20ms, application-code: 3ms)
 GET /api/projects?force=1 200 in 71ms (next.js: 20ms, proxy.ts: 16ms, application-code: 34ms)
 GET /api/open-in-explorer 200 in 54ms (next.js: 35ms, proxy.ts: 17ms, application-code: 1.9ms)
 GET /api/home 200 in 50ms (next.js: 12ms, proxy.ts: 35ms, application-code: 3ms)
 GET /api/worktrees?cwd=%2Fhome%2Fxupeng%2F.cache%2Fpi-tmp%2F01a10f47-ae69-753b-a8de-d77bd690adfd%2Fask-user-full-e2e-retry-jxxdc2by%2Fpi-web-e2e-IlNMZG%2Fproject 200 in 53ms (next.js: 6ms, proxy.ts: 13ms, application-code: 34ms)
 GET /api/sessions?projectKey=%2Fhome%2Fxupeng%2F.cache%2Fpi-tmp%2F01a10f47-ae69-753b-a8de-d77bd690adfd%2Fask-user-full-e2e-retry-jxxdc2by%2Fpi-web-e2e-IlNMZG%2Fproject 200 in 51ms (next.js: 27ms, proxy.ts: 12ms, application-code: 12ms)
 GET /api/git/status?cwd=%2Fhome%2Fxupeng%2F.cache%2Fpi-tmp%2F01a10f47-ae69-753b-a8de-d77bd690adfd%2Fask-user-full-e2e-retry-jxxdc2by%2Fpi-web-e2e-IlNMZG%2Fproject 200 in 56ms (next.js: 16ms, proxy.ts: 13ms, application-code: 27ms)
 GET /api/files/home/xupeng/.cache/pi-tmp/01a10f47-ae69-753b-a8de-d77bd690adfd/ask-user-full-e2e-retry-jxxdc2by/pi-web-e2e-IlNMZG/project?type=list 200 in 76ms (next.js: 45ms, proxy.ts: 14ms, application-code: 17ms)
 GET /api/app-update 200 in 36ms (next.js: 11ms, proxy.ts: 22ms, application-code: 4ms)
 GET /api/models?cwd=%2Fhome%2Fxupeng%2F.cache%2Fpi-tmp%2F01a10f47-ae69-753b-a8de-d77bd690adfd%2Fask-user-full-e2e-retry-jxxdc2by%2Fpi-web-e2e-IlNMZG%2Fproject 200 in 42ms (next.js: 18ms, proxy.ts: 21ms, application-code: 3ms)
 GET /api/file-index?cwd=%2Fhome%2Fxupeng%2F.cache%2Fpi-tmp%2F01a10f47-ae69-753b-a8de-d77bd690adfd%2Fask-user-full-e2e-retry-jxxdc2by%2Fpi-web-e2e-IlNMZG%2Fproject 200 in 37ms (next.js: 17ms, proxy.ts: 17ms, application-code: 4ms)
 GET /api/project-trust?cwd=%2Fhome%2Fxupeng%2F.cache%2Fpi-tmp%2F01a10f47-ae69-753b-a8de-d77bd690adfd%2Fask-user-full-e2e-retry-jxxdc2by%2Fpi-web-e2e-IlNMZG%2Fproject 200 in 43ms (next.js: 20ms, proxy.ts: 17ms, application-code: 7ms)
 GET /api/git/status?cwd=%2Fhome%2Fxupeng%2F.cache%2Fpi-tmp%2F01a10f47-ae69-753b-a8de-d77bd690adfd%2Fask-user-full-e2e-retry-jxxdc2by%2Fpi-web-e2e-IlNMZG%2Fproject 200 in 75ms (next.js: 28ms, proxy.ts: 20ms, application-code: 27ms)
 GET /api/sessions?projectKey=%2Fhome%2Fxupeng%2F.cache%2Fpi-tmp%2F01a10f47-ae69-753b-a8de-d77bd690adfd%2Fask-user-full-e2e-retry-jxxdc2by%2Fpi-web-e2e-IlNMZG%2Fproject 200 in 51ms (next.js: 27ms, proxy.ts: 15ms, application-code: 9ms)
 GET /api/files/home/xupeng/.cache/pi-tmp/01a10f47-ae69-753b-a8de-d77bd690adfd/ask-user-full-e2e-retry-jxxdc2by/pi-web-e2e-IlNMZG/project?type=list 200 in 103ms (next.js: 52ms, proxy.ts: 27ms, application-code: 24ms)
 GET /api/models?cwd=%2Fhome%2Fxupeng%2F.cache%2Fpi-tmp%2F01a10f47-ae69-753b-a8de-d77bd690adfd%2Fask-user-full-e2e-retry-jxxdc2by%2Fpi-web-e2e-IlNMZG%2Fproject 200 in 37ms (next.js: 6ms, proxy.ts: 28ms, application-code: 3ms)
 GET /api/sessions/e2e-rich-session?deferThinking=1&deferMedia=1&tree=summary&force=1 200 in 53ms (next.js: 36ms, proxy.ts: 10ms, application-code: 7ms)
 GET /api/sessions/e2e-rich-session?deferThinking=1&deferMedia=1&tree=summary&force=1 200 in 24ms (next.js: 4ms, proxy.ts: 8ms, application-code: 11ms)
 GET /api/sessions/e2e-rich-session/state 200 in 39ms (next.js: 4ms, proxy.ts: 3ms, application-code: 32ms)
 POST /api/agent/e2e-rich-session 200 in 8ms (next.js: 2ms, proxy.ts: 2.0ms, application-code: 4ms)
 GET /api/git/status?cwd=%2Fhome%2Fxupeng%2F.cache%2Fpi-tmp%2F01a10f47-ae69-753b-a8de-d77bd690adfd%2Fask-user-full-e2e-retry-jxxdc2by%2Fpi-web-e2e-IlNMZG%2Fproject 200 in 18ms (next.js: 2ms, proxy.ts: 4ms, application-code: 13ms)
 GET /api/files/home/xupeng/.cache/pi-tmp/01a10f47-ae69-753b-a8de-d77bd690adfd/ask-user-full-e2e-retry-jxxdc2by/pi-web-e2e-IlNMZG/project?type=list 200 in 56ms (next.js: 29ms, proxy.ts: 4ms, application-code: 23ms)
 GET /api/files/home/xupeng/.cache/pi-tmp/01a10f47-ae69-753b-a8de-d77bd690adfd/ask-user-full-e2e-retry-jxxdc2by/pi-web-e2e-IlNMZG/project/preview.html?type=read 200 in 74ms (next.js: 65ms, proxy.ts: 5ms, application-code: 4ms)
 GET /api/git/diff?cwd=%2Fhome%2Fxupeng%2F.cache%2Fpi-tmp%2F01a10f47-ae69-753b-a8de-d77bd690adfd%2Fask-user-full-e2e-retry-jxxdc2by%2Fpi-web-e2e-IlNMZG%2Fproject&path=%2Fhome%2Fxupeng%2F.cache%2Fpi-tmp%2F01a10f47-ae69-753b-a8de-d77bd690adfd%2Fask-user-full-e2e-retry-jxxdc2by%2Fpi-web-e2e-IlNMZG%2Fproject%2Fpreview.html 200 in 73ms (next.js: 46ms, proxy.ts: 5ms, application-code: 21ms)
 GET /api/git/diff?cwd=%2Fhome%2Fxupeng%2F.cache%2Fpi-tmp%2F01a10f47-ae69-753b-a8de-d77bd690adfd%2Fask-user-full-e2e-retry-jxxdc2by%2Fpi-web-e2e-IlNMZG%2Fproject&path=%2Fhome%2Fxupeng%2F.cache%2Fpi-tmp%2F01a10f47-ae69-753b-a8de-d77bd690adfd%2Fask-user-full-e2e-retry-jxxdc2by%2Fpi-web-e2e-IlNMZG%2Fproject%2Fpreview.html 200 in 31ms (next.js: 4ms, proxy.ts: 9ms, application-code: 18ms)
 GET /api/files/home/xupeng/.cache/pi-tmp/01a10f47-ae69-753b-a8de-d77bd690adfd/ask-user-full-e2e-retry-jxxdc2by/pi-web-e2e-IlNMZG/project/preview.html?type=read 200 in 38ms (next.js: 25ms, proxy.ts: 9ms, application-code: 3ms)
 GET /api/files/home/xupeng/.cache/pi-tmp/01a10f47-ae69-753b-a8de-d77bd690adfd/ask-user-full-e2e-retry-jxxdc2by/pi-web-e2e-IlNMZG/project/preview.html?type=read 200 in 25ms (next.js: 19ms, proxy.ts: 3ms, application-code: 4ms)
 GET /api/git/diff?cwd=%2Fhome%2Fxupeng%2F.cache%2Fpi-tmp%2F01a10f47-ae69-753b-a8de-d77bd690adfd%2Fask-user-full-e2e-retry-jxxdc2by%2Fpi-web-e2e-IlNMZG%2Fproject&path=%2Fhome%2Fxupeng%2F.cache%2Fpi-tmp%2F01a10f47-ae69-753b-a8de-d77bd690adfd%2Fask-user-full-e2e-retry-jxxdc2by%2Fpi-web-e2e-IlNMZG%2Fproject%2Fpreview.html 200 in 26ms (next.js: 4ms, proxy.ts: 3ms, application-code: 19ms)
 GET /api/agent/running 200 in 7ms (next.js: 1.8ms, proxy.ts: 2ms, application-code: 3ms)
 GET /api/files/home/xupeng/.cache/pi-tmp/01a10f47-ae69-753b-a8de-d77bd690adfd/ask-user-full-e2e-retry-jxxdc2by/pi-web-e2e-IlNMZG/project/preview.html?type=watch 200 in 1886ms (next.js: 29ms, proxy.ts: 8ms, application-code: 1849ms)
 GET /api/git/diff?cwd=%2Fhome%2Fxupeng%2F.cache%2Fpi-tmp%2F01a10f47-ae69-753b-a8de-d77bd690adfd%2Fask-user-full-e2e-retry-jxxdc2by%2Fpi-web-e2e-IlNMZG%2Fproject&path=%2Fhome%2Fxupeng%2F.cache%2Fpi-tmp%2F01a10f47-ae69-753b-a8de-d77bd690adfd%2Fask-user-full-e2e-retry-jxxdc2by%2Fpi-web-e2e-IlNMZG%2Fproject%2Fpreview.html 200 in 22ms (next.js: 3ms, proxy.ts: 4ms, application-code: 15ms)
 GET /api/files/home/xupeng/.cache/pi-tmp/01a10f47-ae69-753b-a8de-d77bd690adfd/ask-user-full-e2e-retry-jxxdc2by/pi-web-e2e-IlNMZG/project/preview.html?type=read 200 in 28ms (next.js: 21ms, proxy.ts: 4ms, application-code: 3ms)
 GET /api/files/home/xupeng/.cache/pi-tmp/01a10f47-ae69-753b-a8de-d77bd690adfd/ask-user-full-e2e-retry-jxxdc2by/pi-web-e2e-IlNMZG/project/preview.html?type=watch 200 in 296ms (next.js: 14ms, proxy.ts: 2ms, application-code: 280ms)
 POST /api/agent/e2e-rich-session 200 in 14ms (next.js: 4ms, proxy.ts: 3ms, application-code: 7ms)
 POST /api/agent/e2e-rich-session 200 in 390ms (next.js: 13ms, proxy.ts: 3ms, application-code: 374ms)
 GET /api/sessions?sessionId=e2e-rich-session 200 in 18ms (next.js: 4ms, proxy.ts: 4ms, application-code: 10ms)
 GET /api/sessions/e2e-rich-session?deferThinking=1&deferMedia=1&tree=summary 200 in 35ms (next.js: 26ms, proxy.ts: 4ms, application-code: 5ms)
 GET /api/sessions?sessionId=e2e-rich-session 200 in 49ms (next.js: 5ms, proxy.ts: 4ms, application-code: 40ms)
 GET /api/git/diff?cwd=%2Fhome%2Fxupeng%2F.cache%2Fpi-tmp%2F01a10f47-ae69-753b-a8de-d77bd690adfd%2Fask-user-full-e2e-retry-jxxdc2by%2Fpi-web-e2e-IlNMZG%2Fproject&path=%2Fhome%2Fxupeng%2F.cache%2Fpi-tmp%2F01a10f47-ae69-753b-a8de-d77bd690adfd%2Fask-user-full-e2e-retry-jxxdc2by%2Fpi-web-e2e-IlNMZG%2Fproject%2Fpreview.html 200 in 48ms (next.js: 28ms, proxy.ts: 5ms, application-code: 16ms)
 GET /api/git/status?cwd=%2Fhome%2Fxupeng%2F.cache%2Fpi-tmp%2F01a10f47-ae69-753b-a8de-d77bd690adfd%2Fask-user-full-e2e-retry-jxxdc2by%2Fpi-web-e2e-IlNMZG%2Fproject 200 in 28ms (next.js: 4ms, proxy.ts: 6ms, application-code: 19ms)
 GET /api/files/home/xupeng/.cache/pi-tmp/01a10f47-ae69-753b-a8de-d77bd690adfd/ask-user-full-e2e-retry-jxxdc2by/pi-web-e2e-IlNMZG/project?type=list 200 in 181ms (next.js: 29ms, proxy.ts: 5ms, application-code: 148ms)
 POST /api/agent/e2e-rich-session 200 in 13ms (next.js: 4ms, proxy.ts: 3ms, application-code: 6ms)
 POST /api/agent/e2e-rich-session 200 in 147ms (next.js: 2ms, proxy.ts: 3ms, application-code: 142ms)
 GET /api/sessions?sessionId=e2e-rich-session 200 in 17ms (next.js: 4ms, proxy.ts: 4ms, application-code: 9ms)
 GET /api/sessions/e2e-rich-session?deferThinking=1&deferMedia=1&tree=summary 200 in 23ms (next.js: 13ms, proxy.ts: 5ms, application-code: 5ms)
 GET /api/sessions?sessionId=e2e-rich-session 200 in 31ms (next.js: 4ms, proxy.ts: 5ms, application-code: 22ms)
 GET /api/git/diff?cwd=%2Fhome%2Fxupeng%2F.cache%2Fpi-tmp%2F01a10f47-ae69-753b-a8de-d77bd690adfd%2Fask-user-full-e2e-retry-jxxdc2by%2Fpi-web-e2e-IlNMZG%2Fproject&path=%2Fhome%2Fxupeng%2F.cache%2Fpi-tmp%2F01a10f47-ae69-753b-a8de-d77bd690adfd%2Fask-user-full-e2e-retry-jxxdc2by%2Fpi-web-e2e-IlNMZG%2Fproject%2Fpreview.html 200 in 30ms (next.js: 10ms, proxy.ts: 5ms, application-code: 16ms)
 GET /api/git/status?cwd=%2Fhome%2Fxupeng%2F.cache%2Fpi-tmp%2F01a10f47-ae69-753b-a8de-d77bd690adfd%2Fask-user-full-e2e-retry-jxxdc2by%2Fpi-web-e2e-IlNMZG%2Fproject 200 in 22ms (next.js: 4ms, proxy.ts: 5ms, application-code: 14ms)
 GET /api/files/home/xupeng/.cache/pi-tmp/01a10f47-ae69-753b-a8de-d77bd690adfd/ask-user-full-e2e-retry-jxxdc2by/pi-web-e2e-IlNMZG/project?type=list 200 in 50ms (next.js: 31ms, proxy.ts: 4ms, application-code: 15ms)
 GET /api/agent/running 200 in 7ms (next.js: 2.0ms, proxy.ts: 2ms, application-code: 3ms)
 POST /api/agent/e2e-rich-session 200 in 13ms (next.js: 5ms, proxy.ts: 3ms, application-code: 5ms)
 POST /api/agent/e2e-rich-session 200 in 221ms (next.js: 3ms, proxy.ts: 3ms, application-code: 215ms)
 GET /api/sessions?sessionId=e2e-rich-session 200 in 12ms (next.js: 3ms, proxy.ts: 3ms, application-code: 7ms)
 GET /api/sessions/e2e-rich-session?deferThinking=1&deferMedia=1&tree=summary 200 in 17ms (next.js: 10ms, proxy.ts: 3ms, application-code: 4ms)
 GET /api/sessions?sessionId=e2e-rich-session 200 in 31ms (next.js: 3ms, proxy.ts: 3ms, application-code: 25ms)
 GET /api/git/diff?cwd=%2Fhome%2Fxupeng%2F.cache%2Fpi-tmp%2F01a10f47-ae69-753b-a8de-d77bd690adfd%2Fask-user-full-e2e-retry-jxxdc2by%2Fpi-web-e2e-IlNMZG%2Fproject&path=%2Fhome%2Fxupeng%2F.cache%2Fpi-tmp%2F01a10f47-ae69-753b-a8de-d77bd690adfd%2Fask-user-full-e2e-retry-jxxdc2by%2Fpi-web-e2e-IlNMZG%2Fproject%2Fpreview.html 200 in 29ms (next.js: 2ms, proxy.ts: 9ms, application-code: 18ms)
 GET /api/git/status?cwd=%2Fhome%2Fxupeng%2F.cache%2Fpi-tmp%2F01a10f47-ae69-753b-a8de-d77bd690adfd%2Fask-user-full-e2e-retry-jxxdc2by%2Fpi-web-e2e-IlNMZG%2Fproject 200 in 22ms (next.js: 3ms, proxy.ts: 4ms, application-code: 15ms)
 GET /api/files/home/xupeng/.cache/pi-tmp/01a10f47-ae69-753b-a8de-d77bd690adfd/ask-user-full-e2e-retry-jxxdc2by/pi-web-e2e-IlNMZG/project?type=list 200 in 39ms (next.js: 21ms, proxy.ts: 4ms, application-code: 14ms)
 POST /api/agent/e2e-rich-session 200 in 11ms (next.js: 3ms, proxy.ts: 2ms, application-code: 6ms)
 POST /api/agent/e2e-rich-session 200 in 277ms (next.js: 13ms, proxy.ts: 2ms, application-code: 262ms)
 GET /api/sessions?sessionId=e2e-rich-session 200 in 24ms (next.js: 3ms, proxy.ts: 2ms, application-code: 19ms)
 GET /api/sessions/e2e-rich-session?deferThinking=1&deferMedia=1&tree=summary 200 in 24ms (next.js: 17ms, proxy.ts: 2ms, application-code: 4ms)
 GET /api/sessions?sessionId=e2e-rich-session 200 in 27ms (next.js: 3ms, proxy.ts: 4ms, application-code: 20ms)
 GET /api/git/diff?cwd=%2Fhome%2Fxupeng%2F.cache%2Fpi-tmp%2F01a10f47-ae69-753b-a8de-d77bd690adfd%2Fask-user-full-e2e-retry-jxxdc2by%2Fpi-web-e2e-IlNMZG%2Fproject&path=%2Fhome%2Fxupeng%2F.cache%2Fpi-tmp%2F01a10f47-ae69-753b-a8de-d77bd690adfd%2Fask-user-full-e2e-retry-jxxdc2by%2Fpi-web-e2e-IlNMZG%2Fproject%2Fpreview.html 200 in 28ms (next.js: 9ms, proxy.ts: 4ms, application-code: 15ms)
 GET /api/git/status?cwd=%2Fhome%2Fxupeng%2F.cache%2Fpi-tmp%2F01a10f47-ae69-753b-a8de-d77bd690adfd%2Fask-user-full-e2e-retry-jxxdc2by%2Fpi-web-e2e-IlNMZG%2Fproject 200 in 26ms (next.js: 3ms, proxy.ts: 5ms, application-code: 18ms)
 GET /api/files/home/xupeng/.cache/pi-tmp/01a10f47-ae69-753b-a8de-d77bd690adfd/ask-user-full-e2e-retry-jxxdc2by/pi-web-e2e-IlNMZG/project?type=list 200 in 49ms (next.js: 28ms, proxy.ts: 4ms, application-code: 17ms)
 POST /api/agent/e2e-rich-session 200 in 8ms (next.js: 2ms, proxy.ts: 2ms, application-code: 4ms)
 POST /api/agent/e2e-rich-session 200 in 284ms (next.js: 4ms, proxy.ts: 3ms, application-code: 277ms)
 GET /api/sessions?sessionId=e2e-rich-session 200 in 11ms (next.js: 3ms, proxy.ts: 2ms, application-code: 6ms)
 GET /api/sessions/e2e-rich-session?deferThinking=1&deferMedia=1&tree=summary 200 in 15ms (next.js: 9ms, proxy.ts: 3ms, application-code: 3ms)
 GET /api/sessions?sessionId=e2e-rich-session 200 in 29ms (next.js: 5ms, proxy.ts: 3ms, application-code: 21ms)
 GET /api/git/diff?cwd=%2Fhome%2Fxupeng%2F.cache%2Fpi-tmp%2F01a10f47-ae69-753b-a8de-d77bd690adfd%2Fask-user-full-e2e-retry-jxxdc2by%2Fpi-web-e2e-IlNMZG%2Fproject&path=%2Fhome%2Fxupeng%2F.cache%2Fpi-tmp%2F01a10f47-ae69-753b-a8de-d77bd690adfd%2Fask-user-full-e2e-retry-jxxdc2by%2Fpi-web-e2e-IlNMZG%2Fproject%2Fpreview.html 200 in 26ms (next.js: 8ms, proxy.ts: 3ms, application-code: 15ms)
 GET /api/git/status?cwd=%2Fhome%2Fxupeng%2F.cache%2Fpi-tmp%2F01a10f47-ae69-753b-a8de-d77bd690adfd%2Fask-user-full-e2e-retry-jxxdc2by%2Fpi-web-e2e-IlNMZG%2Fproject 200 in 45ms (next.js: 4ms, proxy.ts: 3ms, application-code: 38ms)
 GET /api/files/home/xupeng/.cache/pi-tmp/01a10f47-ae69-753b-a8de-d77bd690adfd/ask-user-full-e2e-retry-jxxdc2by/pi-web-e2e-IlNMZG/project?type=list 200 in 48ms (next.js: 27ms, proxy.ts: 3ms, application-code: 17ms)
 GET /api/agent/running 200 in 5ms (next.js: 1.4ms, proxy.ts: 2ms, application-code: 1.8ms)
 GET /api/agent/running 200 in 7ms (next.js: 1.9ms, proxy.ts: 3ms, application-code: 3ms)
 GET /api/agent/running 200 in 8ms (next.js: 2ms, proxy.ts: 3ms, application-code: 3ms)
 GET /api/agent/running 200 in 5ms (next.js: 1.4ms, proxy.ts: 1.7ms, application-code: 2ms)
 POST /api/agent/e2e-rich-session 200 in 21ms (next.js: 12ms, proxy.ts: 2ms, application-code: 7ms)
 POST /api/agent/e2e-rich-session 200 in 8.6s (next.js: 13ms, proxy.ts: 4ms, application-code: 8.6s)
 GET /api/sessions?sessionId=e2e-rich-session 200 in 19ms (next.js: 3ms, proxy.ts: 4ms, application-code: 12ms)
 GET /api/sessions/e2e-rich-session?deferThinking=1&deferMedia=1&tree=summary 200 in 36ms (next.js: 26ms, proxy.ts: 4ms, application-code: 6ms)
 GET /api/sessions?sessionId=e2e-rich-session 200 in 34ms (next.js: 4ms, proxy.ts: 5ms, application-code: 26ms)
 GET /api/git/diff?cwd=%2Fhome%2Fxupeng%2F.cache%2Fpi-tmp%2F01a10f47-ae69-753b-a8de-d77bd690adfd%2Fask-user-full-e2e-retry-jxxdc2by%2Fpi-web-e2e-IlNMZG%2Fproject&path=%2Fhome%2Fxupeng%2F.cache%2Fpi-tmp%2F01a10f47-ae69-753b-a8de-d77bd690adfd%2Fask-user-full-e2e-retry-jxxdc2by%2Fpi-web-e2e-IlNMZG%2Fproject%2Fpreview.html 200 in 33ms (next.js: 12ms, proxy.ts: 4ms, application-code: 17ms)
 GET /api/files/home/xupeng/.cache/pi-tmp/01a10f47-ae69-753b-a8de-d77bd690adfd/ask-user-full-e2e-retry-jxxdc2by/pi-web-e2e-IlNMZG/project?type=list 200 in 42ms (next.js: 24ms, proxy.ts: 3ms, application-code: 14ms)
 GET /api/git/status?cwd=%2Fhome%2Fxupeng%2F.cache%2Fpi-tmp%2F01a10f47-ae69-753b-a8de-d77bd690adfd%2Fask-user-full-e2e-retry-jxxdc2by%2Fpi-web-e2e-IlNMZG%2Fproject 200 in 42ms (next.js: 4ms, proxy.ts: 4ms, application-code: 34ms)
 GET /?session=e2e-ask-user-session 200 in 41ms (next.js: 3ms, proxy.ts: 2ms, application-code: 36ms)
 GET /api/agent/e2e-rich-session/events 200 in 16.0s (next.js: 17ms, proxy.ts: 27ms, application-code: 15.9s)
 GET /api/projects 200 in 22ms (next.js: 9ms, proxy.ts: 10ms, application-code: 3ms)
 GET /api/open-in-explorer 200 in 26ms (next.js: 13ms, proxy.ts: 10ms, application-code: 3ms)
 GET /api/home 200 in 29ms (next.js: 17ms, proxy.ts: 9ms, application-code: 3ms)
 GET /api/open-in-explorer 200 in 43ms (next.js: 30ms, proxy.ts: 10ms, application-code: 3ms)
 GET /api/projects?force=1 200 in 53ms (next.js: 27ms, proxy.ts: 10ms, application-code: 16ms)
 GET /api/sessions?sessionId=e2e-ask-user-session 200 in 56ms (next.js: 20ms, proxy.ts: 9ms, application-code: 26ms)
 GET /api/agent/running 200 in 13ms (next.js: 3ms, proxy.ts: 8ms, application-code: 2ms)
 GET /api/home 200 in 16ms (next.js: 6ms, proxy.ts: 8ms, application-code: 2ms)
 GET /api/git/status?cwd=%2Fhome%2Fxupeng%2F.cache%2Fpi-tmp%2F01a10f47-ae69-753b-a8de-d77bd690adfd%2Fask-user-full-e2e-retry-jxxdc2by%2Fpi-web-e2e-IlNMZG%2Fproject 200 in 61ms (next.js: 19ms, proxy.ts: 8ms, application-code: 34ms)
 GET /api/worktrees?cwd=%2Fhome%2Fxupeng%2F.cache%2Fpi-tmp%2F01a10f47-ae69-753b-a8de-d77bd690adfd%2Fask-user-full-e2e-retry-jxxdc2by%2Fpi-web-e2e-IlNMZG%2Fproject 200 in 63ms (next.js: 10ms, proxy.ts: 7ms, application-code: 45ms)
 GET /api/sessions?projectKey=%2Fhome%2Fxupeng%2F.cache%2Fpi-tmp%2F01a10f47-ae69-753b-a8de-d77bd690adfd%2Fask-user-full-e2e-retry-jxxdc2by%2Fpi-web-e2e-IlNMZG%2Fproject 200 in 63ms (next.js: 33ms, proxy.ts: 9ms, application-code: 21ms)
 GET /api/git/status?cwd=%2Fhome%2Fxupeng%2F.cache%2Fpi-tmp%2F01a10f47-ae69-753b-a8de-d77bd690adfd%2Fask-user-full-e2e-retry-jxxdc2by%2Fpi-web-e2e-IlNMZG%2Fproject 200 in 64ms (next.js: 38ms, proxy.ts: 11ms, application-code: 15ms)
 GET /api/files/home/xupeng/.cache/pi-tmp/01a10f47-ae69-753b-a8de-d77bd690adfd/ask-user-full-e2e-retry-jxxdc2by/pi-web-e2e-IlNMZG/project?type=list 200 in 103ms (next.js: 60ms, proxy.ts: 8ms, application-code: 35ms)
 GET /api/files/home/xupeng/.cache/pi-tmp/01a10f47-ae69-753b-a8de-d77bd690adfd/ask-user-full-e2e-retry-jxxdc2by/pi-web-e2e-IlNMZG/project?type=list 200 in 104ms (next.js: 74ms, proxy.ts: 10ms, application-code: 20ms)
 GET /api/project-trust?cwd=%2Fhome%2Fxupeng%2F.cache%2Fpi-tmp%2F01a10f47-ae69-753b-a8de-d77bd690adfd%2Fask-user-full-e2e-retry-jxxdc2by%2Fpi-web-e2e-IlNMZG%2Fproject 200 in 75ms (next.js: 45ms, proxy.ts: 25ms, application-code: 5ms)
 GET /api/file-index?cwd=%2Fhome%2Fxupeng%2F.cache%2Fpi-tmp%2F01a10f47-ae69-753b-a8de-d77bd690adfd%2Fask-user-full-e2e-retry-jxxdc2by%2Fpi-web-e2e-IlNMZG%2Fproject 200 in 87ms (next.js: 17ms, proxy.ts: 25ms, application-code: 46ms)
 GET /api/sessions?projectKey=%2Fhome%2Fxupeng%2F.cache%2Fpi-tmp%2F01a10f47-ae69-753b-a8de-d77bd690adfd%2Fask-user-full-e2e-retry-jxxdc2by%2Fpi-web-e2e-IlNMZG%2Fproject 200 in 70ms (next.js: 50ms, proxy.ts: 10ms, application-code: 10ms)
 GET /api/models?cwd=%2Fhome%2Fxupeng%2F.cache%2Fpi-tmp%2F01a10f47-ae69-753b-a8de-d77bd690adfd%2Fask-user-full-e2e-retry-jxxdc2by%2Fpi-web-e2e-IlNMZG%2Fproject 200 in 62ms (next.js: 7ms, proxy.ts: 51ms, application-code: 3ms)
 GET /api/sessions/e2e-ask-user-session?deferThinking=1&deferMedia=1&tree=summary&force=1 200 in 83ms (next.js: 22ms, proxy.ts: 48ms, application-code: 13ms)
 GET /api/sessions/e2e-ask-user-session?deferThinking=1&deferMedia=1&tree=summary&force=1 200 in 82ms (next.js: 19ms, proxy.ts: 51ms, application-code: 12ms)
[pi-web] session_start dispatched to extensions for session e2e-ask-user-session
 GET /api/sessions/e2e-ask-user-session/state 200 in 33ms (next.js: 14ms, proxy.ts: 14ms, application-code: 6ms)
 POST /api/agent/e2e-ask-user-session 200 in 18ms (next.js: 10ms, proxy.ts: 3ms, application-code: 4ms)
 GET /?session=e2e-ask-user-session 200 in 53ms (next.js: 3ms, proxy.ts: 3ms, application-code: 47ms)
 GET /api/agent/e2e-ask-user-session/events 200 in 1216ms (next.js: 32ms, proxy.ts: 7ms, application-code: 1177ms)
 GET /api/projects 200 in 17ms (next.js: 7ms, proxy.ts: 7ms, application-code: 3ms)
 GET /api/open-in-explorer 200 in 20ms (next.js: 10ms, proxy.ts: 8ms, application-code: 3ms)
 GET /api/home 200 in 23ms (next.js: 13ms, proxy.ts: 8ms, application-code: 2ms)
 GET /api/open-in-explorer 200 in 35ms (next.js: 24ms, proxy.ts: 9ms, application-code: 2.0ms)
 GET /api/sessions?sessionId=e2e-ask-user-session 200 in 43ms (next.js: 16ms, proxy.ts: 8ms, application-code: 19ms)
 GET /api/projects?force=1 200 in 46ms (next.js: 22ms, proxy.ts: 8ms, application-code: 16ms)
 GET /api/agent/running 200 in 10ms (next.js: 4ms, proxy.ts: 5ms, application-code: 1.7ms)
 GET /api/home 200 in 13ms (next.js: 6ms, proxy.ts: 5ms, application-code: 1.6ms)
 GET /api/worktrees?cwd=%2Fhome%2Fxupeng%2F.cache%2Fpi-tmp%2F01a10f47-ae69-753b-a8de-d77bd690adfd%2Fask-user-full-e2e-retry-jxxdc2by%2Fpi-web-e2e-IlNMZG%2Fproject 200 in 55ms (next.js: 8ms, proxy.ts: 10ms, application-code: 37ms)
 GET /api/sessions?projectKey=%2Fhome%2Fxupeng%2F.cache%2Fpi-tmp%2F01a10f47-ae69-753b-a8de-d77bd690adfd%2Fask-user-full-e2e-retry-jxxdc2by%2Fpi-web-e2e-IlNMZG%2Fproject 200 in 55ms (next.js: 26ms, proxy.ts: 11ms, application-code: 18ms)
 GET /api/git/status?cwd=%2Fhome%2Fxupeng%2F.cache%2Fpi-tmp%2F01a10f47-ae69-753b-a8de-d77bd690adfd%2Fask-user-full-e2e-retry-jxxdc2by%2Fpi-web-e2e-IlNMZG%2Fproject 200 in 52ms (next.js: 30ms, proxy.ts: 9ms, application-code: 13ms)
 GET /api/git/status?cwd=%2Fhome%2Fxupeng%2F.cache%2Fpi-tmp%2F01a10f47-ae69-753b-a8de-d77bd690adfd%2Fask-user-full-e2e-retry-jxxdc2by%2Fpi-web-e2e-IlNMZG%2Fproject 200 in 57ms (next.js: 17ms, proxy.ts: 10ms, application-code: 30ms)
 GET /api/files/home/xupeng/.cache/pi-tmp/01a10f47-ae69-753b-a8de-d77bd690adfd/ask-user-full-e2e-retry-jxxdc2by/pi-web-e2e-IlNMZG/project?type=list 200 in 92ms (next.js: 57ms, proxy.ts: 10ms, application-code: 25ms)
 GET /api/files/home/xupeng/.cache/pi-tmp/01a10f47-ae69-753b-a8de-d77bd690adfd/ask-user-full-e2e-retry-jxxdc2by/pi-web-e2e-IlNMZG/project?type=list 200 in 94ms (next.js: 67ms, proxy.ts: 11ms, application-code: 16ms)
 GET /api/file-index?cwd=%2Fhome%2Fxupeng%2F.cache%2Fpi-tmp%2F01a10f47-ae69-753b-a8de-d77bd690adfd%2Fask-user-full-e2e-retry-jxxdc2by%2Fpi-web-e2e-IlNMZG%2Fproject 200 in 29ms (next.js: 9ms, proxy.ts: 19ms, application-code: 1.9ms)
 GET /api/project-trust?cwd=%2Fhome%2Fxupeng%2F.cache%2Fpi-tmp%2F01a10f47-ae69-753b-a8de-d77bd690adfd%2Fask-user-full-e2e-retry-jxxdc2by%2Fpi-web-e2e-IlNMZG%2Fproject 200 in 33ms (next.js: 11ms, proxy.ts: 19ms, application-code: 4ms)
 GET /api/sessions?projectKey=%2Fhome%2Fxupeng%2F.cache%2Fpi-tmp%2F01a10f47-ae69-753b-a8de-d77bd690adfd%2Fask-user-full-e2e-retry-jxxdc2by%2Fpi-web-e2e-IlNMZG%2Fproject 200 in 36ms (next.js: 15ms, proxy.ts: 8ms, application-code: 13ms)
 GET /api/models?cwd=%2Fhome%2Fxupeng%2F.cache%2Fpi-tmp%2F01a10f47-ae69-753b-a8de-d77bd690adfd%2Fask-user-full-e2e-retry-jxxdc2by%2Fpi-web-e2e-IlNMZG%2Fproject 200 in 44ms (next.js: 6ms, proxy.ts: 23ms, application-code: 16ms)
 GET /api/sessions/e2e-ask-user-session?deferThinking=1&deferMedia=1&tree=summary&force=1 200 in 51ms (next.js: 31ms, proxy.ts: 14ms, application-code: 7ms)
 GET /api/sessions/e2e-ask-user-session?deferThinking=1&deferMedia=1&tree=summary&force=1 200 in 54ms (next.js: 27ms, proxy.ts: 22ms, application-code: 5ms)
 GET /api/sessions/e2e-ask-user-session/state 200 in 19ms (next.js: 14ms, proxy.ts: 2ms, application-code: 3ms)
 POST /api/agent/e2e-ask-user-session 200 in 19ms (next.js: 12ms, proxy.ts: 3ms, application-code: 4ms)
 GET /?session=e2e-status-tail-session 200 in 49ms (next.js: 3ms, proxy.ts: 2ms, application-code: 44ms)
 GET /api/agent/e2e-ask-user-session/events 200 in 551ms (next.js: 38ms, proxy.ts: 6ms, application-code: 507ms)
 GET /api/projects 200 in 18ms (next.js: 8ms, proxy.ts: 7ms, application-code: 3ms)
 GET /api/open-in-explorer 200 in 31ms (next.js: 19ms, proxy.ts: 9ms, application-code: 4ms)
 GET /api/open-in-explorer 200 in 38ms (next.js: 28ms, proxy.ts: 7ms, application-code: 3ms)
 GET /api/home 200 in 43ms (next.js: 32ms, proxy.ts: 8ms, application-code: 3ms)
 GET /api/projects?force=1 200 in 50ms (next.js: 16ms, proxy.ts: 8ms, application-code: 26ms)
 GET /api/sessions?sessionId=e2e-status-tail-session 200 in 53ms (next.js: 10ms, proxy.ts: 8ms, application-code: 34ms)
 GET /api/agent/running 200 in 14ms (next.js: 3ms, proxy.ts: 8ms, application-code: 3ms)
 GET /api/home 200 in 19ms (next.js: 8ms, proxy.ts: 8ms, application-code: 3ms)
 GET /api/sessions?projectKey=%2Fhome%2Fxupeng%2F.cache%2Fpi-tmp%2F01a10f47-ae69-753b-a8de-d77bd690adfd%2Fask-user-full-e2e-retry-jxxdc2by%2Fpi-web-e2e-IlNMZG%2Fproject 200 in 69ms (next.js: 28ms, proxy.ts: 16ms, application-code: 25ms)
 GET /api/git/status?cwd=%2Fhome%2Fxupeng%2F.cache%2Fpi-tmp%2F01a10f47-ae69-753b-a8de-d77bd690adfd%2Fask-user-full-e2e-retry-jxxdc2by%2Fpi-web-e2e-IlNMZG%2Fproject 200 in 71ms (next.js: 16ms, proxy.ts: 16ms, application-code: 39ms)
 GET /api/worktrees?cwd=%2Fhome%2Fxupeng%2F.cache%2Fpi-tmp%2F01a10f47-ae69-753b-a8de-d77bd690adfd%2Fask-user-full-e2e-retry-jxxdc2by%2Fpi-web-e2e-IlNMZG%2Fproject 200 in 73ms (next.js: 7ms, proxy.ts: 15ms, application-code: 50ms)
 GET /api/git/status?cwd=%2Fhome%2Fxupeng%2F.cache%2Fpi-tmp%2F01a10f47-ae69-753b-a8de-d77bd690adfd%2Fask-user-full-e2e-retry-jxxdc2by%2Fpi-web-e2e-IlNMZG%2Fproject 200 in 68ms (next.js: 37ms, proxy.ts: 10ms, application-code: 21ms)
 GET /api/files/home/xupeng/.cache/pi-tmp/01a10f47-ae69-753b-a8de-d77bd690adfd/ask-user-full-e2e-retry-jxxdc2by/pi-web-e2e-IlNMZG/project?type=list 200 in 131ms (next.js: 73ms, proxy.ts: 16ms, application-code: 42ms)
 GET /api/files/home/xupeng/.cache/pi-tmp/01a10f47-ae69-753b-a8de-d77bd690adfd/ask-user-full-e2e-retry-jxxdc2by/pi-web-e2e-IlNMZG/project?type=list 200 in 133ms (next.js: 91ms, proxy.ts: 16ms, application-code: 26ms)
 GET /api/file-index?cwd=%2Fhome%2Fxupeng%2F.cache%2Fpi-tmp%2F01a10f47-ae69-753b-a8de-d77bd690adfd%2Fask-user-full-e2e-retry-jxxdc2by%2Fpi-web-e2e-IlNMZG%2Fproject 200 in 68ms (next.js: 9ms, proxy.ts: 56ms, application-code: 3ms)
 GET /api/project-trust?cwd=%2Fhome%2Fxupeng%2F.cache%2Fpi-tmp%2F01a10f47-ae69-753b-a8de-d77bd690adfd%2Fask-user-full-e2e-retry-jxxdc2by%2Fpi-web-e2e-IlNMZG%2Fproject 200 in 27ms (next.js: 14ms, proxy.ts: 10ms, application-code: 4ms)
 GET /api/sessions?projectKey=%2Fhome%2Fxupeng%2F.cache%2Fpi-tmp%2F01a10f47-ae69-753b-a8de-d77bd690adfd%2Fask-user-full-e2e-retry-jxxdc2by%2Fpi-web-e2e-IlNMZG%2Fproject 200 in 40ms (next.js: 17ms, proxy.ts: 11ms, application-code: 12ms)
 GET /api/models?cwd=%2Fhome%2Fxupeng%2F.cache%2Fpi-tmp%2F01a10f47-ae69-753b-a8de-d77bd690adfd%2Fask-user-full-e2e-retry-jxxdc2by%2Fpi-web-e2e-IlNMZG%2Fproject 200 in 31ms (next.js: 5ms, proxy.ts: 22ms, application-code: 4ms)
 GET /api/sessions/e2e-status-tail-session?deferThinking=1&deferMedia=1&tree=summary&force=1 200 in 69ms (next.js: 31ms, proxy.ts: 27ms, application-code: 12ms)
 GET /api/sessions/e2e-status-tail-session?deferThinking=1&deferMedia=1&tree=summary&force=1 200 in 62ms (next.js: 33ms, proxy.ts: 22ms, application-code: 7ms)
 GET /api/agent/running 200 in 5ms (next.js: 1.5ms, proxy.ts: 1.7ms, application-code: 1.7ms)
 GET /?session=e2e-rich-session 200 in 34ms (next.js: 3ms, proxy.ts: 1.7ms, application-code: 29ms)
 GET /api/projects 200 in 14ms (next.js: 6ms, proxy.ts: 6ms, application-code: 1.9ms)
 GET /api/open-in-explorer 200 in 17ms (next.js: 8ms, proxy.ts: 7ms, application-code: 2.0ms)
 GET /api/home 200 in 19ms (next.js: 10ms, proxy.ts: 7ms, application-code: 1.6ms)
 GET /api/open-in-explorer 200 in 26ms (next.js: 17ms, proxy.ts: 7ms, application-code: 1.4ms)
 GET /api/projects?force=1 200 in 32ms (next.js: 16ms, proxy.ts: 7ms, application-code: 9ms)
 GET /api/sessions?sessionId=e2e-rich-session 200 in 34ms (next.js: 12ms, proxy.ts: 7ms, application-code: 14ms)
 GET /api/agent/running 200 in 11ms (next.js: 2ms, proxy.ts: 6ms, application-code: 3ms)
 GET /api/home 200 in 13ms (next.js: 5ms, proxy.ts: 6ms, application-code: 1.7ms)
 GET /api/worktrees?cwd=%2Fhome%2Fxupeng%2F.cache%2Fpi-tmp%2F01a10f47-ae69-753b-a8de-d77bd690adfd%2Fask-user-full-e2e-retry-jxxdc2by%2Fpi-web-e2e-IlNMZG%2Fproject 200 in 51ms (next.js: 7ms, proxy.ts: 5ms, application-code: 39ms)
 GET /api/sessions?projectKey=%2Fhome%2Fxupeng%2F.cache%2Fpi-tmp%2F01a10f47-ae69-753b-a8de-d77bd690adfd%2Fask-user-full-e2e-retry-jxxdc2by%2Fpi-web-e2e-IlNMZG%2Fproject 200 in 50ms (next.js: 25ms, proxy.ts: 6ms, application-code: 20ms)
 GET /api/git/status?cwd=%2Fhome%2Fxupeng%2F.cache%2Fpi-tmp%2F01a10f47-ae69-753b-a8de-d77bd690adfd%2Fask-user-full-e2e-retry-jxxdc2by%2Fpi-web-e2e-IlNMZG%2Fproject 200 in 51ms (next.js: 31ms, proxy.ts: 7ms, application-code: 13ms)
 GET /api/git/status?cwd=%2Fhome%2Fxupeng%2F.cache%2Fpi-tmp%2F01a10f47-ae69-753b-a8de-d77bd690adfd%2Fask-user-full-e2e-retry-jxxdc2by%2Fpi-web-e2e-IlNMZG%2Fproject 200 in 53ms (next.js: 16ms, proxy.ts: 6ms, application-code: 31ms)
 GET /api/files/home/xupeng/.cache/pi-tmp/01a10f47-ae69-753b-a8de-d77bd690adfd/ask-user-full-e2e-retry-jxxdc2by/pi-web-e2e-IlNMZG/project?type=list 200 in 89ms (next.js: 68ms, proxy.ts: 6ms, application-code: 15ms)
 GET /api/files/home/xupeng/.cache/pi-tmp/01a10f47-ae69-753b-a8de-d77bd690adfd/ask-user-full-e2e-retry-jxxdc2by/pi-web-e2e-IlNMZG/project?type=list 200 in 91ms (next.js: 59ms, proxy.ts: 5ms, application-code: 27ms)
 GET /api/file-index?cwd=%2Fhome%2Fxupeng%2F.cache%2Fpi-tmp%2F01a10f47-ae69-753b-a8de-d77bd690adfd%2Fask-user-full-e2e-retry-jxxdc2by%2Fpi-web-e2e-IlNMZG%2Fproject 200 in 17ms (next.js: 8ms, proxy.ts: 8ms, application-code: 1.8ms)
 GET /api/project-trust?cwd=%2Fhome%2Fxupeng%2F.cache%2Fpi-tmp%2F01a10f47-ae69-753b-a8de-d77bd690adfd%2Fask-user-full-e2e-retry-jxxdc2by%2Fpi-web-e2e-IlNMZG%2Fproject 200 in 22ms (next.js: 10ms, proxy.ts: 8ms, application-code: 4ms)
 GET /api/sessions?projectKey=%2Fhome%2Fxupeng%2F.cache%2Fpi-tmp%2F01a10f47-ae69-753b-a8de-d77bd690adfd%2Fask-user-full-e2e-retry-jxxdc2by%2Fpi-web-e2e-IlNMZG%2Fproject 200 in 35ms (next.js: 16ms, proxy.ts: 9ms, application-code: 10ms)
 GET /api/models?cwd=%2Fhome%2Fxupeng%2F.cache%2Fpi-tmp%2F01a10f47-ae69-753b-a8de-d77bd690adfd%2Fask-user-full-e2e-retry-jxxdc2by%2Fpi-web-e2e-IlNMZG%2Fproject 200 in 22ms (next.js: 6ms, proxy.ts: 13ms, application-code: 3ms)
 GET /api/sessions/e2e-rich-session?deferThinking=1&deferMedia=1&tree=summary&force=1 200 in 50ms (next.js: 30ms, proxy.ts: 15ms, application-code: 5ms)
 GET /api/sessions/e2e-rich-session?deferThinking=1&deferMedia=1&tree=summary&force=1 200 in 51ms (next.js: 26ms, proxy.ts: 21ms, application-code: 4ms)
 GET /api/sessions/e2e-rich-session/state 200 in 17ms (next.js: 12ms, proxy.ts: 1.8ms, application-code: 3ms)
 POST /api/agent/e2e-rich-session 200 in 17ms (next.js: 12ms, proxy.ts: 2ms, application-code: 3ms)
 GET /?session=e2e-rich-session 200 in 37ms (next.js: 3ms, proxy.ts: 1.7ms, application-code: 33ms)
 GET /api/agent/e2e-rich-session/events 200 in 443ms (next.js: 35ms, proxy.ts: 6ms, application-code: 402ms)
 GET /api/projects 200 in 22ms (next.js: 9ms, proxy.ts: 9ms, application-code: 4ms)
 GET /api/open-in-explorer 200 in 25ms (next.js: 14ms, proxy.ts: 9ms, application-code: 2ms)
 GET /api/home 200 in 29ms (next.js: 17ms, proxy.ts: 10ms, application-code: 3ms)
 GET /api/open-in-explorer 200 in 44ms (next.js: 31ms, proxy.ts: 10ms, application-code: 3ms)
 GET /api/projects?force=1 200 in 54ms (next.js: 28ms, proxy.ts: 10ms, application-code: 16ms)
 GET /api/sessions?sessionId=e2e-rich-session 200 in 56ms (next.js: 22ms, proxy.ts: 10ms, application-code: 24ms)
 GET /api/agent/running 200 in 15ms (next.js: 3ms, proxy.ts: 10ms, application-code: 2ms)
 GET /api/home 200 in 16ms (next.js: 5ms, proxy.ts: 8ms, application-code: 2ms)
 GET /api/worktrees?cwd=%2Fhome%2Fxupeng%2F.cache%2Fpi-tmp%2F01a10f47-ae69-753b-a8de-d77bd690adfd%2Fask-user-full-e2e-retry-jxxdc2by%2Fpi-web-e2e-IlNMZG%2Fproject 200 in 83ms (next.js: 10ms, proxy.ts: 12ms, application-code: 62ms)
 GET /api/git/status?cwd=%2Fhome%2Fxupeng%2F.cache%2Fpi-tmp%2F01a10f47-ae69-753b-a8de-d77bd690adfd%2Fask-user-full-e2e-retry-jxxdc2by%2Fpi-web-e2e-IlNMZG%2Fproject 200 in 82ms (next.js: 18ms, proxy.ts: 11ms, application-code: 52ms)
 GET /api/sessions?projectKey=%2Fhome%2Fxupeng%2F.cache%2Fpi-tmp%2F01a10f47-ae69-753b-a8de-d77bd690adfd%2Fask-user-full-e2e-retry-jxxdc2by%2Fpi-web-e2e-IlNMZG%2Fproject 200 in 83ms (next.js: 42ms, proxy.ts: 12ms, application-code: 29ms)
 GET /api/git/status?cwd=%2Fhome%2Fxupeng%2F.cache%2Fpi-tmp%2F01a10f47-ae69-753b-a8de-d77bd690adfd%2Fask-user-full-e2e-retry-jxxdc2by%2Fpi-web-e2e-IlNMZG%2Fproject 200 in 84ms (next.js: 49ms, proxy.ts: 13ms, application-code: 22ms)
 GET /api/files/home/xupeng/.cache/pi-tmp/01a10f47-ae69-753b-a8de-d77bd690adfd/ask-user-full-e2e-retry-jxxdc2by/pi-web-e2e-IlNMZG/project?type=list 200 in 134ms (next.js: 90ms, proxy.ts: 11ms, application-code: 33ms)
 GET /api/files/home/xupeng/.cache/pi-tmp/01a10f47-ae69-753b-a8de-d77bd690adfd/ask-user-full-e2e-retry-jxxdc2by/pi-web-e2e-IlNMZG/project?type=list 200 in 136ms (next.js: 102ms, proxy.ts: 12ms, application-code: 21ms)
 GET /api/project-trust?cwd=%2Fhome%2Fxupeng%2F.cache%2Fpi-tmp%2F01a10f47-ae69-753b-a8de-d77bd690adfd%2Fask-user-full-e2e-retry-jxxdc2by%2Fpi-web-e2e-IlNMZG%2Fproject 200 in 63ms (next.js: 35ms, proxy.ts: 24ms, application-code: 4ms)
 GET /api/file-index?cwd=%2Fhome%2Fxupeng%2F.cache%2Fpi-tmp%2F01a10f47-ae69-753b-a8de-d77bd690adfd%2Fask-user-full-e2e-retry-jxxdc2by%2Fpi-web-e2e-IlNMZG%2Fproject 200 in 77ms (next.js: 15ms, proxy.ts: 24ms, application-code: 38ms)
 GET /api/sessions?projectKey=%2Fhome%2Fxupeng%2F.cache%2Fpi-tmp%2F01a10f47-ae69-753b-a8de-d77bd690adfd%2Fask-user-full-e2e-retry-jxxdc2by%2Fpi-web-e2e-IlNMZG%2Fproject 200 in 62ms (next.js: 39ms, proxy.ts: 11ms, application-code: 13ms)
 GET /api/models?cwd=%2Fhome%2Fxupeng%2F.cache%2Fpi-tmp%2F01a10f47-ae69-753b-a8de-d77bd690adfd%2Fask-user-full-e2e-retry-jxxdc2by%2Fpi-web-e2e-IlNMZG%2Fproject 200 in 53ms (next.js: 8ms, proxy.ts: 43ms, application-code: 3ms)
 GET /api/sessions/e2e-rich-session?deferThinking=1&deferMedia=1&tree=summary&force=1 200 in 81ms (next.js: 30ms, proxy.ts: 41ms, application-code: 11ms)
 GET /api/sessions/e2e-rich-session?deferThinking=1&deferMedia=1&tree=summary&force=1 200 in 81ms (next.js: 35ms, proxy.ts: 40ms, application-code: 5ms)
 GET /api/sessions/e2e-rich-session/state 200 in 26ms (next.js: 20ms, proxy.ts: 3ms, application-code: 3ms)
 POST /api/agent/e2e-rich-session 200 in 19ms (next.js: 13ms, proxy.ts: 3ms, application-code: 3ms)
 GET /?session=e2e-rich-session 200 in 41ms (next.js: 3ms, proxy.ts: 2ms, application-code: 36ms)
 GET /api/agent/e2e-rich-session/events 200 in 1964ms (next.js: 41ms, proxy.ts: 5ms, application-code: 1917ms)
 GET /api/projects 200 in 13ms (next.js: 6ms, proxy.ts: 5ms, application-code: 2ms)
 GET /api/open-in-explorer 200 in 16ms (next.js: 8ms, proxy.ts: 6ms, application-code: 2ms)
 GET /api/home 200 in 19ms (next.js: 11ms, proxy.ts: 6ms, application-code: 1.9ms)
 GET /api/open-in-explorer 200 in 26ms (next.js: 18ms, proxy.ts: 7ms, application-code: 1.5ms)
 GET /api/projects?force=1 200 in 32ms (next.js: 17ms, proxy.ts: 6ms, application-code: 9ms)
 GET /api/sessions?sessionId=e2e-rich-session 200 in 34ms (next.js: 13ms, proxy.ts: 6ms, application-code: 15ms)
 GET /api/agent/running 200 in 10ms (next.js: 3ms, proxy.ts: 5ms, application-code: 1.8ms)
 GET /api/home 200 in 12ms (next.js: 5ms, proxy.ts: 6ms, application-code: 1.6ms)
 GET /api/worktrees?cwd=%2Fhome%2Fxupeng%2F.cache%2Fpi-tmp%2F01a10f47-ae69-753b-a8de-d77bd690adfd%2Fask-user-full-e2e-retry-jxxdc2by%2Fpi-web-e2e-IlNMZG%2Fproject 200 in 51ms (next.js: 8ms, proxy.ts: 5ms, application-code: 37ms)
 GET /api/sessions?projectKey=%2Fhome%2Fxupeng%2F.cache%2Fpi-tmp%2F01a10f47-ae69-753b-a8de-d77bd690adfd%2Fask-user-full-e2e-retry-jxxdc2by%2Fpi-web-e2e-IlNMZG%2Fproject 200 in 51ms (next.js: 26ms, proxy.ts: 6ms, application-code: 18ms)
 GET /api/git/status?cwd=%2Fhome%2Fxupeng%2F.cache%2Fpi-tmp%2F01a10f47-ae69-753b-a8de-d77bd690adfd%2Fask-user-full-e2e-retry-jxxdc2by%2Fpi-web-e2e-IlNMZG%2Fproject 200 in 51ms (next.js: 31ms, proxy.ts: 7ms, application-code: 14ms)
 GET /api/git/status?cwd=%2Fhome%2Fxupeng%2F.cache%2Fpi-tmp%2F01a10f47-ae69-753b-a8de-d77bd690adfd%2Fask-user-full-e2e-retry-jxxdc2by%2Fpi-web-e2e-IlNMZG%2Fproject 200 in 53ms (next.js: 17ms, proxy.ts: 6ms, application-code: 30ms)
 GET /api/files/home/xupeng/.cache/pi-tmp/01a10f47-ae69-753b-a8de-d77bd690adfd/ask-user-full-e2e-retry-jxxdc2by/pi-web-e2e-IlNMZG/project?type=list 200 in 90ms (next.js: 58ms, proxy.ts: 6ms, application-code: 27ms)
 GET /api/files/home/xupeng/.cache/pi-tmp/01a10f47-ae69-753b-a8de-d77bd690adfd/ask-user-full-e2e-retry-jxxdc2by/pi-web-e2e-IlNMZG/project?type=list 200 in 92ms (next.js: 68ms, proxy.ts: 7ms, application-code: 17ms)
 GET /api/file-index?cwd=%2Fhome%2Fxupeng%2F.cache%2Fpi-tmp%2F01a10f47-ae69-753b-a8de-d77bd690adfd%2Fask-user-full-e2e-retry-jxxdc2by%2Fpi-web-e2e-IlNMZG%2Fproject 200 in 35ms (next.js: 12ms, proxy.ts: 20ms, application-code: 3ms)
 GET /api/project-trust?cwd=%2Fhome%2Fxupeng%2F.cache%2Fpi-tmp%2F01a10f47-ae69-753b-a8de-d77bd690adfd%2Fask-user-full-e2e-retry-jxxdc2by%2Fpi-web-e2e-IlNMZG%2Fproject 200 in 39ms (next.js: 14ms, proxy.ts: 21ms, application-code: 4ms)
 GET /api/sessions?projectKey=%2Fhome%2Fxupeng%2F.cache%2Fpi-tmp%2F01a10f47-ae69-753b-a8de-d77bd690adfd%2Fask-user-full-e2e-retry-jxxdc2by%2Fpi-web-e2e-IlNMZG%2Fproject 200 in 39ms (next.js: 19ms, proxy.ts: 10ms, application-code: 11ms)
 GET /api/sessions/e2e-rich-session?deferThinking=1&deferMedia=1&tree=summary&force=1 200 in 74ms (next.js: 35ms, proxy.ts: 17ms, application-code: 22ms)
 GET /api/sessions/e2e-rich-session?deferThinking=1&deferMedia=1&tree=summary&force=1 200 in 89ms (next.js: 40ms, proxy.ts: 24ms, application-code: 26ms)
 GET /api/models?cwd=%2Fhome%2Fxupeng%2F.cache%2Fpi-tmp%2F01a10f47-ae69-753b-a8de-d77bd690adfd%2Fask-user-full-e2e-retry-jxxdc2by%2Fpi-web-e2e-IlNMZG%2Fproject 200 in 113ms (next.js: 5ms, proxy.ts: 16ms, application-code: 92ms)
 GET /api/sessions/e2e-rich-session/state 200 in 21ms (next.js: 14ms, proxy.ts: 3ms, application-code: 4ms)
 POST /api/agent/e2e-rich-session 200 in 17ms (next.js: 12ms, proxy.ts: 2ms, application-code: 4ms)
 GET /?session=e2e-rich-session 200 in 44ms (next.js: 3ms, proxy.ts: 2.0ms, application-code: 39ms)
 GET /api/agent/e2e-rich-session/events 200 in 533ms (next.js: 88ms, proxy.ts: 7ms, application-code: 437ms)
 GET /api/projects 200 in 22ms (next.js: 10ms, proxy.ts: 10ms, application-code: 3ms)
 GET /api/open-in-explorer 200 in 25ms (next.js: 13ms, proxy.ts: 10ms, application-code: 3ms)
 GET /api/home 200 in 30ms (next.js: 16ms, proxy.ts: 10ms, application-code: 3ms)
 GET /api/open-in-explorer 200 in 42ms (next.js: 29ms, proxy.ts: 10ms, application-code: 3ms)
 GET /api/projects?force=1 200 in 51ms (next.js: 26ms, proxy.ts: 11ms, application-code: 14ms)
 GET /api/sessions?sessionId=e2e-rich-session 200 in 54ms (next.js: 21ms, proxy.ts: 11ms, application-code: 23ms)
 GET /api/agent/running 200 in 14ms (next.js: 3ms, proxy.ts: 8ms, application-code: 2ms)
 GET /api/home 200 in 17ms (next.js: 6ms, proxy.ts: 8ms, application-code: 3ms)
 GET /api/sessions?projectKey=%2Fhome%2Fxupeng%2F.cache%2Fpi-tmp%2F01a10f47-ae69-753b-a8de-d77bd690adfd%2Fask-user-full-e2e-retry-jxxdc2by%2Fpi-web-e2e-IlNMZG%2Fproject 200 in 79ms (next.js: 39ms, proxy.ts: 12ms, application-code: 28ms)
 GET /api/git/status?cwd=%2Fhome%2Fxupeng%2F.cache%2Fpi-tmp%2F01a10f47-ae69-753b-a8de-d77bd690adfd%2Fask-user-full-e2e-retry-jxxdc2by%2Fpi-web-e2e-IlNMZG%2Fproject 200 in 81ms (next.js: 25ms, proxy.ts: 11ms, application-code: 44ms)
 GET /api/worktrees?cwd=%2Fhome%2Fxupeng%2F.cache%2Fpi-tmp%2F01a10f47-ae69-753b-a8de-d77bd690adfd%2Fask-user-full-e2e-retry-jxxdc2by%2Fpi-web-e2e-IlNMZG%2Fproject 200 in 83ms (next.js: 11ms, proxy.ts: 10ms, application-code: 62ms)
 GET /api/git/status?cwd=%2Fhome%2Fxupeng%2F.cache%2Fpi-tmp%2F01a10f47-ae69-753b-a8de-d77bd690adfd%2Fask-user-full-e2e-retry-jxxdc2by%2Fpi-web-e2e-IlNMZG%2Fproject 200 in 84ms (next.js: 47ms, proxy.ts: 13ms, application-code: 24ms)
 GET /api/files/home/xupeng/.cache/pi-tmp/01a10f47-ae69-753b-a8de-d77bd690adfd/ask-user-full-e2e-retry-jxxdc2by/pi-web-e2e-IlNMZG/project?type=list 200 in 137ms (next.js: 102ms, proxy.ts: 12ms, application-code: 22ms)
 GET /api/files/home/xupeng/.cache/pi-tmp/01a10f47-ae69-753b-a8de-d77bd690adfd/ask-user-full-e2e-retry-jxxdc2by/pi-web-e2e-IlNMZG/project?type=list 200 in 139ms (next.js: 91ms, proxy.ts: 11ms, application-code: 38ms)
 GET /api/file-index?cwd=%2Fhome%2Fxupeng%2F.cache%2Fpi-tmp%2F01a10f47-ae69-753b-a8de-d77bd690adfd%2Fask-user-full-e2e-retry-jxxdc2by%2Fpi-web-e2e-IlNMZG%2Fproject 200 in 71ms (next.js: 13ms, proxy.ts: 55ms, application-code: 3ms)
 GET /api/project-trust?cwd=%2Fhome%2Fxupeng%2F.cache%2Fpi-tmp%2F01a10f47-ae69-753b-a8de-d77bd690adfd%2Fask-user-full-e2e-retry-jxxdc2by%2Fpi-web-e2e-IlNMZG%2Fproject 200 in 32ms (next.js: 17ms, proxy.ts: 9ms, application-code: 5ms)
 GET /api/sessions?projectKey=%2Fhome%2Fxupeng%2F.cache%2Fpi-tmp%2F01a10f47-ae69-753b-a8de-d77bd690adfd%2Fask-user-full-e2e-retry-jxxdc2by%2Fpi-web-e2e-IlNMZG%2Fproject 200 in 51ms (next.js: 23ms, proxy.ts: 14ms, application-code: 14ms)
 GET /api/models?cwd=%2Fhome%2Fxupeng%2F.cache%2Fpi-tmp%2F01a10f47-ae69-753b-a8de-d77bd690adfd%2Fask-user-full-e2e-retry-jxxdc2by%2Fpi-web-e2e-IlNMZG%2Fproject 200 in 42ms (next.js: 9ms, proxy.ts: 27ms, application-code: 5ms)
 GET /api/sessions/e2e-rich-session?deferThinking=1&deferMedia=1&tree=summary&force=1 200 in 68ms (next.js: 34ms, proxy.ts: 22ms, application-code: 13ms)
 GET /api/sessions/e2e-rich-session?deferThinking=1&deferMedia=1&tree=summary&force=1 200 in 70ms (next.js: 39ms, proxy.ts: 22ms, application-code: 9ms)
 GET /api/sessions/e2e-rich-session/state 200 in 9ms (next.js: 3ms, proxy.ts: 2ms, application-code: 3ms)
 POST /api/agent/e2e-rich-session 200 in 7ms (next.js: 2ms, proxy.ts: 2ms, application-code: 3ms)
 GET /api/web-auth 200 in 38ms (next.js: 29ms, proxy.ts: 5ms, application-code: 4ms)
 GET /api/extension-ui/settings 200 in 66ms (next.js: 58ms, proxy.ts: 5ms, application-code: 3ms)
 GET /api/tools/settings 200 in 94ms (next.js: 85ms, proxy.ts: 6ms, application-code: 3ms)
 GET /api/web-auth 200 in 97ms (next.js: 89ms, proxy.ts: 6ms, application-code: 2.0ms)
 GET /api/extension-ui/settings 200 in 96ms (next.js: 3ms, proxy.ts: 91ms, application-code: 1.7ms)
 GET /api/tools/settings 200 in 10ms (next.js: 5ms, proxy.ts: 3ms, application-code: 2ms)
 GET /api/models?cwd=%2Fhome%2Fxupeng%2F.cache%2Fpi-tmp%2F01a10f47-ae69-753b-a8de-d77bd690adfd%2Fask-user-full-e2e-retry-jxxdc2by%2Fpi-web-e2e-IlNMZG%2Fproject 200 in 6ms (next.js: 1.6ms, proxy.ts: 2ms, application-code: 3ms)
 GET /api/web-auth 200 in 15ms (next.js: 6ms, proxy.ts: 6ms, application-code: 2ms)
 GET /api/extension-ui/settings 200 in 17ms (next.js: 9ms, proxy.ts: 7ms, application-code: 2ms)
 GET /api/tools/settings 200 in 20ms (next.js: 11ms, proxy.ts: 7ms, application-code: 2ms)
 GET /api/web-auth 200 in 24ms (next.js: 14ms, proxy.ts: 8ms, application-code: 2ms)
 GET /api/extension-ui/settings 200 in 27ms (next.js: 16ms, proxy.ts: 8ms, application-code: 2ms)
 GET /api/tools/settings 200 in 5ms (next.js: 1.5ms, proxy.ts: 1.7ms, application-code: 1.9ms)
 GET /api/models?cwd=%2Fhome%2Fxupeng%2F.cache%2Fpi-tmp%2F01a10f47-ae69-753b-a8de-d77bd690adfd%2Fask-user-full-e2e-retry-jxxdc2by%2Fpi-web-e2e-IlNMZG%2Fproject 200 in 6ms (next.js: 1.5ms, proxy.ts: 2ms, application-code: 2ms)
 GET /api/web-auth 200 in 26ms (next.js: 5ms, proxy.ts: 20ms, application-code: 1.7ms)
 GET /api/extension-ui/settings 200 in 29ms (next.js: 7ms, proxy.ts: 20ms, application-code: 1.7ms)
 GET /api/tools/settings 200 in 32ms (next.js: 10ms, proxy.ts: 20ms, application-code: 1.9ms)
 GET /api/web-auth 200 in 34ms (next.js: 12ms, proxy.ts: 20ms, application-code: 1.7ms)
 GET /api/extension-ui/settings 200 in 23ms (next.js: 15ms, proxy.ts: 6ms, application-code: 1.7ms)
 GET /api/tools/settings 200 in 5ms (next.js: 1.4ms, proxy.ts: 1.5ms, application-code: 1.7ms)
 GET /api/models?cwd=%2Fhome%2Fxupeng%2F.cache%2Fpi-tmp%2F01a10f47-ae69-753b-a8de-d77bd690adfd%2Fask-user-full-e2e-retry-jxxdc2by%2Fpi-web-e2e-IlNMZG%2Fproject 200 in 5ms (next.js: 1.3ms, proxy.ts: 1.6ms, application-code: 2ms)
 GET /api/web-auth 200 in 13ms (next.js: 6ms, proxy.ts: 5ms, application-code: 1.8ms)
 GET /api/extension-ui/settings 200 in 14ms (next.js: 7ms, proxy.ts: 5ms, application-code: 2ms)
 GET /api/tools/settings 200 in 17ms (next.js: 10ms, proxy.ts: 5ms, application-code: 1.8ms)
 GET /api/web-auth 200 in 19ms (next.js: 12ms, proxy.ts: 5ms, application-code: 1.8ms)
 GET /api/extension-ui/settings 200 in 21ms (next.js: 14ms, proxy.ts: 5ms, application-code: 1.7ms)
 GET /api/tools/settings 200 in 5ms (next.js: 1.5ms, proxy.ts: 1.7ms, application-code: 1.7ms)
 GET /api/models?cwd=%2Fhome%2Fxupeng%2F.cache%2Fpi-tmp%2F01a10f47-ae69-753b-a8de-d77bd690adfd%2Fask-user-full-e2e-retry-jxxdc2by%2Fpi-web-e2e-IlNMZG%2Fproject 200 in 5ms (next.js: 1.5ms, proxy.ts: 1.6ms, application-code: 2ms)
 GET /?session=e2e-rich-session 200 in 32ms (next.js: 3ms, proxy.ts: 2ms, application-code: 27ms)
 GET /api/agent/e2e-rich-session/events 200 in 1784ms (next.js: 29ms, proxy.ts: 10ms, application-code: 1745ms)
 GET /api/projects 200 in 19ms (next.js: 9ms, proxy.ts: 8ms, application-code: 1.9ms)
 GET /api/open-in-explorer 200 in 21ms (next.js: 11ms, proxy.ts: 8ms, application-code: 1.9ms)
 GET /api/home 200 in 24ms (next.js: 13ms, proxy.ts: 9ms, application-code: 1.7ms)
 GET /api/open-in-explorer 200 in 33ms (next.js: 21ms, proxy.ts: 10ms, application-code: 2ms)
 GET /api/projects?force=1 200 in 42ms (next.js: 19ms, proxy.ts: 10ms, application-code: 13ms)
 GET /api/sessions?sessionId=e2e-rich-session 200 in 45ms (next.js: 15ms, proxy.ts: 9ms, application-code: 21ms)
 GET /api/agent/running 200 in 12ms (next.js: 2ms, proxy.ts: 8ms, application-code: 1.6ms)
 GET /api/home 200 in 14ms (next.js: 4ms, proxy.ts: 8ms, application-code: 1.6ms)
 GET /api/worktrees?cwd=%2Fhome%2Fxupeng%2F.cache%2Fpi-tmp%2F01a10f47-ae69-753b-a8de-d77bd690adfd%2Fask-user-full-e2e-retry-jxxdc2by%2Fpi-web-e2e-IlNMZG%2Fproject 200 in 60ms (next.js: 10ms, proxy.ts: 7ms, application-code: 43ms)
 GET /api/sessions?projectKey=%2Fhome%2Fxupeng%2F.cache%2Fpi-tmp%2F01a10f47-ae69-753b-a8de-d77bd690adfd%2Fask-user-full-e2e-retry-jxxdc2by%2Fpi-web-e2e-IlNMZG%2Fproject 200 in 60ms (next.js: 32ms, proxy.ts: 9ms, application-code: 19ms)
 GET /api/git/status?cwd=%2Fhome%2Fxupeng%2F.cache%2Fpi-tmp%2F01a10f47-ae69-753b-a8de-d77bd690adfd%2Fask-user-full-e2e-retry-jxxdc2by%2Fpi-web-e2e-IlNMZG%2Fproject 200 in 60ms (next.js: 36ms, proxy.ts: 10ms, application-code: 15ms)
 GET /api/git/status?cwd=%2Fhome%2Fxupeng%2F.cache%2Fpi-tmp%2F01a10f47-ae69-753b-a8de-d77bd690adfd%2Fask-user-full-e2e-retry-jxxdc2by%2Fpi-web-e2e-IlNMZG%2Fproject 200 in 63ms (next.js: 21ms, proxy.ts: 9ms, application-code: 33ms)
 GET /api/files/home/xupeng/.cache/pi-tmp/01a10f47-ae69-753b-a8de-d77bd690adfd/ask-user-full-e2e-retry-jxxdc2by/pi-web-e2e-IlNMZG/project?type=list 200 in 101ms (next.js: 66ms, proxy.ts: 8ms, application-code: 27ms)
 GET /api/files/home/xupeng/.cache/pi-tmp/01a10f47-ae69-753b-a8de-d77bd690adfd/ask-user-full-e2e-retry-jxxdc2by/pi-web-e2e-IlNMZG/project?type=list 200 in 102ms (next.js: 76ms, proxy.ts: 9ms, application-code: 16ms)
 GET /api/file-index?cwd=%2Fhome%2Fxupeng%2F.cache%2Fpi-tmp%2F01a10f47-ae69-753b-a8de-d77bd690adfd%2Fask-user-full-e2e-retry-jxxdc2by%2Fpi-web-e2e-IlNMZG%2Fproject 200 in 30ms (next.js: 9ms, proxy.ts: 19ms, application-code: 2ms)
 GET /api/project-trust?cwd=%2Fhome%2Fxupeng%2F.cache%2Fpi-tmp%2F01a10f47-ae69-753b-a8de-d77bd690adfd%2Fask-user-full-e2e-retry-jxxdc2by%2Fpi-web-e2e-IlNMZG%2Fproject 200 in 35ms (next.js: 10ms, proxy.ts: 20ms, application-code: 5ms)
 GET /api/sessions?projectKey=%2Fhome%2Fxupeng%2F.cache%2Fpi-tmp%2F01a10f47-ae69-753b-a8de-d77bd690adfd%2Fask-user-full-e2e-retry-jxxdc2by%2Fpi-web-e2e-IlNMZG%2Fproject 200 in 45ms (next.js: 15ms, proxy.ts: 9ms, application-code: 20ms)
 GET /api/models?cwd=%2Fhome%2Fxupeng%2F.cache%2Fpi-tmp%2F01a10f47-ae69-753b-a8de-d77bd690adfd%2Fask-user-full-e2e-retry-jxxdc2by%2Fpi-web-e2e-IlNMZG%2Fproject 200 in 32ms (next.js: 5ms, proxy.ts: 24ms, application-code: 4ms)
 GET /api/sessions/e2e-rich-session?deferThinking=1&deferMedia=1&tree=summary&force=1 200 in 62ms (next.js: 35ms, proxy.ts: 19ms, application-code: 8ms)
 GET /api/sessions/e2e-rich-session?deferThinking=1&deferMedia=1&tree=summary&force=1 200 in 62ms (next.js: 38ms, proxy.ts: 18ms, application-code: 5ms)
 GET /api/sessions/e2e-rich-session/state 200 in 27ms (next.js: 21ms, proxy.ts: 2ms, application-code: 4ms)
 POST /api/agent/e2e-rich-session 200 in 20ms (next.js: 13ms, proxy.ts: 3ms, application-code: 3ms)
 GET /api/web-auth 200 in 19ms (next.js: 9ms, proxy.ts: 8ms, application-code: 3ms)
 GET /api/extension-ui/settings 200 in 24ms (next.js: 12ms, proxy.ts: 8ms, application-code: 4ms)
 GET /api/tools/settings 200 in 28ms (next.js: 16ms, proxy.ts: 9ms, application-code: 3ms)
 GET /api/web-auth 200 in 34ms (next.js: 20ms, proxy.ts: 10ms, application-code: 4ms)
 GET /api/extension-ui/settings 200 in 32ms (next.js: 4ms, proxy.ts: 26ms, application-code: 3ms)
 GET /api/tools/settings 200 in 13ms (next.js: 1.9ms, proxy.ts: 8ms, application-code: 3ms)
 GET /api/models?cwd=%2Fhome%2Fxupeng%2F.cache%2Fpi-tmp%2F01a10f47-ae69-753b-a8de-d77bd690adfd%2Fask-user-full-e2e-retry-jxxdc2by%2Fpi-web-e2e-IlNMZG%2Fproject 200 in 5ms (next.js: 1.4ms, proxy.ts: 1.7ms, application-code: 2ms)
 GET /api/web-auth 200 in 15ms (next.js: 7ms, proxy.ts: 5ms, application-code: 3ms)
 GET /api/extension-ui/settings 200 in 18ms (next.js: 11ms, proxy.ts: 5ms, application-code: 2ms)
 GET /api/tools/settings 200 in 22ms (next.js: 14ms, proxy.ts: 6ms, application-code: 3ms)
 GET /api/web-auth 200 in 26ms (next.js: 18ms, proxy.ts: 6ms, application-code: 1.7ms)
 GET /api/extension-ui/settings 200 in 28ms (next.js: 20ms, proxy.ts: 7ms, application-code: 1.8ms)
 GET /api/tools/settings 200 in 6ms (next.js: 1.9ms, proxy.ts: 1.9ms, application-code: 2ms)
 GET /api/agent/running 200 in 5ms (next.js: 1.4ms, proxy.ts: 1.5ms, application-code: 1.7ms)
 GET /?session=e2e-rich-session 200 in 37ms (next.js: 4ms, proxy.ts: 1.5ms, application-code: 32ms)
 GET /api/agent/e2e-rich-session/events 200 in 2.8s (next.js: 37ms, proxy.ts: 5ms, application-code: 2.8s)
 GET /api/projects 200 in 12ms (next.js: 5ms, proxy.ts: 5ms, application-code: 1.9ms)
 GET /api/open-in-explorer 200 in 16ms (next.js: 8ms, proxy.ts: 5ms, application-code: 2ms)
 GET /api/home 200 in 19ms (next.js: 12ms, proxy.ts: 6ms, application-code: 2ms)
 GET /api/open-in-explorer 200 in 28ms (next.js: 20ms, proxy.ts: 6ms, application-code: 2.0ms)
 GET /api/projects?force=1 200 in 34ms (next.js: 18ms, proxy.ts: 6ms, application-code: 10ms)
 GET /api/sessions?sessionId=e2e-rich-session 200 in 37ms (next.js: 15ms, proxy.ts: 6ms, application-code: 16ms)
 GET /api/agent/running 200 in 11ms (next.js: 2ms, proxy.ts: 7ms, application-code: 1.6ms)
 GET /api/home 200 in 14ms (next.js: 5ms, proxy.ts: 8ms, application-code: 1.6ms)
 GET /api/git/status?cwd=%2Fhome%2Fxupeng%2F.cache%2Fpi-tmp%2F01a10f47-ae69-753b-a8de-d77bd690adfd%2Fask-user-full-e2e-retry-jxxdc2by%2Fpi-web-e2e-IlNMZG%2Fproject 200 in 64ms (next.js: 20ms, proxy.ts: 8ms, application-code: 36ms)
 GET /api/worktrees?cwd=%2Fhome%2Fxupeng%2F.cache%2Fpi-tmp%2F01a10f47-ae69-753b-a8de-d77bd690adfd%2Fask-user-full-e2e-retry-jxxdc2by%2Fpi-web-e2e-IlNMZG%2Fproject 200 in 66ms (next.js: 9ms, proxy.ts: 7ms, application-code: 51ms)
 GET /api/sessions?projectKey=%2Fhome%2Fxupeng%2F.cache%2Fpi-tmp%2F01a10f47-ae69-753b-a8de-d77bd690adfd%2Fask-user-full-e2e-retry-jxxdc2by%2Fpi-web-e2e-IlNMZG%2Fproject 200 in 66ms (next.js: 34ms, proxy.ts: 8ms, application-code: 24ms)
 GET /api/git/status?cwd=%2Fhome%2Fxupeng%2F.cache%2Fpi-tmp%2F01a10f47-ae69-753b-a8de-d77bd690adfd%2Fask-user-full-e2e-retry-jxxdc2by%2Fpi-web-e2e-IlNMZG%2Fproject 200 in 86ms (next.js: 40ms, proxy.ts: 8ms, application-code: 38ms)
 GET /api/files/home/xupeng/.cache/pi-tmp/01a10f47-ae69-753b-a8de-d77bd690adfd/ask-user-full-e2e-retry-jxxdc2by/pi-web-e2e-IlNMZG/project?type=list 200 in 106ms (next.js: 71ms, proxy.ts: 8ms, application-code: 28ms)
 GET /api/files/home/xupeng/.cache/pi-tmp/01a10f47-ae69-753b-a8de-d77bd690adfd/ask-user-full-e2e-retry-jxxdc2by/pi-web-e2e-IlNMZG/project?type=list 200 in 107ms (next.js: 83ms, proxy.ts: 8ms, application-code: 16ms)
 GET /api/project-trust?cwd=%2Fhome%2Fxupeng%2F.cache%2Fpi-tmp%2F01a10f47-ae69-753b-a8de-d77bd690adfd%2Fask-user-full-e2e-retry-jxxdc2by%2Fpi-web-e2e-IlNMZG%2Fproject 200 in 50ms (next.js: 26ms, proxy.ts: 21ms, application-code: 3ms)
 GET /api/file-index?cwd=%2Fhome%2Fxupeng%2F.cache%2Fpi-tmp%2F01a10f47-ae69-753b-a8de-d77bd690adfd%2Fask-user-full-e2e-retry-jxxdc2by%2Fpi-web-e2e-IlNMZG%2Fproject 200 in 80ms (next.js: 8ms, proxy.ts: 20ms, application-code: 52ms)
 GET /api/sessions?projectKey=%2Fhome%2Fxupeng%2F.cache%2Fpi-tmp%2F01a10f47-ae69-753b-a8de-d77bd690adfd%2Fask-user-full-e2e-retry-jxxdc2by%2Fpi-web-e2e-IlNMZG%2Fproject 200 in 66ms (next.js: 31ms, proxy.ts: 8ms, application-code: 27ms)
 GET /api/models?cwd=%2Fhome%2Fxupeng%2F.cache%2Fpi-tmp%2F01a10f47-ae69-753b-a8de-d77bd690adfd%2Fask-user-full-e2e-retry-jxxdc2by%2Fpi-web-e2e-IlNMZG%2Fproject 200 in 66ms (next.js: 8ms, proxy.ts: 55ms, application-code: 3ms)
 GET /api/sessions/e2e-rich-session?deferThinking=1&deferMedia=1&tree=summary&force=1 200 in 91ms (next.js: 52ms, proxy.ts: 30ms, application-code: 9ms)
 GET /api/sessions/e2e-rich-session?deferThinking=1&deferMedia=1&tree=summary&force=1 200 in 91ms (next.js: 54ms, proxy.ts: 31ms, application-code: 6ms)
 GET /api/sessions/e2e-rich-session/state 200 in 23ms (next.js: 16ms, proxy.ts: 3ms, application-code: 4ms)
 POST /api/agent/e2e-rich-session 200 in 21ms (next.js: 14ms, proxy.ts: 3ms, application-code: 4ms)
 GET /api/web-auth 200 in 19ms (next.js: 9ms, proxy.ts: 7ms, application-code: 3ms)
 GET /api/extension-ui/settings 200 in 23ms (next.js: 13ms, proxy.ts: 7ms, application-code: 3ms)
 GET /api/tools/settings 200 in 27ms (next.js: 16ms, proxy.ts: 8ms, application-code: 3ms)
 GET /api/web-auth 200 in 31ms (next.js: 19ms, proxy.ts: 8ms, application-code: 3ms)
 GET /api/extension-ui/settings 200 in 31ms (next.js: 5ms, proxy.ts: 22ms, application-code: 3ms)
 GET /api/tools/settings 200 in 16ms (next.js: 8ms, proxy.ts: 6ms, application-code: 3ms)
 GET /api/models?cwd=%2Fhome%2Fxupeng%2F.cache%2Fpi-tmp%2F01a10f47-ae69-753b-a8de-d77bd690adfd%2Fask-user-full-e2e-retry-jxxdc2by%2Fpi-web-e2e-IlNMZG%2Fproject 200 in 7ms (next.js: 1.6ms, proxy.ts: 2ms, application-code: 3ms)
 GET /api/agent/running 200 in 5ms (next.js: 1.2ms, proxy.ts: 2ms, application-code: 1.8ms)
 GET /api/agent/e2e-rich-session/events 200 in 3.6s (next.js: 40ms, proxy.ts: 6ms, application-code: 3.5s)
 GET /?session=e2e-mcp-codemode 200 in 38ms (next.js: 2ms, proxy.ts: 1.6ms, application-code: 34ms)
 GET /api/projects 200 in 11ms (next.js: 6ms, proxy.ts: 4ms, application-code: 1.7ms)
 GET /api/open-in-explorer 200 in 13ms (next.js: 7ms, proxy.ts: 4ms, application-code: 2.0ms)
 GET /api/agent/running 200 in 18ms (next.js: 11ms, proxy.ts: 6ms, application-code: 1.7ms)
 GET /api/home 200 in 21ms (next.js: 8ms, proxy.ts: 11ms, application-code: 1.7ms)
 GET /api/sessions?sessionId=e2e-mcp-codemode 200 in 31ms (next.js: 10ms, proxy.ts: 11ms, application-code: 9ms)
 GET /api/agent/running 200 in 18ms (next.js: 6ms, proxy.ts: 11ms, application-code: 1.6ms)
 GET /api/open-in-explorer 200 in 20ms (next.js: 8ms, proxy.ts: 11ms, application-code: 1.4ms)
 GET /api/projects?force=1 200 in 29ms (next.js: 7ms, proxy.ts: 11ms, application-code: 11ms)
 GET /api/home 200 in 17ms (next.js: 4ms, proxy.ts: 11ms, application-code: 1.7ms)
 GET /api/worktrees?cwd=%2Fhome%2Fxupeng%2F.cache%2Fpi-tmp%2F01a10f47-ae69-753b-a8de-d77bd690adfd%2Fask-user-full-e2e-retry-jxxdc2by%2Fpi-web-e2e-IlNMZG%2Fproject 200 in 20ms (next.js: 3ms, proxy.ts: 1.6ms, application-code: 15ms)
 GET /api/models?cwd=%2Fhome%2Fxupeng%2F.cache%2Fpi-tmp%2F01a10f47-ae69-753b-a8de-d77bd690adfd%2Fask-user-full-e2e-retry-jxxdc2by%2Fpi-web-e2e-IlNMZG%2Fproject 200 in 48ms (next.js: 21ms, proxy.ts: 6ms, application-code: 21ms)
 GET /api/git/status?cwd=%2Fhome%2Fxupeng%2F.cache%2Fpi-tmp%2F01a10f47-ae69-753b-a8de-d77bd690adfd%2Fask-user-full-e2e-retry-jxxdc2by%2Fpi-web-e2e-IlNMZG%2Fproject 200 in 65ms (next.js: 6ms, proxy.ts: 17ms, application-code: 41ms)
 GET /api/sessions?projectKey=%2Fhome%2Fxupeng%2F.cache%2Fpi-tmp%2F01a10f47-ae69-753b-a8de-d77bd690adfd%2Fask-user-full-e2e-retry-jxxdc2by%2Fpi-web-e2e-IlNMZG%2Fproject 200 in 52ms (next.js: 16ms, proxy.ts: 6ms, application-code: 29ms)
 GET /api/files/home/xupeng/.cache/pi-tmp/01a10f47-ae69-753b-a8de-d77bd690adfd/ask-user-full-e2e-retry-jxxdc2by/pi-web-e2e-IlNMZG/project?type=list 200 in 70ms (next.js: 40ms, proxy.ts: 15ms, application-code: 15ms)
 GET /api/file-index?cwd=%2Fhome%2Fxupeng%2F.cache%2Fpi-tmp%2F01a10f47-ae69-753b-a8de-d77bd690adfd%2Fask-user-full-e2e-retry-jxxdc2by%2Fpi-web-e2e-IlNMZG%2Fproject 200 in 53ms (next.js: 30ms, proxy.ts: 21ms, application-code: 2ms)
 GET /api/sessions/e2e-mcp-codemode?deferThinking=1&deferMedia=1&tree=summary&force=1 200 in 80ms (next.js: 64ms, proxy.ts: 6ms, application-code: 10ms)
 GET /api/project-trust?cwd=%2Fhome%2Fxupeng%2F.cache%2Fpi-tmp%2F01a10f47-ae69-753b-a8de-d77bd690adfd%2Fask-user-full-e2e-retry-jxxdc2by%2Fpi-web-e2e-IlNMZG%2Fproject 200 in 36ms (next.js: 8ms, proxy.ts: 24ms, application-code: 4ms)
 GET /api/models?cwd=%2Fhome%2Fxupeng%2F.cache%2Fpi-tmp%2F01a10f47-ae69-753b-a8de-d77bd690adfd%2Fask-user-full-e2e-retry-jxxdc2by%2Fpi-web-e2e-IlNMZG%2Fproject 200 in 41ms (next.js: 13ms, proxy.ts: 24ms, application-code: 4ms)
 GET /api/git/status?cwd=%2Fhome%2Fxupeng%2F.cache%2Fpi-tmp%2F01a10f47-ae69-753b-a8de-d77bd690adfd%2Fask-user-full-e2e-retry-jxxdc2by%2Fpi-web-e2e-IlNMZG%2Fproject 200 in 56ms (next.js: 15ms, proxy.ts: 9ms, application-code: 32ms)
 GET /api/files/home/xupeng/.cache/pi-tmp/01a10f47-ae69-753b-a8de-d77bd690adfd/ask-user-full-e2e-retry-jxxdc2by/pi-web-e2e-IlNMZG/project?type=list 200 in 91ms (next.js: 41ms, proxy.ts: 15ms, application-code: 35ms)
 GET /api/sessions/e2e-mcp-codemode?deferThinking=1&deferMedia=1&tree=summary&force=1 200 in 88ms (next.js: 51ms, proxy.ts: 16ms, application-code: 21ms)
 GET /api/sessions/e2e-mcp-codemode/state 200 in 19ms (next.js: 14ms, proxy.ts: 2ms, application-code: 3ms)
 POST /api/agent/e2e-mcp-codemode 200 in 18ms (next.js: 12ms, proxy.ts: 3ms, application-code: 4ms)
 GET /api/git/status?cwd=%2Fhome%2Fxupeng%2F.cache%2Fpi-tmp%2F01a10f47-ae69-753b-a8de-d77bd690adfd%2Fask-user-full-e2e-retry-jxxdc2by%2Fpi-web-e2e-IlNMZG%2Fproject 200 in 22ms (next.js: 3ms, proxy.ts: 4ms, application-code: 14ms)
 GET /api/files/home/xupeng/.cache/pi-tmp/01a10f47-ae69-753b-a8de-d77bd690adfd/ask-user-full-e2e-retry-jxxdc2by/pi-web-e2e-IlNMZG/project?type=list 200 in 36ms (next.js: 20ms, proxy.ts: 4ms, application-code: 12ms)
 GET /?session=e2e-extension-queues 200 in 44ms (next.js: 3ms, proxy.ts: 3ms, application-code: 38ms)
 GET /api/agent/e2e-mcp-codemode/events 200 in 1396ms (next.js: 48ms, proxy.ts: 24ms, application-code: 1324ms)
 GET /api/projects 200 in 14ms (next.js: 6ms, proxy.ts: 6ms, application-code: 1.6ms)
 GET /api/open-in-explorer 200 in 16ms (next.js: 8ms, proxy.ts: 6ms, application-code: 1.7ms)
 GET /api/home 200 in 19ms (next.js: 10ms, proxy.ts: 7ms, application-code: 1.9ms)
 GET /api/open-in-explorer 200 in 26ms (next.js: 17ms, proxy.ts: 8ms, application-code: 1.5ms)
 GET /api/projects?force=1 200 in 32ms (next.js: 16ms, proxy.ts: 7ms, application-code: 9ms)
 GET /api/sessions?sessionId=e2e-extension-queues 200 in 34ms (next.js: 12ms, proxy.ts: 7ms, application-code: 14ms)
 GET /api/agent/running 200 in 11ms (next.js: 2ms, proxy.ts: 7ms, application-code: 2ms)
 GET /api/home 200 in 14ms (next.js: 5ms, proxy.ts: 6ms, application-code: 2ms)
 GET /api/worktrees?cwd=%2Fhome%2Fxupeng%2F.cache%2Fpi-tmp%2F01a10f47-ae69-753b-a8de-d77bd690adfd%2Fask-user-full-e2e-retry-jxxdc2by%2Fpi-web-e2e-IlNMZG%2Fproject 200 in 62ms (next.js: 8ms, proxy.ts: 7ms, application-code: 47ms)
 GET /api/sessions?projectKey=%2Fhome%2Fxupeng%2F.cache%2Fpi-tmp%2F01a10f47-ae69-753b-a8de-d77bd690adfd%2Fask-user-full-e2e-retry-jxxdc2by%2Fpi-web-e2e-IlNMZG%2Fproject 200 in 62ms (next.js: 34ms, proxy.ts: 8ms, application-code: 20ms)
 GET /api/git/status?cwd=%2Fhome%2Fxupeng%2F.cache%2Fpi-tmp%2F01a10f47-ae69-753b-a8de-d77bd690adfd%2Fask-user-full-e2e-retry-jxxdc2by%2Fpi-web-e2e-IlNMZG%2Fproject 200 in 62ms (next.js: 38ms, proxy.ts: 9ms, application-code: 15ms)
 GET /api/git/status?cwd=%2Fhome%2Fxupeng%2F.cache%2Fpi-tmp%2F01a10f47-ae69-753b-a8de-d77bd690adfd%2Fask-user-full-e2e-retry-jxxdc2by%2Fpi-web-e2e-IlNMZG%2Fproject 200 in 64ms (next.js: 22ms, proxy.ts: 8ms, application-code: 34ms)
 GET /api/files/home/xupeng/.cache/pi-tmp/01a10f47-ae69-753b-a8de-d77bd690adfd/ask-user-full-e2e-retry-jxxdc2by/pi-web-e2e-IlNMZG/project?type=list 200 in 105ms (next.js: 69ms, proxy.ts: 8ms, application-code: 28ms)
 GET /api/files/home/xupeng/.cache/pi-tmp/01a10f47-ae69-753b-a8de-d77bd690adfd/ask-user-full-e2e-retry-jxxdc2by/pi-web-e2e-IlNMZG/project?type=list 200 in 106ms (next.js: 80ms, proxy.ts: 8ms, application-code: 18ms)
 GET /api/file-index?cwd=%2Fhome%2Fxupeng%2F.cache%2Fpi-tmp%2F01a10f47-ae69-753b-a8de-d77bd690adfd%2Fask-user-full-e2e-retry-jxxdc2by%2Fpi-web-e2e-IlNMZG%2Fproject 200 in 33ms (next.js: 10ms, proxy.ts: 20ms, application-code: 2ms)
 GET /api/project-trust?cwd=%2Fhome%2Fxupeng%2F.cache%2Fpi-tmp%2F01a10f47-ae69-753b-a8de-d77bd690adfd%2Fask-user-full-e2e-retry-jxxdc2by%2Fpi-web-e2e-IlNMZG%2Fproject 200 in 24ms (next.js: 13ms, proxy.ts: 8ms, application-code: 3ms)
 GET /api/sessions?projectKey=%2Fhome%2Fxupeng%2F.cache%2Fpi-tmp%2F01a10f47-ae69-753b-a8de-d77bd690adfd%2Fask-user-full-e2e-retry-jxxdc2by%2Fpi-web-e2e-IlNMZG%2Fproject 200 in 32ms (next.js: 17ms, proxy.ts: 8ms, application-code: 8ms)
 GET /api/models?cwd=%2Fhome%2Fxupeng%2F.cache%2Fpi-tmp%2F01a10f47-ae69-753b-a8de-d77bd690adfd%2Fask-user-full-e2e-retry-jxxdc2by%2Fpi-web-e2e-IlNMZG%2Fproject 200 in 26ms (next.js: 4ms, proxy.ts: 19ms, application-code: 3ms)
 GET /api/sessions/e2e-extension-queues?deferThinking=1&deferMedia=1&tree=summary&force=1 200 in 50ms (next.js: 30ms, proxy.ts: 10ms, application-code: 9ms)
 GET /api/sessions/e2e-extension-queues?deferThinking=1&deferMedia=1&tree=summary&force=1 200 in 48ms (next.js: 24ms, proxy.ts: 19ms, application-code: 5ms)
 GET /api/agent/running 200 in 5ms (next.js: 1.3ms, proxy.ts: 2.0ms, application-code: 1.9ms)
 GET /api/agent/running 200 in 5ms (next.js: 1.2ms, proxy.ts: 1.7ms, application-code: 2ms)
 GET /?session=e2e-mcp-codemode 200 in 34ms (next.js: 3ms, proxy.ts: 1.7ms, application-code: 29ms)
 GET /api/projects 200 in 11ms (next.js: 6ms, proxy.ts: 4ms, application-code: 1.7ms)
 GET /api/open-in-explorer 200 in 16ms (next.js: 9ms, proxy.ts: 5ms, application-code: 2ms)
 GET /api/agent/running 200 in 18ms (next.js: 11ms, proxy.ts: 6ms, application-code: 1.5ms)
 GET /api/home 200 in 20ms (next.js: 10ms, proxy.ts: 8ms, application-code: 1.6ms)
 GET /api/sessions?sessionId=e2e-mcp-codemode 200 in 33ms (next.js: 13ms, proxy.ts: 8ms, application-code: 12ms)
 GET /api/projects?force=1 200 in 32ms (next.js: 13ms, proxy.ts: 11ms, application-code: 8ms)
 GET /api/agent/running 200 in 25ms (next.js: 10ms, proxy.ts: 13ms, application-code: 1.5ms)
 GET /api/open-in-explorer 200 in 18ms (next.js: 9ms, proxy.ts: 7ms, application-code: 1.4ms)
 GET /api/home 200 in 18ms (next.js: 9ms, proxy.ts: 8ms, application-code: 1.4ms)
 GET /api/worktrees?cwd=%2Fhome%2Fxupeng%2F.cache%2Fpi-tmp%2F01a10f47-ae69-753b-a8de-d77bd690adfd%2Fask-user-full-e2e-retry-jxxdc2by%2Fpi-web-e2e-IlNMZG%2Fproject 200 in 21ms (next.js: 3ms, proxy.ts: 3ms, application-code: 15ms)
 GET /api/git/status?cwd=%2Fhome%2Fxupeng%2F.cache%2Fpi-tmp%2F01a10f47-ae69-753b-a8de-d77bd690adfd%2Fask-user-full-e2e-retry-jxxdc2by%2Fpi-web-e2e-IlNMZG%2Fproject 200 in 57ms (next.js: 6ms, proxy.ts: 15ms, application-code: 35ms)
 GET /api/files/home/xupeng/.cache/pi-tmp/01a10f47-ae69-753b-a8de-d77bd690adfd/ask-user-full-e2e-retry-jxxdc2by/pi-web-e2e-IlNMZG/project?type=list 200 in 70ms (next.js: 44ms, proxy.ts: 3ms, application-code: 22ms)
 GET /api/sessions?projectKey=%2Fhome%2Fxupeng%2F.cache%2Fpi-tmp%2F01a10f47-ae69-753b-a8de-d77bd690adfd%2Fask-user-full-e2e-retry-jxxdc2by%2Fpi-web-e2e-IlNMZG%2Fproject 200 in 55ms (next.js: 38ms, proxy.ts: 7ms, application-code: 10ms)
 GET /api/file-index?cwd=%2Fhome%2Fxupeng%2F.cache%2Fpi-tmp%2F01a10f47-ae69-753b-a8de-d77bd690adfd%2Fask-user-full-e2e-retry-jxxdc2by%2Fpi-web-e2e-IlNMZG%2Fproject 200 in 77ms (next.js: 9ms, proxy.ts: 32ms, application-code: 36ms)
 GET /api/sessions/e2e-mcp-codemode?deferThinking=1&deferMedia=1&tree=summary&force=1 200 in 97ms (next.js: 72ms, proxy.ts: 17ms, application-code: 9ms)
 GET /api/project-trust?cwd=%2Fhome%2Fxupeng%2F.cache%2Fpi-tmp%2F01a10f47-ae69-753b-a8de-d77bd690adfd%2Fask-user-full-e2e-retry-jxxdc2by%2Fpi-web-e2e-IlNMZG%2Fproject 200 in 52ms (next.js: 42ms, proxy.ts: 8ms, application-code: 3ms)
 GET /api/sessions?projectKey=%2Fhome%2Fxupeng%2F.cache%2Fpi-tmp%2F01a10f47-ae69-753b-a8de-d77bd690adfd%2Fask-user-full-e2e-retry-jxxdc2by%2Fpi-web-e2e-IlNMZG%2Fproject 200 in 58ms (next.js: 25ms, proxy.ts: 25ms, application-code: 8ms)
 GET /api/models?cwd=%2Fhome%2Fxupeng%2F.cache%2Fpi-tmp%2F01a10f47-ae69-753b-a8de-d77bd690adfd%2Fask-user-full-e2e-retry-jxxdc2by%2Fpi-web-e2e-IlNMZG%2Fproject 200 in 59ms (next.js: 17ms, proxy.ts: 39ms, application-code: 3ms)
 GET /api/git/status?cwd=%2Fhome%2Fxupeng%2F.cache%2Fpi-tmp%2F01a10f47-ae69-753b-a8de-d77bd690adfd%2Fask-user-full-e2e-retry-jxxdc2by%2Fpi-web-e2e-IlNMZG%2Fproject 200 in 38ms (next.js: 17ms, proxy.ts: 8ms, application-code: 13ms)
 GET /api/files/home/xupeng/.cache/pi-tmp/01a10f47-ae69-753b-a8de-d77bd690adfd/ask-user-full-e2e-retry-jxxdc2by/pi-web-e2e-IlNMZG/project?type=list 200 in 58ms (next.js: 32ms, proxy.ts: 8ms, application-code: 18ms)
 GET /api/sessions/e2e-mcp-codemode?deferThinking=1&deferMedia=1&tree=summary&force=1 200 in 54ms (next.js: 43ms, proxy.ts: 6ms, application-code: 6ms)
 GET /api/git/status?cwd=%2Fhome%2Fxupeng%2F.cache%2Fpi-tmp%2F01a10f47-ae69-753b-a8de-d77bd690adfd%2Fask-user-full-e2e-retry-jxxdc2by%2Fpi-web-e2e-IlNMZG%2Fproject 200 in 21ms (next.js: 2ms, proxy.ts: 5ms, application-code: 14ms)
 GET /api/files/home/xupeng/.cache/pi-tmp/01a10f47-ae69-753b-a8de-d77bd690adfd/ask-user-full-e2e-retry-jxxdc2by/pi-web-e2e-IlNMZG/project?type=list 200 in 34ms (next.js: 8ms, proxy.ts: 13ms, application-code: 13ms)
 GET /api/sessions/e2e-mcp-codemode/state 200 in 34ms (next.js: 27ms, proxy.ts: 4ms, application-code: 3ms)
 POST /api/agent/e2e-mcp-codemode 200 in 17ms (next.js: 12ms, proxy.ts: 3ms, application-code: 3ms)
 GET /api/sessions/e2e-mcp-codemode 200 in 11ms (next.js: 4ms, proxy.ts: 3ms, application-code: 4ms)
 GET /api/sessions/e2e-mcp-codemode 200 in 10ms (next.js: 3ms, proxy.ts: 3ms, application-code: 4ms)
 GET /?session=e2e-mcp-codemode 200 in 45ms (next.js: 3ms, proxy.ts: 1.7ms, application-code: 40ms)
 GET /api/agent/e2e-mcp-codemode/events 200 in 931ms (next.js: 30ms, proxy.ts: 26ms, application-code: 875ms)
 GET /api/projects 200 in 14ms (next.js: 7ms, proxy.ts: 5ms, application-code: 1.7ms)
 GET /api/open-in-explorer 200 in 16ms (next.js: 9ms, proxy.ts: 5ms, application-code: 1.5ms)
 GET /api/home 200 in 18ms (next.js: 10ms, proxy.ts: 6ms, application-code: 1.5ms)
 GET /api/open-in-explorer 200 in 25ms (next.js: 17ms, proxy.ts: 6ms, application-code: 1.6ms)
 GET /api/projects?force=1 200 in 31ms (next.js: 16ms, proxy.ts: 6ms, application-code: 8ms)
 GET /api/sessions?sessionId=e2e-mcp-codemode 200 in 32ms (next.js: 12ms, proxy.ts: 6ms, application-code: 14ms)
 GET /api/agent/running 200 in 9ms (next.js: 2ms, proxy.ts: 5ms, application-code: 1.5ms)
 GET /api/home 200 in 12ms (next.js: 4ms, proxy.ts: 5ms, application-code: 2ms)
 GET /api/worktrees?cwd=%2Fhome%2Fxupeng%2F.cache%2Fpi-tmp%2F01a10f47-ae69-753b-a8de-d77bd690adfd%2Fask-user-full-e2e-retry-jxxdc2by%2Fpi-web-e2e-IlNMZG%2Fproject 200 in 61ms (next.js: 5ms, proxy.ts: 6ms, application-code: 50ms)
 GET /api/sessions?projectKey=%2Fhome%2Fxupeng%2F.cache%2Fpi-tmp%2F01a10f47-ae69-753b-a8de-d77bd690adfd%2Fask-user-full-e2e-retry-jxxdc2by%2Fpi-web-e2e-IlNMZG%2Fproject 200 in 62ms (next.js: 28ms, proxy.ts: 6ms, application-code: 28ms)
 GET /api/git/status?cwd=%2Fhome%2Fxupeng%2F.cache%2Fpi-tmp%2F01a10f47-ae69-753b-a8de-d77bd690adfd%2Fask-user-full-e2e-retry-jxxdc2by%2Fpi-web-e2e-IlNMZG%2Fproject 200 in 62ms (next.js: 32ms, proxy.ts: 6ms, application-code: 24ms)
 GET /api/git/status?cwd=%2Fhome%2Fxupeng%2F.cache%2Fpi-tmp%2F01a10f47-ae69-753b-a8de-d77bd690adfd%2Fask-user-full-e2e-retry-jxxdc2by%2Fpi-web-e2e-IlNMZG%2Fproject 200 in 64ms (next.js: 17ms, proxy.ts: 6ms, application-code: 42ms)
 GET /api/files/home/xupeng/.cache/pi-tmp/01a10f47-ae69-753b-a8de-d77bd690adfd/ask-user-full-e2e-retry-jxxdc2by/pi-web-e2e-IlNMZG/project?type=list 200 in 104ms (next.js: 71ms, proxy.ts: 6ms, application-code: 27ms)
 GET /api/files/home/xupeng/.cache/pi-tmp/01a10f47-ae69-753b-a8de-d77bd690adfd/ask-user-full-e2e-retry-jxxdc2by/pi-web-e2e-IlNMZG/project?type=list 200 in 104ms (next.js: 82ms, proxy.ts: 6ms, application-code: 16ms)
 GET /api/file-index?cwd=%2Fhome%2Fxupeng%2F.cache%2Fpi-tmp%2F01a10f47-ae69-753b-a8de-d77bd690adfd%2Fask-user-full-e2e-retry-jxxdc2by%2Fpi-web-e2e-IlNMZG%2Fproject 200 in 15ms (next.js: 7ms, proxy.ts: 6ms, application-code: 1.7ms)
 GET /api/project-trust?cwd=%2Fhome%2Fxupeng%2F.cache%2Fpi-tmp%2F01a10f47-ae69-753b-a8de-d77bd690adfd%2Fask-user-full-e2e-retry-jxxdc2by%2Fpi-web-e2e-IlNMZG%2Fproject 200 in 18ms (next.js: 9ms, proxy.ts: 7ms, application-code: 3ms)
 GET /api/sessions?projectKey=%2Fhome%2Fxupeng%2F.cache%2Fpi-tmp%2F01a10f47-ae69-753b-a8de-d77bd690adfd%2Fask-user-full-e2e-retry-jxxdc2by%2Fpi-web-e2e-IlNMZG%2Fproject 200 in 26ms (next.js: 12ms, proxy.ts: 7ms, application-code: 7ms)
 GET /api/models?cwd=%2Fhome%2Fxupeng%2F.cache%2Fpi-tmp%2F01a10f47-ae69-753b-a8de-d77bd690adfd%2Fask-user-full-e2e-retry-jxxdc2by%2Fpi-web-e2e-IlNMZG%2Fproject 200 in 24ms (next.js: 5ms, proxy.ts: 16ms, application-code: 4ms)
 GET /api/sessions/e2e-mcp-codemode?deferThinking=1&deferMedia=1&tree=summary&force=1 200 in 47ms (next.js: 23ms, proxy.ts: 16ms, application-code: 8ms)
 GET /api/sessions/e2e-mcp-codemode?deferThinking=1&deferMedia=1&tree=summary&force=1 200 in 46ms (next.js: 25ms, proxy.ts: 17ms, application-code: 4ms)
 GET /api/sessions/e2e-mcp-codemode/state 200 in 21ms (next.js: 15ms, proxy.ts: 2ms, application-code: 4ms)
 POST /api/agent/e2e-mcp-codemode 200 in 19ms (next.js: 13ms, proxy.ts: 2ms, application-code: 4ms)
 GET /api/sessions/e2e-mcp-codemode 200 in 7ms (next.js: 2ms, proxy.ts: 1.8ms, application-code: 3ms)
 POST /api/agent/e2e-mcp-codemode 200 in 8ms (next.js: 3ms, proxy.ts: 2ms, application-code: 3ms)
 GET /api/sessions/e2e-mcp-codemode?deferThinking=1&deferMedia=1&tree=summary 200 in 8ms (next.js: 3ms, proxy.ts: 1.9ms, application-code: 4ms)
 GET /api/sessions/e2e-mcp-codemode 200 in 9ms (next.js: 3ms, proxy.ts: 2ms, application-code: 4ms)
 POST /api/agent/e2e-mcp-codemode 200 in 8ms (next.js: 2ms, proxy.ts: 2ms, application-code: 4ms)
 GET /?session=e2e-long-session 200 in 49ms (next.js: 4ms, proxy.ts: 3ms, application-code: 43ms)
 GET /api/agent/e2e-mcp-codemode/events 200 in 1026ms (next.js: 34ms, proxy.ts: 6ms, application-code: 986ms)
 GET /api/projects 200 in 18ms (next.js: 10ms, proxy.ts: 6ms, application-code: 3ms)
 GET /api/open-in-explorer 200 in 23ms (next.js: 13ms, proxy.ts: 7ms, application-code: 3ms)
 GET /api/agent/running 200 in 26ms (next.js: 15ms, proxy.ts: 9ms, application-code: 2ms)
 GET /api/home 200 in 30ms (next.js: 15ms, proxy.ts: 12ms, application-code: 3ms)
 GET /api/agent/running 200 in 43ms (next.js: 24ms, proxy.ts: 16ms, application-code: 3ms)
 GET /api/projects?force=1 200 in 64ms (next.js: 18ms, proxy.ts: 18ms, application-code: 27ms)
 GET /api/open-in-explorer 200 in 40ms (next.js: 24ms, proxy.ts: 14ms, application-code: 2ms)
 GET /api/home 200 in 49ms (next.js: 23ms, proxy.ts: 23ms, application-code: 3ms)
 GET /api/sessions?sessionId=e2e-long-session 200 in 120ms (next.js: 19ms, proxy.ts: 11ms, application-code: 91ms)
 GET /api/worktrees?cwd=%2Fhome%2Fxupeng%2F.cache%2Fpi-tmp%2F01a10f47-ae69-753b-a8de-d77bd690adfd%2Fask-user-full-e2e-retry-jxxdc2by%2Fpi-web-e2e-IlNMZG%2Fproject 200 in 91ms (next.js: 12ms, proxy.ts: 18ms, application-code: 62ms)
 GET /api/sessions?projectKey=%2Fhome%2Fxupeng%2F.cache%2Fpi-tmp%2F01a10f47-ae69-753b-a8de-d77bd690adfd%2Fask-user-full-e2e-retry-jxxdc2by%2Fpi-web-e2e-IlNMZG%2Fproject 200 in 88ms (next.js: 34ms, proxy.ts: 19ms, application-code: 35ms)
 GET /api/git/status?cwd=%2Fhome%2Fxupeng%2F.cache%2Fpi-tmp%2F01a10f47-ae69-753b-a8de-d77bd690adfd%2Fask-user-full-e2e-retry-jxxdc2by%2Fpi-web-e2e-IlNMZG%2Fproject 200 in 92ms (next.js: 21ms, proxy.ts: 19ms, application-code: 52ms)
 GET /api/files/home/xupeng/.cache/pi-tmp/01a10f47-ae69-753b-a8de-d77bd690adfd/ask-user-full-e2e-retry-jxxdc2by/pi-web-e2e-IlNMZG/project?type=list 200 in 143ms (next.js: 96ms, proxy.ts: 19ms, application-code: 28ms)
 GET /api/file-index?cwd=%2Fhome%2Fxupeng%2F.cache%2Fpi-tmp%2F01a10f47-ae69-753b-a8de-d77bd690adfd%2Fask-user-full-e2e-retry-jxxdc2by%2Fpi-web-e2e-IlNMZG%2Fproject 200 in 63ms (next.js: 16ms, proxy.ts: 44ms, application-code: 2ms)
 GET /api/project-trust?cwd=%2Fhome%2Fxupeng%2F.cache%2Fpi-tmp%2F01a10f47-ae69-753b-a8de-d77bd690adfd%2Fask-user-full-e2e-retry-jxxdc2by%2Fpi-web-e2e-IlNMZG%2Fproject 200 in 34ms (next.js: 15ms, proxy.ts: 15ms, application-code: 4ms)
 GET /api/git/status?cwd=%2Fhome%2Fxupeng%2F.cache%2Fpi-tmp%2F01a10f47-ae69-753b-a8de-d77bd690adfd%2Fask-user-full-e2e-retry-jxxdc2by%2Fpi-web-e2e-IlNMZG%2Fproject 200 in 57ms (next.js: 13ms, proxy.ts: 15ms, application-code: 29ms)
 GET /api/sessions?projectKey=%2Fhome%2Fxupeng%2F.cache%2Fpi-tmp%2F01a10f47-ae69-753b-a8de-d77bd690adfd%2Fask-user-full-e2e-retry-jxxdc2by%2Fpi-web-e2e-IlNMZG%2Fproject 200 in 57ms (next.js: 26ms, proxy.ts: 18ms, application-code: 13ms)
 GET /api/models?cwd=%2Fhome%2Fxupeng%2F.cache%2Fpi-tmp%2F01a10f47-ae69-753b-a8de-d77bd690adfd%2Fask-user-full-e2e-retry-jxxdc2by%2Fpi-web-e2e-IlNMZG%2Fproject 200 in 61ms (next.js: 34ms, proxy.ts: 23ms, application-code: 4ms)
 GET /api/sessions/e2e-long-session?deferThinking=1&deferMedia=1&tree=summary&force=1 200 in 88ms (next.js: 49ms, proxy.ts: 15ms, application-code: 24ms)
 GET /api/files/home/xupeng/.cache/pi-tmp/01a10f47-ae69-753b-a8de-d77bd690adfd/ask-user-full-e2e-retry-jxxdc2by/pi-web-e2e-IlNMZG/project?type=list 200 in 81ms (next.js: 50ms, proxy.ts: 16ms, application-code: 16ms)
 GET /api/sessions/e2e-long-session?deferThinking=1&deferMedia=1&tree=summary&force=1 200 in 49ms (next.js: 33ms, proxy.ts: 3ms, application-code: 12ms)
 GET /api/sessions/e2e-long-session/state 200 in 20ms (next.js: 14ms, proxy.ts: 1.9ms, application-code: 4ms)
 POST /api/agent/e2e-long-session 200 in 17ms (next.js: 11ms, proxy.ts: 2ms, application-code: 3ms)
 GET /api/git/status?cwd=%2Fhome%2Fxupeng%2F.cache%2Fpi-tmp%2F01a10f47-ae69-753b-a8de-d77bd690adfd%2Fask-user-full-e2e-retry-jxxdc2by%2Fpi-web-e2e-IlNMZG%2Fproject 200 in 21ms (next.js: 2ms, proxy.ts: 4ms, application-code: 15ms)
 GET /api/files/home/xupeng/.cache/pi-tmp/01a10f47-ae69-753b-a8de-d77bd690adfd/ask-user-full-e2e-retry-jxxdc2by/pi-web-e2e-IlNMZG/project?type=list 200 in 39ms (next.js: 20ms, proxy.ts: 4ms, application-code: 15ms)
 GET /api/sessions/e2e-long-session/context?deferThinking=1&deferMedia=1&leafId=945ba5e1&before=e4950 200 in 19ms (next.js: 13ms, proxy.ts: 2ms, application-code: 5ms)
 GET /api/sessions/e2e-long-session/context?deferThinking=1&deferMedia=1&leafId=945ba5e1&before=e4900 200 in 10ms (next.js: 3ms, proxy.ts: 2.0ms, application-code: 5ms)
 GET /api/sessions/e2e-long-session/context?deferThinking=1&deferMedia=1&leafId=945ba5e1&before=e4850 200 in 12ms (next.js: 4ms, proxy.ts: 2ms, application-code: 6ms)
 GET /api/sessions/e2e-long-session/context?deferThinking=1&deferMedia=1&leafId=945ba5e1&before=e4800 200 in 11ms (next.js: 3ms, proxy.ts: 2ms, application-code: 5ms)
 GET /api/agent/running 200 in 7ms (next.js: 1.8ms, proxy.ts: 3ms, application-code: 2.0ms)
 GET /api/agent/e2e-long-session/events 200 in 2.5s (next.js: 75ms, proxy.ts: 15ms, application-code: 2.4s)
 GET /?session=e2e-branch-session 200 in 51ms (next.js: 3ms, proxy.ts: 2ms, application-code: 46ms)
 GET /api/projects 200 in 11ms (next.js: 6ms, proxy.ts: 4ms, application-code: 1.6ms)
 GET /api/open-in-explorer 200 in 15ms (next.js: 8ms, proxy.ts: 5ms, application-code: 1.4ms)
 GET /api/home 200 in 35ms (next.js: 25ms, proxy.ts: 8ms, application-code: 1.6ms)
 GET /api/projects?force=1 200 in 45ms (next.js: 15ms, proxy.ts: 24ms, application-code: 6ms)
 GET /api/agent/running 200 in 24ms (next.js: 9ms, proxy.ts: 13ms, application-code: 1.6ms)
 GET /api/open-in-explorer 200 in 26ms (next.js: 11ms, proxy.ts: 13ms, application-code: 1.9ms)
 GET /api/sessions?sessionId=e2e-branch-session 200 in 55ms (next.js: 12ms, proxy.ts: 24ms, application-code: 19ms)
 GET /api/home 200 in 13ms (next.js: 1.2ms, proxy.ts: 10ms, application-code: 1.5ms)
 GET /api/worktrees?cwd=%2Fhome%2Fxupeng%2F.cache%2Fpi-tmp%2F01a10f47-ae69-753b-a8de-d77bd690adfd%2Fask-user-full-e2e-retry-jxxdc2by%2Fpi-web-e2e-IlNMZG%2Fproject 200 in 20ms (next.js: 4ms, proxy.ts: 4ms, application-code: 12ms)
 GET /api/git/status?cwd=%2Fhome%2Fxupeng%2F.cache%2Fpi-tmp%2F01a10f47-ae69-753b-a8de-d77bd690adfd%2Fask-user-full-e2e-retry-jxxdc2by%2Fpi-web-e2e-IlNMZG%2Fproject 200 in 32ms (next.js: 15ms, proxy.ts: 4ms, application-code: 12ms)
 GET /api/sessions?projectKey=%2Fhome%2Fxupeng%2F.cache%2Fpi-tmp%2F01a10f47-ae69-753b-a8de-d77bd690adfd%2Fask-user-full-e2e-retry-jxxdc2by%2Fpi-web-e2e-IlNMZG%2Fproject 200 in 56ms (next.js: 14ms, proxy.ts: 15ms, application-code: 27ms)
 GET /api/files/home/xupeng/.cache/pi-tmp/01a10f47-ae69-753b-a8de-d77bd690adfd/ask-user-full-e2e-retry-jxxdc2by/pi-web-e2e-IlNMZG/project?type=list 200 in 64ms (next.js: 43ms, proxy.ts: 4ms, application-code: 16ms)
 GET /api/file-index?cwd=%2Fhome%2Fxupeng%2F.cache%2Fpi-tmp%2F01a10f47-ae69-753b-a8de-d77bd690adfd%2Fask-user-full-e2e-retry-jxxdc2by%2Fpi-web-e2e-IlNMZG%2Fproject 200 in 31ms (next.js: 22ms, proxy.ts: 7ms, application-code: 1.7ms)
 GET /api/app-update 200 in 32ms (next.js: 17ms, proxy.ts: 7ms, application-code: 8ms)
 GET /api/models?cwd=%2Fhome%2Fxupeng%2F.cache%2Fpi-tmp%2F01a10f47-ae69-753b-a8de-d77bd690adfd%2Fask-user-full-e2e-retry-jxxdc2by%2Fpi-web-e2e-IlNMZG%2Fproject 200 in 34ms (next.js: 21ms, proxy.ts: 7ms, application-code: 6ms)
 GET /api/git/status?cwd=%2Fhome%2Fxupeng%2F.cache%2Fpi-tmp%2F01a10f47-ae69-753b-a8de-d77bd690adfd%2Fask-user-full-e2e-retry-jxxdc2by%2Fpi-web-e2e-IlNMZG%2Fproject 200 in 37ms (next.js: 6ms, proxy.ts: 7ms, application-code: 24ms)
 GET /api/project-trust?cwd=%2Fhome%2Fxupeng%2F.cache%2Fpi-tmp%2F01a10f47-ae69-753b-a8de-d77bd690adfd%2Fask-user-full-e2e-retry-jxxdc2by%2Fpi-web-e2e-IlNMZG%2Fproject 200 in 37ms (next.js: 28ms, proxy.ts: 6ms, application-code: 3ms)
 GET /api/files/home/xupeng/.cache/pi-tmp/01a10f47-ae69-753b-a8de-d77bd690adfd/ask-user-full-e2e-retry-jxxdc2by/pi-web-e2e-IlNMZG/project?type=list 200 in 61ms (next.js: 16ms, proxy.ts: 25ms, application-code: 20ms)
 GET /api/models?cwd=%2Fhome%2Fxupeng%2F.cache%2Fpi-tmp%2F01a10f47-ae69-753b-a8de-d77bd690adfd%2Fask-user-full-e2e-retry-jxxdc2by%2Fpi-web-e2e-IlNMZG%2Fproject 200 in 33ms (next.js: 21ms, proxy.ts: 8ms, application-code: 4ms)
 GET /api/app-update 200 in 31ms (next.js: 24ms, proxy.ts: 5ms, application-code: 2ms)
 GET /api/sessions?projectKey=%2Fhome%2Fxupeng%2F.cache%2Fpi-tmp%2F01a10f47-ae69-753b-a8de-d77bd690adfd%2Fask-user-full-e2e-retry-jxxdc2by%2Fpi-web-e2e-IlNMZG%2Fproject 200 in 38ms (next.js: 16ms, proxy.ts: 8ms, application-code: 14ms)
 GET /api/models?cwd=%2Fhome%2Fxupeng%2F.cache%2Fpi-tmp%2F01a10f47-ae69-753b-a8de-d77bd690adfd%2Fask-user-full-e2e-retry-jxxdc2by%2Fpi-web-e2e-IlNMZG%2Fproject 200 in 7ms (next.js: 2ms, proxy.ts: 3ms, application-code: 2.0ms)
 GET /api/sessions/e2e-branch-session?deferThinking=1&deferMedia=1&tree=summary&force=1 200 in 23ms (next.js: 15ms, proxy.ts: 3ms, application-code: 5ms)
 GET /api/models?cwd=%2Fhome%2Fxupeng%2F.cache%2Fpi-tmp%2F01a10f47-ae69-753b-a8de-d77bd690adfd%2Fask-user-full-e2e-retry-jxxdc2by%2Fpi-web-e2e-IlNMZG%2Fproject 200 in 9ms (next.js: 3ms, proxy.ts: 4ms, application-code: 3ms)
 GET /api/sessions/e2e-branch-session?deferThinking=1&deferMedia=1&tree=summary&force=1 200 in 28ms (next.js: 21ms, proxy.ts: 3ms, application-code: 4ms)
 GET /api/sessions/e2e-branch-session/state 200 in 20ms (next.js: 15ms, proxy.ts: 1.6ms, application-code: 3ms)
 POST /api/agent/e2e-branch-session 200 in 23ms (next.js: 16ms, proxy.ts: 4ms, application-code: 4ms)
 GET /api/git/status?cwd=%2Fhome%2Fxupeng%2F.cache%2Fpi-tmp%2F01a10f47-ae69-753b-a8de-d77bd690adfd%2Fask-user-full-e2e-retry-jxxdc2by%2Fpi-web-e2e-IlNMZG%2Fproject 200 in 16ms (next.js: 2ms, proxy.ts: 3ms, application-code: 11ms)
 GET /api/files/home/xupeng/.cache/pi-tmp/01a10f47-ae69-753b-a8de-d77bd690adfd/ask-user-full-e2e-retry-jxxdc2by/pi-web-e2e-IlNMZG/project?type=list 200 in 29ms (next.js: 15ms, proxy.ts: 3ms, application-code: 12ms)
 GET /?session=e2e-rich-session 200 in 57ms (next.js: 4ms, proxy.ts: 2ms, application-code: 50ms)
 GET /api/agent/e2e-branch-session/events 200 in 717ms (next.js: 17ms, proxy.ts: 3ms, application-code: 696ms)
 GET /api/projects 200 in 20ms (next.js: 11ms, proxy.ts: 7ms, application-code: 3ms)
 GET /api/open-in-explorer 200 in 27ms (next.js: 13ms, proxy.ts: 10ms, application-code: 3ms)
 GET /api/agent/running 200 in 38ms (next.js: 24ms, proxy.ts: 11ms, application-code: 3ms)
 GET /api/home 200 in 42ms (next.js: 23ms, proxy.ts: 14ms, application-code: 5ms)
 GET /api/sessions?sessionId=e2e-rich-session 200 in 60ms (next.js: 29ms, proxy.ts: 14ms, application-code: 17ms)
 GET /api/projects?force=1 200 in 64ms (next.js: 26ms, proxy.ts: 23ms, application-code: 15ms)
 GET /api/agent/running 200 in 41ms (next.js: 13ms, proxy.ts: 24ms, application-code: 4ms)
 GET /api/open-in-explorer 200 in 29ms (next.js: 13ms, proxy.ts: 14ms, application-code: 3ms)
 GET /api/home 200 in 29ms (next.js: 12ms, proxy.ts: 14ms, application-code: 3ms)
 GET /api/worktrees?cwd=%2Fhome%2Fxupeng%2F.cache%2Fpi-tmp%2F01a10f47-ae69-753b-a8de-d77bd690adfd%2Fask-user-full-e2e-retry-jxxdc2by%2Fpi-web-e2e-IlNMZG%2Fproject 200 in 35ms (next.js: 3ms, proxy.ts: 2ms, application-code: 29ms)
 GET /api/files/home/xupeng/.cache/pi-tmp/01a10f47-ae69-753b-a8de-d77bd690adfd/ask-user-full-e2e-retry-jxxdc2by/pi-web-e2e-IlNMZG/project?type=list 200 in 85ms (next.js: 31ms, proxy.ts: 30ms, application-code: 24ms)
 GET /api/git/status?cwd=%2Fhome%2Fxupeng%2F.cache%2Fpi-tmp%2F01a10f47-ae69-753b-a8de-d77bd690adfd%2Fask-user-full-e2e-retry-jxxdc2by%2Fpi-web-e2e-IlNMZG%2Fproject 200 in 57ms (next.js: 4ms, proxy.ts: 6ms, application-code: 47ms)
 GET /api/sessions?projectKey=%2Fhome%2Fxupeng%2F.cache%2Fpi-tmp%2F01a10f47-ae69-753b-a8de-d77bd690adfd%2Fask-user-full-e2e-retry-jxxdc2by%2Fpi-web-e2e-IlNMZG%2Fproject 200 in 56ms (next.js: 39ms, proxy.ts: 5ms, application-code: 12ms)
 GET /api/app-update 200 in 24ms (next.js: 10ms, proxy.ts: 11ms, application-code: 2ms)
 GET /api/models?cwd=%2Fhome%2Fxupeng%2F.cache%2Fpi-tmp%2F01a10f47-ae69-753b-a8de-d77bd690adfd%2Fask-user-full-e2e-retry-jxxdc2by%2Fpi-web-e2e-IlNMZG%2Fproject 200 in 31ms (next.js: 13ms, proxy.ts: 12ms, application-code: 6ms)
 GET /api/file-index?cwd=%2Fhome%2Fxupeng%2F.cache%2Fpi-tmp%2F01a10f47-ae69-753b-a8de-d77bd690adfd%2Fask-user-full-e2e-retry-jxxdc2by%2Fpi-web-e2e-IlNMZG%2Fproject 200 in 28ms (next.js: 16ms, proxy.ts: 9ms, application-code: 3ms)
 GET /api/project-trust?cwd=%2Fhome%2Fxupeng%2F.cache%2Fpi-tmp%2F01a10f47-ae69-753b-a8de-d77bd690adfd%2Fask-user-full-e2e-retry-jxxdc2by%2Fpi-web-e2e-IlNMZG%2Fproject 200 in 33ms (next.js: 20ms, proxy.ts: 8ms, application-code: 5ms)
 GET /api/git/status?cwd=%2Fhome%2Fxupeng%2F.cache%2Fpi-tmp%2F01a10f47-ae69-753b-a8de-d77bd690adfd%2Fask-user-full-e2e-retry-jxxdc2by%2Fpi-web-e2e-IlNMZG%2Fproject 200 in 52ms (next.js: 20ms, proxy.ts: 16ms, application-code: 16ms)
 GET /api/files/home/xupeng/.cache/pi-tmp/01a10f47-ae69-753b-a8de-d77bd690adfd/ask-user-full-e2e-retry-jxxdc2by/pi-web-e2e-IlNMZG/project?type=list 200 in 80ms (next.js: 40ms, proxy.ts: 16ms, application-code: 25ms)
 GET /api/sessions?projectKey=%2Fhome%2Fxupeng%2F.cache%2Fpi-tmp%2F01a10f47-ae69-753b-a8de-d77bd690adfd%2Fask-user-full-e2e-retry-jxxdc2by%2Fpi-web-e2e-IlNMZG%2Fproject 200 in 22ms (next.js: 5ms, proxy.ts: 10ms, application-code: 7ms)
 GET /api/models?cwd=%2Fhome%2Fxupeng%2F.cache%2Fpi-tmp%2F01a10f47-ae69-753b-a8de-d77bd690adfd%2Fask-user-full-e2e-retry-jxxdc2by%2Fpi-web-e2e-IlNMZG%2Fproject 200 in 18ms (next.js: 10ms, proxy.ts: 6ms, application-code: 2ms)
 GET /api/sessions/e2e-rich-session?deferThinking=1&deferMedia=1&tree=summary&force=1 200 in 31ms (next.js: 17ms, proxy.ts: 10ms, application-code: 4ms)
 GET /api/sessions/e2e-rich-session?deferThinking=1&deferMedia=1&tree=summary&force=1 200 in 9ms (next.js: 3ms, proxy.ts: 2ms, application-code: 4ms)
 GET /api/sessions/e2e-rich-session/state 200 in 8ms (next.js: 3ms, proxy.ts: 1.9ms, application-code: 2ms)
 POST /api/agent/e2e-rich-session 200 in 14ms (next.js: 3ms, proxy.ts: 8ms, application-code: 3ms)
 GET /api/git/status?cwd=%2Fhome%2Fxupeng%2F.cache%2Fpi-tmp%2F01a10f47-ae69-753b-a8de-d77bd690adfd%2Fask-user-full-e2e-retry-jxxdc2by%2Fpi-web-e2e-IlNMZG%2Fproject 200 in 25ms (next.js: 3ms, proxy.ts: 4ms, application-code: 18ms)
 GET /api/files/home/xupeng/.cache/pi-tmp/01a10f47-ae69-753b-a8de-d77bd690adfd/ask-user-full-e2e-retry-jxxdc2by/pi-web-e2e-IlNMZG/project?type=list 200 in 47ms (next.js: 24ms, proxy.ts: 4ms, application-code: 20ms)
 GET /api/sessions/e2e-rich-session/entries/call/thinking?blockIndex=1 200 in 18ms (next.js: 13ms, proxy.ts: 2ms, application-code: 3ms)
 GET /api/sessions/e2e-rich-session/entries/answer/thinking?blockIndex=1 200 in 8ms (next.js: 3ms, proxy.ts: 2ms, application-code: 3ms)
 GET /api/sessions/e2e-rich-session/entries/answer/thinking?blockIndex=3 200 in 8ms (next.js: 3ms, proxy.ts: 2ms, application-code: 3ms)
 GET /?session=e2e-compacted-session 200 in 37ms (next.js: 3ms, proxy.ts: 1.6ms, application-code: 32ms)
 GET /api/agent/e2e-rich-session/events 200 in 1143ms (next.js: 21ms, proxy.ts: 6ms, application-code: 1116ms)
 GET /api/projects 200 in 14ms (next.js: 8ms, proxy.ts: 4ms, application-code: 2ms)
 GET /api/open-in-explorer 200 in 20ms (next.js: 11ms, proxy.ts: 7ms, application-code: 1.9ms)
 GET /api/agent/running 200 in 22ms (next.js: 9ms, proxy.ts: 11ms, application-code: 1.7ms)
 GET /api/home 200 in 24ms (next.js: 10ms, proxy.ts: 11ms, application-code: 1.8ms)
 GET /api/agent/running 200 in 28ms (next.js: 14ms, proxy.ts: 11ms, application-code: 2ms)
 GET /api/sessions?sessionId=e2e-compacted-session 200 in 42ms (next.js: 11ms, proxy.ts: 14ms, application-code: 17ms)
 GET /api/projects?force=1 200 in 39ms (next.js: 11ms, proxy.ts: 13ms, application-code: 14ms)
 GET /api/open-in-explorer 200 in 28ms (next.js: 13ms, proxy.ts: 13ms, application-code: 2.0ms)
 GET /api/home 200 in 25ms (next.js: 8ms, proxy.ts: 15ms, application-code: 2ms)
 GET /api/worktrees?cwd=%2Fhome%2Fxupeng%2F.cache%2Fpi-tmp%2F01a10f47-ae69-753b-a8de-d77bd690adfd%2Fask-user-full-e2e-retry-jxxdc2by%2Fpi-web-e2e-IlNMZG%2Fproject 200 in 27ms (next.js: 4ms, proxy.ts: 4ms, application-code: 19ms)
 GET /api/git/status?cwd=%2Fhome%2Fxupeng%2F.cache%2Fpi-tmp%2F01a10f47-ae69-753b-a8de-d77bd690adfd%2Fask-user-full-e2e-retry-jxxdc2by%2Fpi-web-e2e-IlNMZG%2Fproject 200 in 89ms (next.js: 5ms, proxy.ts: 22ms, application-code: 63ms)
 GET /api/sessions?projectKey=%2Fhome%2Fxupeng%2F.cache%2Fpi-tmp%2F01a10f47-ae69-753b-a8de-d77bd690adfd%2Fask-user-full-e2e-retry-jxxdc2by%2Fpi-web-e2e-IlNMZG%2Fproject 200 in 73ms (next.js: 39ms, proxy.ts: 6ms, application-code: 28ms)
 GET /api/files/home/xupeng/.cache/pi-tmp/01a10f47-ae69-753b-a8de-d77bd690adfd/ask-user-full-e2e-retry-jxxdc2by/pi-web-e2e-IlNMZG/project?type=list 200 in 101ms (next.js: 50ms, proxy.ts: 4ms, application-code: 47ms)
 GET /api/project-trust?cwd=%2Fhome%2Fxupeng%2F.cache%2Fpi-tmp%2F01a10f47-ae69-753b-a8de-d77bd690adfd%2Fask-user-full-e2e-retry-jxxdc2by%2Fpi-web-e2e-IlNMZG%2Fproject 200 in 55ms (next.js: 38ms, proxy.ts: 13ms, application-code: 3ms)
 GET /api/file-index?cwd=%2Fhome%2Fxupeng%2F.cache%2Fpi-tmp%2F01a10f47-ae69-753b-a8de-d77bd690adfd%2Fask-user-full-e2e-retry-jxxdc2by%2Fpi-web-e2e-IlNMZG%2Fproject 200 in 75ms (next.js: 14ms, proxy.ts: 14ms, application-code: 47ms)
 GET /api/git/status?cwd=%2Fhome%2Fxupeng%2F.cache%2Fpi-tmp%2F01a10f47-ae69-753b-a8de-d77bd690adfd%2Fask-user-full-e2e-retry-jxxdc2by%2Fpi-web-e2e-IlNMZG%2Fproject 200 in 79ms (next.js: 42ms, proxy.ts: 13ms, application-code: 24ms)
 GET /api/sessions?projectKey=%2Fhome%2Fxupeng%2F.cache%2Fpi-tmp%2F01a10f47-ae69-753b-a8de-d77bd690adfd%2Fask-user-full-e2e-retry-jxxdc2by%2Fpi-web-e2e-IlNMZG%2Fproject 200 in 73ms (next.js: 52ms, proxy.ts: 10ms, application-code: 12ms)
 GET /api/models?cwd=%2Fhome%2Fxupeng%2F.cache%2Fpi-tmp%2F01a10f47-ae69-753b-a8de-d77bd690adfd%2Fask-user-full-e2e-retry-jxxdc2by%2Fpi-web-e2e-IlNMZG%2Fproject 200 in 16ms (next.js: 5ms, proxy.ts: 7ms, application-code: 3ms)
 GET /api/files/home/xupeng/.cache/pi-tmp/01a10f47-ae69-753b-a8de-d77bd690adfd/ask-user-full-e2e-retry-jxxdc2by/pi-web-e2e-IlNMZG/project?type=list 200 in 78ms (next.js: 16ms, proxy.ts: 16ms, application-code: 46ms)
 GET /api/sessions/e2e-compacted-session?deferThinking=1&deferMedia=1&tree=summary&force=1 200 in 70ms (next.js: 52ms, proxy.ts: 11ms, application-code: 8ms)
 GET /api/sessions/e2e-compacted-session?deferThinking=1&deferMedia=1&tree=summary&force=1 200 in 10ms (next.js: 3ms, proxy.ts: 2ms, application-code: 5ms)
 GET /api/sessions/e2e-compacted-session/state 200 in 25ms (next.js: 19ms, proxy.ts: 2ms, application-code: 4ms)
 POST /api/agent/e2e-compacted-session 200 in 22ms (next.js: 16ms, proxy.ts: 2ms, application-code: 4ms)
 GET /api/git/status?cwd=%2Fhome%2Fxupeng%2F.cache%2Fpi-tmp%2F01a10f47-ae69-753b-a8de-d77bd690adfd%2Fask-user-full-e2e-retry-jxxdc2by%2Fpi-web-e2e-IlNMZG%2Fproject 200 in 22ms (next.js: 3ms, proxy.ts: 4ms, application-code: 15ms)
 GET /api/files/home/xupeng/.cache/pi-tmp/01a10f47-ae69-753b-a8de-d77bd690adfd/ask-user-full-e2e-retry-jxxdc2by/pi-web-e2e-IlNMZG/project?type=list 200 in 42ms (next.js: 21ms, proxy.ts: 5ms, application-code: 16ms)
 GET /?session=e2e-rich-session 200 in 42ms (next.js: 4ms, proxy.ts: 2ms, application-code: 36ms)
 GET /api/agent/e2e-compacted-session/events 200 in 606ms (next.js: 38ms, proxy.ts: 10ms, application-code: 557ms)
 GET /api/projects 200 in 27ms (next.js: 14ms, proxy.ts: 8ms, application-code: 4ms)
 GET /api/open-in-explorer 200 in 33ms (next.js: 20ms, proxy.ts: 10ms, application-code: 3ms)
 GET /api/agent/running 200 in 40ms (next.js: 25ms, proxy.ts: 11ms, application-code: 4ms)
 GET /api/home 200 in 42ms (next.js: 21ms, proxy.ts: 19ms, application-code: 2ms)
 GET /api/projects?force=1 200 in 66ms (next.js: 28ms, proxy.ts: 25ms, application-code: 12ms)
 GET /api/sessions?sessionId=e2e-rich-session 200 in 68ms (next.js: 27ms, proxy.ts: 19ms, application-code: 22ms)
 GET /api/agent/running 200 in 40ms (next.js: 13ms, proxy.ts: 24ms, application-code: 3ms)
 GET /api/open-in-explorer 200 in 43ms (next.js: 17ms, proxy.ts: 24ms, application-code: 3ms)
 GET /api/home 200 in 23ms (next.js: 1.8ms, proxy.ts: 19ms, application-code: 3ms)
 GET /api/worktrees?cwd=%2Fhome%2Fxupeng%2F.cache%2Fpi-tmp%2F01a10f47-ae69-753b-a8de-d77bd690adfd%2Fask-user-full-e2e-retry-jxxdc2by%2Fpi-web-e2e-IlNMZG%2Fproject 200 in 31ms (next.js: 7ms, proxy.ts: 4ms, application-code: 19ms)
 GET /api/sessions?projectKey=%2Fhome%2Fxupeng%2F.cache%2Fpi-tmp%2F01a10f47-ae69-753b-a8de-d77bd690adfd%2Fask-user-full-e2e-retry-jxxdc2by%2Fpi-web-e2e-IlNMZG%2Fproject 200 in 71ms (next.js: 21ms, proxy.ts: 23ms, application-code: 28ms)
 GET /api/git/status?cwd=%2Fhome%2Fxupeng%2F.cache%2Fpi-tmp%2F01a10f47-ae69-753b-a8de-d77bd690adfd%2Fask-user-full-e2e-retry-jxxdc2by%2Fpi-web-e2e-IlNMZG%2Fproject 200 in 78ms (next.js: 7ms, proxy.ts: 23ms, application-code: 49ms)
 GET /api/files/home/xupeng/.cache/pi-tmp/01a10f47-ae69-753b-a8de-d77bd690adfd/ask-user-full-e2e-retry-jxxdc2by/pi-web-e2e-IlNMZG/project?type=list 200 in 87ms (next.js: 54ms, proxy.ts: 7ms, application-code: 27ms)
 GET /api/app-update 200 in 30ms (next.js: 14ms, proxy.ts: 12ms, application-code: 5ms)
 GET /api/models?cwd=%2Fhome%2Fxupeng%2F.cache%2Fpi-tmp%2F01a10f47-ae69-753b-a8de-d77bd690adfd%2Fask-user-full-e2e-retry-jxxdc2by%2Fpi-web-e2e-IlNMZG%2Fproject 200 in 37ms (next.js: 19ms, proxy.ts: 12ms, application-code: 5ms)
 GET /api/file-index?cwd=%2Fhome%2Fxupeng%2F.cache%2Fpi-tmp%2F01a10f47-ae69-753b-a8de-d77bd690adfd%2Fask-user-full-e2e-retry-jxxdc2by%2Fpi-web-e2e-IlNMZG%2Fproject 200 in 38ms (next.js: 22ms, proxy.ts: 12ms, application-code: 4ms)
 GET /api/project-trust?cwd=%2Fhome%2Fxupeng%2F.cache%2Fpi-tmp%2F01a10f47-ae69-753b-a8de-d77bd690adfd%2Fask-user-full-e2e-retry-jxxdc2by%2Fpi-web-e2e-IlNMZG%2Fproject 200 in 43ms (next.js: 26ms, proxy.ts: 13ms, application-code: 4ms)
 GET /api/git/status?cwd=%2Fhome%2Fxupeng%2F.cache%2Fpi-tmp%2F01a10f47-ae69-753b-a8de-d77bd690adfd%2Fask-user-full-e2e-retry-jxxdc2by%2Fpi-web-e2e-IlNMZG%2Fproject 200 in 65ms (next.js: 29ms, proxy.ts: 14ms, application-code: 21ms)
 GET /api/app-update 200 in 63ms (next.js: 35ms, proxy.ts: 25ms, application-code: 3ms)
 GET /api/files/home/xupeng/.cache/pi-tmp/01a10f47-ae69-753b-a8de-d77bd690adfd/ask-user-full-e2e-retry-jxxdc2by/pi-web-e2e-IlNMZG/project?type=list 200 in 126ms (next.js: 61ms, proxy.ts: 21ms, application-code: 45ms)
 GET /api/models?cwd=%2Fhome%2Fxupeng%2F.cache%2Fpi-tmp%2F01a10f47-ae69-753b-a8de-d77bd690adfd%2Fask-user-full-e2e-retry-jxxdc2by%2Fpi-web-e2e-IlNMZG%2Fproject 200 in 82ms (next.js: 42ms, proxy.ts: 9ms, application-code: 32ms)
 GET /api/sessions?projectKey=%2Fhome%2Fxupeng%2F.cache%2Fpi-tmp%2F01a10f47-ae69-753b-a8de-d77bd690adfd%2Fask-user-full-e2e-retry-jxxdc2by%2Fpi-web-e2e-IlNMZG%2Fproject 200 in 85ms (next.js: 63ms, proxy.ts: 9ms, application-code: 13ms)
 GET /api/models?cwd=%2Fhome%2Fxupeng%2F.cache%2Fpi-tmp%2F01a10f47-ae69-753b-a8de-d77bd690adfd%2Fask-user-full-e2e-retry-jxxdc2by%2Fpi-web-e2e-IlNMZG%2Fproject 200 in 17ms (next.js: 5ms, proxy.ts: 5ms, application-code: 8ms)
 GET /api/sessions/e2e-rich-session?deferThinking=1&deferMedia=1&tree=summary&force=1 200 in 62ms (next.js: 16ms, proxy.ts: 38ms, application-code: 9ms)
 GET /api/sessions/e2e-rich-session?deferThinking=1&deferMedia=1&tree=summary&force=1 200 in 10ms (next.js: 3ms, proxy.ts: 3ms, application-code: 4ms)
 GET /api/sessions/e2e-rich-session/state 200 in 8ms (next.js: 3ms, proxy.ts: 3ms, application-code: 3ms)
 POST /api/agent/e2e-rich-session 200 in 10ms (next.js: 4ms, proxy.ts: 3ms, application-code: 4ms)
 GET /api/git/status?cwd=%2Fhome%2Fxupeng%2F.cache%2Fpi-tmp%2F01a10f47-ae69-753b-a8de-d77bd690adfd%2Fask-user-full-e2e-retry-jxxdc2by%2Fpi-web-e2e-IlNMZG%2Fproject 200 in 34ms (next.js: 2ms, proxy.ts: 3ms, application-code: 29ms)
 GET /api/files/home/xupeng/.cache/pi-tmp/01a10f47-ae69-753b-a8de-d77bd690adfd/ask-user-full-e2e-retry-jxxdc2by/pi-web-e2e-IlNMZG/project?type=list 200 in 36ms (next.js: 15ms, proxy.ts: 3ms, application-code: 18ms)
 GET /api/git/diff?cwd=%2Fhome%2Fxupeng%2F.cache%2Fpi-tmp%2F01a10f47-ae69-753b-a8de-d77bd690adfd%2Fask-user-full-e2e-retry-jxxdc2by%2Fpi-web-e2e-IlNMZG%2Fproject&path=%2Fhome%2Fxupeng%2F.cache%2Fpi-tmp%2F01a10f47-ae69-753b-a8de-d77bd690adfd%2Fask-user-full-e2e-retry-jxxdc2by%2Fpi-web-e2e-IlNMZG%2Fproject%2Fpreview.html 200 in 21ms (next.js: 3ms, proxy.ts: 4ms, application-code: 15ms)
 GET /api/files/home/xupeng/.cache/pi-tmp/01a10f47-ae69-753b-a8de-d77bd690adfd/ask-user-full-e2e-retry-jxxdc2by/pi-web-e2e-IlNMZG/project/preview.html?type=read 200 in 28ms (next.js: 21ms, proxy.ts: 4ms, application-code: 3ms)
 GET /api/git/diff?cwd=%2Fhome%2Fxupeng%2F.cache%2Fpi-tmp%2F01a10f47-ae69-753b-a8de-d77bd690adfd%2Fask-user-full-e2e-retry-jxxdc2by%2Fpi-web-e2e-IlNMZG%2Fproject&path=%2Fhome%2Fxupeng%2F.cache%2Fpi-tmp%2F01a10f47-ae69-753b-a8de-d77bd690adfd%2Fask-user-full-e2e-retry-jxxdc2by%2Fpi-web-e2e-IlNMZG%2Fproject%2Fpreview.html 200 in 20ms (next.js: 3ms, proxy.ts: 3ms, application-code: 14ms)
 GET /api/files/home/xupeng/.cache/pi-tmp/01a10f47-ae69-753b-a8de-d77bd690adfd/ask-user-full-e2e-retry-jxxdc2by/pi-web-e2e-IlNMZG/project/preview.html?type=read 200 in 25ms (next.js: 19ms, proxy.ts: 3ms, application-code: 3ms)
 GET /api/git/diff?cwd=%2Fhome%2Fxupeng%2F.cache%2Fpi-tmp%2F01a10f47-ae69-753b-a8de-d77bd690adfd%2Fask-user-full-e2e-retry-jxxdc2by%2Fpi-web-e2e-IlNMZG%2Fproject&path=%2Fhome%2Fxupeng%2F.cache%2Fpi-tmp%2F01a10f47-ae69-753b-a8de-d77bd690adfd%2Fask-user-full-e2e-retry-jxxdc2by%2Fpi-web-e2e-IlNMZG%2Fproject%2Fpreview.html 200 in 23ms (next.js: 3ms, proxy.ts: 4ms, application-code: 16ms)
 GET /api/files/home/xupeng/.cache/pi-tmp/01a10f47-ae69-753b-a8de-d77bd690adfd/ask-user-full-e2e-retry-jxxdc2by/pi-web-e2e-IlNMZG/project/preview.html?type=read 200 in 28ms (next.js: 22ms, proxy.ts: 3ms, application-code: 3ms)
 GET /api/files/home/xupeng/.cache/pi-tmp/01a10f47-ae69-753b-a8de-d77bd690adfd/ask-user-full-e2e-retry-jxxdc2by/pi-web-e2e-IlNMZG/project/preview.html?type=watch 200 in 214ms (next.js: 3ms, proxy.ts: 2ms, application-code: 208ms)
 POST /api/agent/e2e-rich-session 200 in 7ms (next.js: 2ms, proxy.ts: 1.9ms, application-code: 3ms)
 POST /api/agent/e2e-rich-session 200 in 283ms (next.js: 11ms, proxy.ts: 2ms, application-code: 269ms)
 GET /api/sessions?sessionId=e2e-rich-session 200 in 9ms (next.js: 1.9ms, proxy.ts: 2ms, application-code: 5ms)
 GET /api/sessions/e2e-rich-session?deferThinking=1&deferMedia=1&tree=summary 200 in 21ms (next.js: 16ms, proxy.ts: 2ms, application-code: 3ms)
 GET /api/sessions?sessionId=e2e-rich-session 200 in 22ms (next.js: 3ms, proxy.ts: 4ms, application-code: 16ms)
 GET /api/git/diff?cwd=%2Fhome%2Fxupeng%2F.cache%2Fpi-tmp%2F01a10f47-ae69-753b-a8de-d77bd690adfd%2Fask-user-full-e2e-retry-jxxdc2by%2Fpi-web-e2e-IlNMZG%2Fproject&path=%2Fhome%2Fxupeng%2F.cache%2Fpi-tmp%2F01a10f47-ae69-753b-a8de-d77bd690adfd%2Fask-user-full-e2e-retry-jxxdc2by%2Fpi-web-e2e-IlNMZG%2Fproject%2Fpreview.html 200 in 21ms (next.js: 5ms, proxy.ts: 3ms, application-code: 13ms)
 GET /api/git/status?cwd=%2Fhome%2Fxupeng%2F.cache%2Fpi-tmp%2F01a10f47-ae69-753b-a8de-d77bd690adfd%2Fask-user-full-e2e-retry-jxxdc2by%2Fpi-web-e2e-IlNMZG%2Fproject 200 in 16ms (next.js: 2ms, proxy.ts: 2ms, application-code: 11ms)
 GET /api/files/home/xupeng/.cache/pi-tmp/01a10f47-ae69-753b-a8de-d77bd690adfd/ask-user-full-e2e-retry-jxxdc2by/pi-web-e2e-IlNMZG/project?type=list 200 in 41ms (next.js: 25ms, proxy.ts: 3ms, application-code: 12ms)
 POST /api/agent/e2e-rich-session 200 in 9ms (next.js: 3ms, proxy.ts: 2ms, application-code: 4ms)
 POST /api/agent/e2e-rich-session 200 in 81ms (next.js: 3ms, proxy.ts: 2ms, application-code: 75ms)
 GET /api/sessions?sessionId=e2e-rich-session 200 in 15ms (next.js: 3ms, proxy.ts: 4ms, application-code: 8ms)
 GET /api/sessions/e2e-rich-session?deferThinking=1&deferMedia=1&tree=summary 200 in 20ms (next.js: 11ms, proxy.ts: 4ms, application-code: 4ms)
 GET /api/sessions?sessionId=e2e-rich-session 200 in 26ms (next.js: 3ms, proxy.ts: 3ms, application-code: 20ms)
 GET /api/git/diff?cwd=%2Fhome%2Fxupeng%2F.cache%2Fpi-tmp%2F01a10f47-ae69-753b-a8de-d77bd690adfd%2Fask-user-full-e2e-retry-jxxdc2by%2Fpi-web-e2e-IlNMZG%2Fproject&path=%2Fhome%2Fxupeng%2F.cache%2Fpi-tmp%2F01a10f47-ae69-753b-a8de-d77bd690adfd%2Fask-user-full-e2e-retry-jxxdc2by%2Fpi-web-e2e-IlNMZG%2Fproject%2Fpreview.html 200 in 26ms (next.js: 1.5ms, proxy.ts: 9ms, application-code: 16ms)
 GET /api/git/status?cwd=%2Fhome%2Fxupeng%2F.cache%2Fpi-tmp%2F01a10f47-ae69-753b-a8de-d77bd690adfd%2Fask-user-full-e2e-retry-jxxdc2by%2Fpi-web-e2e-IlNMZG%2Fproject 200 in 18ms (next.js: 2ms, proxy.ts: 3ms, application-code: 13ms)
 GET /api/files/home/xupeng/.cache/pi-tmp/01a10f47-ae69-753b-a8de-d77bd690adfd/ask-user-full-e2e-retry-jxxdc2by/pi-web-e2e-IlNMZG/project?type=list 200 in 35ms (next.js: 19ms, proxy.ts: 4ms, application-code: 12ms)
 GET /api/agent/running 200 in 7ms (next.js: 1.9ms, proxy.ts: 3ms, application-code: 3ms)
 POST /api/agent/e2e-rich-session 200 in 6ms (next.js: 2ms, proxy.ts: 1.7ms, application-code: 3ms)
 POST /api/agent/e2e-rich-session 200 in 145ms (next.js: 2ms, proxy.ts: 3ms, application-code: 140ms)
 GET /api/sessions?sessionId=e2e-rich-session 200 in 11ms (next.js: 2ms, proxy.ts: 3ms, application-code: 6ms)
 GET /api/sessions/e2e-rich-session?deferThinking=1&deferMedia=1&tree=summary 200 in 15ms (next.js: 9ms, proxy.ts: 3ms, application-code: 3ms)
 GET /api/sessions?sessionId=e2e-rich-session 200 in 24ms (next.js: 3ms, proxy.ts: 2ms, application-code: 19ms)
 GET /api/git/diff?cwd=%2Fhome%2Fxupeng%2F.cache%2Fpi-tmp%2F01a10f47-ae69-753b-a8de-d77bd690adfd%2Fask-user-full-e2e-retry-jxxdc2by%2Fpi-web-e2e-IlNMZG%2Fproject&path=%2Fhome%2Fxupeng%2F.cache%2Fpi-tmp%2F01a10f47-ae69-753b-a8de-d77bd690adfd%2Fask-user-full-e2e-retry-jxxdc2by%2Fpi-web-e2e-IlNMZG%2Fproject%2Fpreview.html 200 in 38ms (next.js: 4ms, proxy.ts: 19ms, application-code: 15ms)
 GET /api/git/status?cwd=%2Fhome%2Fxupeng%2F.cache%2Fpi-tmp%2F01a10f47-ae69-753b-a8de-d77bd690adfd%2Fask-user-full-e2e-retry-jxxdc2by%2Fpi-web-e2e-IlNMZG%2Fproject 200 in 22ms (next.js: 3ms, proxy.ts: 4ms, application-code: 14ms)
 GET /api/files/home/xupeng/.cache/pi-tmp/01a10f47-ae69-753b-a8de-d77bd690adfd/ask-user-full-e2e-retry-jxxdc2by/pi-web-e2e-IlNMZG/project?type=list 200 in 37ms (next.js: 20ms, proxy.ts: 4ms, application-code: 13ms)
 POST /api/agent/e2e-rich-session 200 in 9ms (next.js: 3ms, proxy.ts: 3ms, application-code: 4ms)
 POST /api/agent/e2e-rich-session 200 in 195ms (next.js: 15ms, proxy.ts: 3ms, application-code: 176ms)
 GET /api/sessions?sessionId=e2e-rich-session 200 in 10ms (next.js: 2ms, proxy.ts: 3ms, application-code: 5ms)
 GET /api/sessions/e2e-rich-session?deferThinking=1&deferMedia=1&tree=summary 200 in 16ms (next.js: 9ms, proxy.ts: 3ms, application-code: 4ms)
 GET /api/sessions?sessionId=e2e-rich-session 200 in 22ms (next.js: 2ms, proxy.ts: 2ms, application-code: 17ms)
 GET /api/git/diff?cwd=%2Fhome%2Fxupeng%2F.cache%2Fpi-tmp%2F01a10f47-ae69-753b-a8de-d77bd690adfd%2Fask-user-full-e2e-retry-jxxdc2by%2Fpi-web-e2e-IlNMZG%2Fproject&path=%2Fhome%2Fxupeng%2F.cache%2Fpi-tmp%2F01a10f47-ae69-753b-a8de-d77bd690adfd%2Fask-user-full-e2e-retry-jxxdc2by%2Fpi-web-e2e-IlNMZG%2Fproject%2Fpreview.html 200 in 25ms (next.js: 6ms, proxy.ts: 2ms, application-code: 17ms)
 GET /api/git/status?cwd=%2Fhome%2Fxupeng%2F.cache%2Fpi-tmp%2F01a10f47-ae69-753b-a8de-d77bd690adfd%2Fask-user-full-e2e-retry-jxxdc2by%2Fpi-web-e2e-IlNMZG%2Fproject 200 in 21ms (next.js: 2ms, proxy.ts: 5ms, application-code: 14ms)
 GET /api/files/home/xupeng/.cache/pi-tmp/01a10f47-ae69-753b-a8de-d77bd690adfd/ask-user-full-e2e-retry-jxxdc2by/pi-web-e2e-IlNMZG/project?type=list 200 in 50ms (next.js: 30ms, proxy.ts: 5ms, application-code: 15ms)
 POST /api/agent/e2e-rich-session 200 in 10ms (next.js: 3ms, proxy.ts: 3ms, application-code: 4ms)
 POST /api/agent/e2e-rich-session 200 in 296ms (next.js: 3ms, proxy.ts: 3ms, application-code: 290ms)
 GET /api/sessions?sessionId=e2e-rich-session 200 in 13ms (next.js: 3ms, proxy.ts: 3ms, application-code: 7ms)
 GET /api/sessions/e2e-rich-session?deferThinking=1&deferMedia=1&tree=summary 200 in 31ms (next.js: 23ms, proxy.ts: 3ms, application-code: 5ms)
 GET /api/sessions?sessionId=e2e-rich-session 200 in 29ms (next.js: 4ms, proxy.ts: 4ms, application-code: 21ms)
 GET /api/git/diff?cwd=%2Fhome%2Fxupeng%2F.cache%2Fpi-tmp%2F01a10f47-ae69-753b-a8de-d77bd690adfd%2Fask-user-full-e2e-retry-jxxdc2by%2Fpi-web-e2e-IlNMZG%2Fproject&path=%2Fhome%2Fxupeng%2F.cache%2Fpi-tmp%2F01a10f47-ae69-753b-a8de-d77bd690adfd%2Fask-user-full-e2e-retry-jxxdc2by%2Fpi-web-e2e-IlNMZG%2Fproject%2Fpreview.html 200 in 28ms (next.js: 9ms, proxy.ts: 4ms, application-code: 15ms)
 GET /api/git/status?cwd=%2Fhome%2Fxupeng%2F.cache%2Fpi-tmp%2F01a10f47-ae69-753b-a8de-d77bd690adfd%2Fask-user-full-e2e-retry-jxxdc2by%2Fpi-web-e2e-IlNMZG%2Fproject 200 in 25ms (next.js: 4ms, proxy.ts: 5ms, application-code: 17ms)
 GET /api/files/home/xupeng/.cache/pi-tmp/01a10f47-ae69-753b-a8de-d77bd690adfd/ask-user-full-e2e-retry-jxxdc2by/pi-web-e2e-IlNMZG/project?type=list 200 in 46ms (next.js: 24ms, proxy.ts: 4ms, application-code: 19ms)
 GET /api/agent/running 200 in 6ms (next.js: 1.8ms, proxy.ts: 2ms, application-code: 2ms)
 GET /api/agent/running 200 in 7ms (next.js: 2ms, proxy.ts: 2ms, application-code: 2ms)
 GET /api/agent/running 200 in 5ms (next.js: 1.4ms, proxy.ts: 1.8ms, application-code: 2ms)
 GET /api/agent/running 200 in 6ms (next.js: 1.7ms, proxy.ts: 2ms, application-code: 2ms)
 POST /api/agent/e2e-rich-session 200 in 20ms (next.js: 13ms, proxy.ts: 2ms, application-code: 4ms)
 POST /api/agent/e2e-rich-session 200 in 8.5s (next.js: 5ms, proxy.ts: 2ms, application-code: 8.5s)
 GET /api/sessions?sessionId=e2e-rich-session 200 in 17ms (next.js: 5ms, proxy.ts: 4ms, application-code: 9ms)
 GET /api/sessions/e2e-rich-session?deferThinking=1&deferMedia=1&tree=summary 200 in 32ms (next.js: 21ms, proxy.ts: 6ms, application-code: 5ms)
 GET /api/sessions?sessionId=e2e-rich-session 200 in 26ms (next.js: 3ms, proxy.ts: 4ms, application-code: 19ms)
 GET /api/git/diff?cwd=%2Fhome%2Fxupeng%2F.cache%2Fpi-tmp%2F01a10f47-ae69-753b-a8de-d77bd690adfd%2Fask-user-full-e2e-retry-jxxdc2by%2Fpi-web-e2e-IlNMZG%2Fproject&path=%2Fhome%2Fxupeng%2F.cache%2Fpi-tmp%2F01a10f47-ae69-753b-a8de-d77bd690adfd%2Fask-user-full-e2e-retry-jxxdc2by%2Fpi-web-e2e-IlNMZG%2Fproject%2Fpreview.html 200 in 24ms (next.js: 1.6ms, proxy.ts: 9ms, application-code: 13ms)
 GET /api/git/status?cwd=%2Fhome%2Fxupeng%2F.cache%2Fpi-tmp%2F01a10f47-ae69-753b-a8de-d77bd690adfd%2Fask-user-full-e2e-retry-jxxdc2by%2Fpi-web-e2e-IlNMZG%2Fproject 200 in 18ms (next.js: 2.0ms, proxy.ts: 4ms, application-code: 12ms)
 GET /api/files/home/xupeng/.cache/pi-tmp/01a10f47-ae69-753b-a8de-d77bd690adfd/ask-user-full-e2e-retry-jxxdc2by/pi-web-e2e-IlNMZG/project?type=list 200 in 45ms (next.js: 25ms, proxy.ts: 4ms, application-code: 15ms)
 GET /?session=e2e-ask-user-session 200 in 40ms (next.js: 3ms, proxy.ts: 1.9ms, application-code: 35ms)
 GET /api/agent/e2e-rich-session/events 200 in 13.1s (next.js: 22ms, proxy.ts: 8ms, application-code: 13.1s)
 GET /api/projects 200 in 16ms (next.js: 8ms, proxy.ts: 6ms, application-code: 2ms)
 GET /api/open-in-explorer 200 in 20ms (next.js: 10ms, proxy.ts: 7ms, application-code: 3ms)
 GET /api/home 200 in 23ms (next.js: 13ms, proxy.ts: 7ms, application-code: 2ms)
 GET /api/open-in-explorer 200 in 38ms (next.js: 24ms, proxy.ts: 9ms, application-code: 5ms)
 GET /api/projects?force=1 200 in 46ms (next.js: 23ms, proxy.ts: 8ms, application-code: 15ms)
 GET /api/sessions?sessionId=e2e-ask-user-session 200 in 49ms (next.js: 16ms, proxy.ts: 8ms, application-code: 25ms)
 GET /api/agent/running 200 in 12ms (next.js: 2ms, proxy.ts: 8ms, application-code: 1.8ms)
 GET /api/home 200 in 16ms (next.js: 5ms, proxy.ts: 8ms, application-code: 3ms)
 GET /api/worktrees?cwd=%2Fhome%2Fxupeng%2F.cache%2Fpi-tmp%2F01a10f47-ae69-753b-a8de-d77bd690adfd%2Fask-user-full-e2e-retry-jxxdc2by%2Fpi-web-e2e-IlNMZG%2Fproject 200 in 65ms (next.js: 9ms, proxy.ts: 7ms, application-code: 49ms)
 GET /api/sessions?projectKey=%2Fhome%2Fxupeng%2F.cache%2Fpi-tmp%2F01a10f47-ae69-753b-a8de-d77bd690adfd%2Fask-user-full-e2e-retry-jxxdc2by%2Fpi-web-e2e-IlNMZG%2Fproject 200 in 65ms (next.js: 35ms, proxy.ts: 9ms, application-code: 21ms)
 GET /api/git/status?cwd=%2Fhome%2Fxupeng%2F.cache%2Fpi-tmp%2F01a10f47-ae69-753b-a8de-d77bd690adfd%2Fask-user-full-e2e-retry-jxxdc2by%2Fpi-web-e2e-IlNMZG%2Fproject 200 in 65ms (next.js: 39ms, proxy.ts: 9ms, application-code: 16ms)
 GET /api/git/status?cwd=%2Fhome%2Fxupeng%2F.cache%2Fpi-tmp%2F01a10f47-ae69-753b-a8de-d77bd690adfd%2Fask-user-full-e2e-retry-jxxdc2by%2Fpi-web-e2e-IlNMZG%2Fproject 200 in 67ms (next.js: 23ms, proxy.ts: 9ms, application-code: 35ms)
 GET /api/files/home/xupeng/.cache/pi-tmp/01a10f47-ae69-753b-a8de-d77bd690adfd/ask-user-full-e2e-retry-jxxdc2by/pi-web-e2e-IlNMZG/project?type=list 200 in 108ms (next.js: 71ms, proxy.ts: 8ms, application-code: 29ms)
 GET /api/files/home/xupeng/.cache/pi-tmp/01a10f47-ae69-753b-a8de-d77bd690adfd/ask-user-full-e2e-retry-jxxdc2by/pi-web-e2e-IlNMZG/project?type=list 200 in 109ms (next.js: 82ms, proxy.ts: 9ms, application-code: 18ms)
 GET /api/project-trust?cwd=%2Fhome%2Fxupeng%2F.cache%2Fpi-tmp%2F01a10f47-ae69-753b-a8de-d77bd690adfd%2Fask-user-full-e2e-retry-jxxdc2by%2Fpi-web-e2e-IlNMZG%2Fproject 200 in 46ms (next.js: 34ms, proxy.ts: 8ms, application-code: 4ms)
 GET /api/file-index?cwd=%2Fhome%2Fxupeng%2F.cache%2Fpi-tmp%2F01a10f47-ae69-753b-a8de-d77bd690adfd%2Fask-user-full-e2e-retry-jxxdc2by%2Fpi-web-e2e-IlNMZG%2Fproject 200 in 73ms (next.js: 13ms, proxy.ts: 21ms, application-code: 40ms)
 GET /api/sessions?projectKey=%2Fhome%2Fxupeng%2F.cache%2Fpi-tmp%2F01a10f47-ae69-753b-a8de-d77bd690adfd%2Fask-user-full-e2e-retry-jxxdc2by%2Fpi-web-e2e-IlNMZG%2Fproject 200 in 59ms (next.js: 39ms, proxy.ts: 8ms, application-code: 12ms)
 GET /api/models?cwd=%2Fhome%2Fxupeng%2F.cache%2Fpi-tmp%2F01a10f47-ae69-753b-a8de-d77bd690adfd%2Fask-user-full-e2e-retry-jxxdc2by%2Fpi-web-e2e-IlNMZG%2Fproject 200 in 32ms (next.js: 6ms, proxy.ts: 23ms, application-code: 4ms)
 GET /api/sessions/e2e-ask-user-session?deferThinking=1&deferMedia=1&tree=summary&force=1 200 in 75ms (next.js: 18ms, proxy.ts: 42ms, application-code: 15ms)
 GET /api/sessions/e2e-ask-user-session?deferThinking=1&deferMedia=1&tree=summary&force=1 200 in 74ms (next.js: 21ms, proxy.ts: 41ms, application-code: 12ms)
 GET /api/sessions/e2e-ask-user-session/state 200 in 29ms (next.js: 20ms, proxy.ts: 3ms, application-code: 6ms)
 POST /api/agent/e2e-ask-user-session 200 in 23ms (next.js: 15ms, proxy.ts: 2ms, application-code: 5ms)
 GET /?session=e2e-ask-user-session 200 in 43ms (next.js: 8ms, proxy.ts: 3ms, application-code: 32ms)
 GET /api/agent/e2e-ask-user-session/events 200 in 1611ms (next.js: 36ms, proxy.ts: 6ms, application-code: 1568ms)
 GET /api/projects 200 in 22ms (next.js: 11ms, proxy.ts: 8ms, application-code: 2ms)
 GET /api/open-in-explorer 200 in 23ms (next.js: 13ms, proxy.ts: 8ms, application-code: 1.6ms)
 GET /api/home 200 in 25ms (next.js: 12ms, proxy.ts: 11ms, application-code: 1.6ms)
 GET /api/open-in-explorer 200 in 32ms (next.js: 18ms, proxy.ts: 12ms, application-code: 1.6ms)
 GET /api/projects?force=1 200 in 38ms (next.js: 17ms, proxy.ts: 12ms, application-code: 9ms)
 GET /api/sessions?sessionId=e2e-ask-user-session 200 in 40ms (next.js: 14ms, proxy.ts: 11ms, application-code: 15ms)
 GET /api/agent/running 200 in 10ms (next.js: 2ms, proxy.ts: 6ms, application-code: 1.6ms)
 GET /api/home 200 in 12ms (next.js: 4ms, proxy.ts: 6ms, application-code: 1.6ms)
 GET /api/worktrees?cwd=%2Fhome%2Fxupeng%2F.cache%2Fpi-tmp%2F01a10f47-ae69-753b-a8de-d77bd690adfd%2Fask-user-full-e2e-retry-jxxdc2by%2Fpi-web-e2e-IlNMZG%2Fproject 200 in 64ms (next.js: 8ms, proxy.ts: 7ms, application-code: 49ms)
 GET /api/sessions?projectKey=%2Fhome%2Fxupeng%2F.cache%2Fpi-tmp%2F01a10f47-ae69-753b-a8de-d77bd690adfd%2Fask-user-full-e2e-retry-jxxdc2by%2Fpi-web-e2e-IlNMZG%2Fproject 200 in 64ms (next.js: 33ms, proxy.ts: 8ms, application-code: 23ms)
 GET /api/git/status?cwd=%2Fhome%2Fxupeng%2F.cache%2Fpi-tmp%2F01a10f47-ae69-753b-a8de-d77bd690adfd%2Fask-user-full-e2e-retry-jxxdc2by%2Fpi-web-e2e-IlNMZG%2Fproject 200 in 64ms (next.js: 37ms, proxy.ts: 9ms, application-code: 18ms)
 GET /api/git/status?cwd=%2Fhome%2Fxupeng%2F.cache%2Fpi-tmp%2F01a10f47-ae69-753b-a8de-d77bd690adfd%2Fask-user-full-e2e-retry-jxxdc2by%2Fpi-web-e2e-IlNMZG%2Fproject 200 in 66ms (next.js: 20ms, proxy.ts: 8ms, application-code: 39ms)
 GET /api/files/home/xupeng/.cache/pi-tmp/01a10f47-ae69-753b-a8de-d77bd690adfd/ask-user-full-e2e-retry-jxxdc2by/pi-web-e2e-IlNMZG/project?type=list 200 in 105ms (next.js: 70ms, proxy.ts: 7ms, application-code: 28ms)
 GET /api/files/home/xupeng/.cache/pi-tmp/01a10f47-ae69-753b-a8de-d77bd690adfd/ask-user-full-e2e-retry-jxxdc2by/pi-web-e2e-IlNMZG/project?type=list 200 in 106ms (next.js: 81ms, proxy.ts: 9ms, application-code: 16ms)
 GET /api/file-index?cwd=%2Fhome%2Fxupeng%2F.cache%2Fpi-tmp%2F01a10f47-ae69-753b-a8de-d77bd690adfd%2Fask-user-full-e2e-retry-jxxdc2by%2Fpi-web-e2e-IlNMZG%2Fproject 200 in 29ms (next.js: 8ms, proxy.ts: 19ms, application-code: 1.8ms)
 GET /api/project-trust?cwd=%2Fhome%2Fxupeng%2F.cache%2Fpi-tmp%2F01a10f47-ae69-753b-a8de-d77bd690adfd%2Fask-user-full-e2e-retry-jxxdc2by%2Fpi-web-e2e-IlNMZG%2Fproject 200 in 32ms (next.js: 10ms, proxy.ts: 19ms, application-code: 3ms)
 GET /api/sessions?projectKey=%2Fhome%2Fxupeng%2F.cache%2Fpi-tmp%2F01a10f47-ae69-753b-a8de-d77bd690adfd%2Fask-user-full-e2e-retry-jxxdc2by%2Fpi-web-e2e-IlNMZG%2Fproject 200 in 31ms (next.js: 13ms, proxy.ts: 7ms, application-code: 11ms)
 GET /api/models?cwd=%2Fhome%2Fxupeng%2F.cache%2Fpi-tmp%2F01a10f47-ae69-753b-a8de-d77bd690adfd%2Fask-user-full-e2e-retry-jxxdc2by%2Fpi-web-e2e-IlNMZG%2Fproject 200 in 25ms (next.js: 7ms, proxy.ts: 14ms, application-code: 4ms)
 GET /api/sessions/e2e-ask-user-session?deferThinking=1&deferMedia=1&tree=summary&force=1 200 in 59ms (next.js: 29ms, proxy.ts: 20ms, application-code: 10ms)
 GET /api/sessions/e2e-ask-user-session?deferThinking=1&deferMedia=1&tree=summary&force=1 200 in 58ms (next.js: 32ms, proxy.ts: 20ms, application-code: 6ms)
 GET /api/sessions/e2e-ask-user-session/state 200 in 22ms (next.js: 16ms, proxy.ts: 3ms, application-code: 3ms)
 POST /api/agent/e2e-ask-user-session 200 in 24ms (next.js: 14ms, proxy.ts: 7ms, application-code: 4ms)
 GET /?session=e2e-status-tail-session 200 in 35ms (next.js: 3ms, proxy.ts: 2.0ms, application-code: 30ms)
 GET /api/agent/e2e-ask-user-session/events 200 in 519ms (next.js: 46ms, proxy.ts: 7ms, application-code: 467ms)
 GET /api/projects 200 in 24ms (next.js: 10ms, proxy.ts: 12ms, application-code: 3ms)
 GET /api/open-in-explorer 200 in 27ms (next.js: 13ms, proxy.ts: 12ms, application-code: 2ms)
 GET /api/home 200 in 31ms (next.js: 16ms, proxy.ts: 12ms, application-code: 2ms)
 GET /api/open-in-explorer 200 in 40ms (next.js: 25ms, proxy.ts: 12ms, application-code: 2ms)
 GET /api/sessions?sessionId=e2e-status-tail-session 200 in 49ms (next.js: 18ms, proxy.ts: 12ms, application-code: 19ms)
 GET /api/projects?force=1 200 in 50ms (next.js: 23ms, proxy.ts: 12ms, application-code: 15ms)
 GET /api/agent/running 200 in 15ms (next.js: 3ms, proxy.ts: 10ms, application-code: 3ms)
 GET /api/home 200 in 18ms (next.js: 6ms, proxy.ts: 10ms, application-code: 2ms)
 GET /api/git/status?cwd=%2Fhome%2Fxupeng%2F.cache%2Fpi-tmp%2F01a10f47-ae69-753b-a8de-d77bd690adfd%2Fask-user-full-e2e-retry-jxxdc2by%2Fpi-web-e2e-IlNMZG%2Fproject 200 in 76ms (next.js: 24ms, proxy.ts: 9ms, application-code: 43ms)
 GET /api/worktrees?cwd=%2Fhome%2Fxupeng%2F.cache%2Fpi-tmp%2F01a10f47-ae69-753b-a8de-d77bd690adfd%2Fask-user-full-e2e-retry-jxxdc2by%2Fpi-web-e2e-IlNMZG%2Fproject 200 in 78ms (next.js: 10ms, proxy.ts: 8ms, application-code: 60ms)
 GET /api/sessions?projectKey=%2Fhome%2Fxupeng%2F.cache%2Fpi-tmp%2F01a10f47-ae69-753b-a8de-d77bd690adfd%2Fask-user-full-e2e-retry-jxxdc2by%2Fpi-web-e2e-IlNMZG%2Fproject 200 in 78ms (next.js: 38ms, proxy.ts: 10ms, application-code: 30ms)
 GET /api/git/status?cwd=%2Fhome%2Fxupeng%2F.cache%2Fpi-tmp%2F01a10f47-ae69-753b-a8de-d77bd690adfd%2Fask-user-full-e2e-retry-jxxdc2by%2Fpi-web-e2e-IlNMZG%2Fproject 200 in 79ms (next.js: 45ms, proxy.ts: 10ms, application-code: 23ms)
 GET /api/files/home/xupeng/.cache/pi-tmp/01a10f47-ae69-753b-a8de-d77bd690adfd/ask-user-full-e2e-retry-jxxdc2by/pi-web-e2e-IlNMZG/project?type=list 200 in 125ms (next.js: 87ms, proxy.ts: 9ms, application-code: 30ms)
 GET /api/files/home/xupeng/.cache/pi-tmp/01a10f47-ae69-753b-a8de-d77bd690adfd/ask-user-full-e2e-retry-jxxdc2by/pi-web-e2e-IlNMZG/project?type=list 200 in 126ms (next.js: 99ms, proxy.ts: 10ms, application-code: 17ms)
 GET /api/file-index?cwd=%2Fhome%2Fxupeng%2F.cache%2Fpi-tmp%2F01a10f47-ae69-753b-a8de-d77bd690adfd%2Fask-user-full-e2e-retry-jxxdc2by%2Fpi-web-e2e-IlNMZG%2Fproject 200 in 30ms (next.js: 8ms, proxy.ts: 20ms, application-code: 1.9ms)
 GET /api/project-trust?cwd=%2Fhome%2Fxupeng%2F.cache%2Fpi-tmp%2F01a10f47-ae69-753b-a8de-d77bd690adfd%2Fask-user-full-e2e-retry-jxxdc2by%2Fpi-web-e2e-IlNMZG%2Fproject 200 in 34ms (next.js: 10ms, proxy.ts: 21ms, application-code: 3ms)
 GET /api/sessions?projectKey=%2Fhome%2Fxupeng%2F.cache%2Fpi-tmp%2F01a10f47-ae69-753b-a8de-d77bd690adfd%2Fask-user-full-e2e-retry-jxxdc2by%2Fpi-web-e2e-IlNMZG%2Fproject 200 in 31ms (next.js: 14ms, proxy.ts: 9ms, application-code: 7ms)
 GET /api/models?cwd=%2Fhome%2Fxupeng%2F.cache%2Fpi-tmp%2F01a10f47-ae69-753b-a8de-d77bd690adfd%2Fask-user-full-e2e-retry-jxxdc2by%2Fpi-web-e2e-IlNMZG%2Fproject 200 in 25ms (next.js: 4ms, proxy.ts: 18ms, application-code: 3ms)
 GET /api/sessions/e2e-status-tail-session?deferThinking=1&deferMedia=1&tree=summary&force=1 200 in 49ms (next.js: 26ms, proxy.ts: 12ms, application-code: 11ms)
 GET /api/sessions/e2e-status-tail-session?deferThinking=1&deferMedia=1&tree=summary&force=1 200 in 50ms (next.js: 31ms, proxy.ts: 13ms, application-code: 6ms)
 GET /api/agent/running 200 in 5ms (next.js: 1.4ms, proxy.ts: 1.6ms, application-code: 2ms)
 GET /?session=e2e-branch-session 200 in 40ms (next.js: 2ms, proxy.ts: 1.8ms, application-code: 36ms)
 GET /api/projects 200 in 10ms (next.js: 5ms, proxy.ts: 3ms, application-code: 2.0ms)
 GET /api/open-in-explorer 200 in 16ms (next.js: 9ms, proxy.ts: 4ms, application-code: 2ms)
 GET /api/agent/running 200 in 19ms (next.js: 9ms, proxy.ts: 8ms, application-code: 2ms)
 GET /api/home 200 in 21ms (next.js: 12ms, proxy.ts: 7ms, application-code: 1.9ms)
 GET /api/sessions?sessionId=e2e-branch-session 200 in 31ms (next.js: 14ms, proxy.ts: 7ms, application-code: 10ms)
 GET /api/agent/running 200 in 25ms (next.js: 7ms, proxy.ts: 16ms, application-code: 1.5ms)
 GET /api/open-in-explorer 200 in 16ms (next.js: 10ms, proxy.ts: 5ms, application-code: 1.6ms)
 GET /api/projects?force=1 200 in 33ms (next.js: 6ms, proxy.ts: 16ms, application-code: 11ms)
 GET /api/home 200 in 18ms (next.js: 11ms, proxy.ts: 6ms, application-code: 1.5ms)
 GET /api/worktrees?cwd=%2Fhome%2Fxupeng%2F.cache%2Fpi-tmp%2F01a10f47-ae69-753b-a8de-d77bd690adfd%2Fask-user-full-e2e-retry-jxxdc2by%2Fpi-web-e2e-IlNMZG%2Fproject 200 in 21ms (next.js: 3ms, proxy.ts: 2ms, application-code: 16ms)
 GET /api/git/status?cwd=%2Fhome%2Fxupeng%2F.cache%2Fpi-tmp%2F01a10f47-ae69-753b-a8de-d77bd690adfd%2Fask-user-full-e2e-retry-jxxdc2by%2Fpi-web-e2e-IlNMZG%2Fproject 200 in 38ms (next.js: 6ms, proxy.ts: 14ms, application-code: 17ms)
 GET /api/sessions?projectKey=%2Fhome%2Fxupeng%2F.cache%2Fpi-tmp%2F01a10f47-ae69-753b-a8de-d77bd690adfd%2Fask-user-full-e2e-retry-jxxdc2by%2Fpi-web-e2e-IlNMZG%2Fproject 200 in 54ms (next.js: 30ms, proxy.ts: 17ms, application-code: 8ms)
 GET /api/files/home/xupeng/.cache/pi-tmp/01a10f47-ae69-753b-a8de-d77bd690adfd/ask-user-full-e2e-retry-jxxdc2by/pi-web-e2e-IlNMZG/project?type=list 200 in 73ms (next.js: 37ms, proxy.ts: 14ms, application-code: 22ms)
 GET /api/file-index?cwd=%2Fhome%2Fxupeng%2F.cache%2Fpi-tmp%2F01a10f47-ae69-753b-a8de-d77bd690adfd%2Fask-user-full-e2e-retry-jxxdc2by%2Fpi-web-e2e-IlNMZG%2Fproject 200 in 77ms (next.js: 33ms, proxy.ts: 7ms, application-code: 37ms)
 GET /api/sessions/e2e-branch-session?deferThinking=1&deferMedia=1&tree=summary&force=1 200 in 96ms (next.js: 71ms, proxy.ts: 17ms, application-code: 8ms)
 GET /api/project-trust?cwd=%2Fhome%2Fxupeng%2F.cache%2Fpi-tmp%2F01a10f47-ae69-753b-a8de-d77bd690adfd%2Fask-user-full-e2e-retry-jxxdc2by%2Fpi-web-e2e-IlNMZG%2Fproject 200 in 50ms (next.js: 20ms, proxy.ts: 26ms, application-code: 4ms)
 GET /api/models?cwd=%2Fhome%2Fxupeng%2F.cache%2Fpi-tmp%2F01a10f47-ae69-753b-a8de-d77bd690adfd%2Fask-user-full-e2e-retry-jxxdc2by%2Fpi-web-e2e-IlNMZG%2Fproject 200 in 56ms (next.js: 25ms, proxy.ts: 26ms, application-code: 5ms)
 GET /api/git/status?cwd=%2Fhome%2Fxupeng%2F.cache%2Fpi-tmp%2F01a10f47-ae69-753b-a8de-d77bd690adfd%2Fask-user-full-e2e-retry-jxxdc2by%2Fpi-web-e2e-IlNMZG%2Fproject 200 in 35ms (next.js: 5ms, proxy.ts: 15ms, application-code: 16ms)
 GET /api/sessions/e2e-branch-session?deferThinking=1&deferMedia=1&tree=summary&force=1 200 in 56ms (next.js: 35ms, proxy.ts: 16ms, application-code: 4ms)
 GET /api/files/home/xupeng/.cache/pi-tmp/01a10f47-ae69-753b-a8de-d77bd690adfd/ask-user-full-e2e-retry-jxxdc2by/pi-web-e2e-IlNMZG/project?type=list 200 in 57ms (next.js: 21ms, proxy.ts: 16ms, application-code: 20ms)
 GET /api/sessions/e2e-branch-session/state 200 in 20ms (next.js: 15ms, proxy.ts: 2ms, application-code: 3ms)
 POST /api/agent/e2e-branch-session 200 in 21ms (next.js: 15ms, proxy.ts: 3ms, application-code: 3ms)
 GET /api/git/status?cwd=%2Fhome%2Fxupeng%2F.cache%2Fpi-tmp%2F01a10f47-ae69-753b-a8de-d77bd690adfd%2Fask-user-full-e2e-retry-jxxdc2by%2Fpi-web-e2e-IlNMZG%2Fproject 200 in 21ms (next.js: 3ms, proxy.ts: 4ms, application-code: 14ms)
 GET /api/files/home/xupeng/.cache/pi-tmp/01a10f47-ae69-753b-a8de-d77bd690adfd/ask-user-full-e2e-retry-jxxdc2by/pi-web-e2e-IlNMZG/project?type=list 200 in 44ms (next.js: 20ms, proxy.ts: 4ms, application-code: 20ms)
 GET /api/agent/e2e-branch-session/events 200 in 1162ms (next.js: 32ms, proxy.ts: 15ms, application-code: 1115ms)
[?25h
