▲ Next.js 16.3.6 (Turbopack)
- Local:         http://127.0.0.1:45861
- Network:       http://127.0.0.1:45861
✓ Ready in 245ms
✓ Running next.config.ts took 26ms
- Experiments (use with caution):
  · proxyClientMaxBodySize: "128mb"

 GET /api/sessions 200 in 1066ms (next.js: 86ms, proxy.ts: 148ms, application-code: 832ms)
 GET /api/sessions/trellis-records-a 200 in 1314ms (next.js: 1298ms, proxy.ts: 3ms, application-code: 13ms)
 GET /?session=trellis-records-a 200 in 585ms (next.js: 47ms, proxy.ts: 3ms, application-code: 535ms)
 GET /api/projects 200 in 63ms (next.js: 52ms, proxy.ts: 7ms, application-code: 4ms)
 GET /api/open-in-explorer 200 in 95ms (next.js: 85ms, proxy.ts: 8ms, application-code: 3ms)
 GET /api/home 200 in 171ms (next.js: 160ms, proxy.ts: 8ms, application-code: 3ms)
 GET /api/agent/running 200 in 184ms (next.js: 137ms, proxy.ts: 8ms, application-code: 39ms)
 GET /api/projects?force=1 200 in 189ms (next.js: 165ms, proxy.ts: 9ms, application-code: 15ms)
 GET /api/sessions?sessionId=trellis-records-a 200 in 194ms (next.js: 163ms, proxy.ts: 9ms, application-code: 22ms)
 GET /api/agent/running 200 in 25ms (next.js: 8ms, proxy.ts: 14ms, application-code: 3ms)
 GET /api/home 200 in 28ms (next.js: 12ms, proxy.ts: 13ms, application-code: 3ms)
 GET /api/open-in-explorer 200 in 31ms (next.js: 15ms, proxy.ts: 14ms, application-code: 2ms)
 GET /api/worktrees?cwd=%2Fhome%2Fxupeng%2F.cache%2Fpi-tmp%2F01a10f47-ae69-753b-a8de-d77bd690adfd%2Fask-user-full-e2e-retry-jxxdc2by%2Fpi-web-e2e-subagents-SvxD6E%2Fproject 200 in 114ms (next.js: 45ms, proxy.ts: 12ms, application-code: 57ms)
 GET /api/git/status?cwd=%2Fhome%2Fxupeng%2F.cache%2Fpi-tmp%2F01a10f47-ae69-753b-a8de-d77bd690adfd%2Fask-user-full-e2e-retry-jxxdc2by%2Fpi-web-e2e-subagents-SvxD6E%2Fproject 200 in 115ms (next.js: 81ms, proxy.ts: 19ms, application-code: 15ms)
 GET /api/sessions?projectKey=%2Fhome%2Fxupeng%2F.cache%2Fpi-tmp%2F01a10f47-ae69-753b-a8de-d77bd690adfd%2Fask-user-full-e2e-retry-jxxdc2by%2Fpi-web-e2e-subagents-SvxD6E%2Fproject 200 in 142ms (next.js: 87ms, proxy.ts: 49ms, application-code: 6ms)
 GET /api/git/status?cwd=%2Fhome%2Fxupeng%2F.cache%2Fpi-tmp%2F01a10f47-ae69-753b-a8de-d77bd690adfd%2Fask-user-full-e2e-retry-jxxdc2by%2Fpi-web-e2e-subagents-SvxD6E%2Fproject 200 in 112ms (next.js: 50ms, proxy.ts: 49ms, application-code: 13ms)
 GET /api/project-trust?cwd=%2Fhome%2Fxupeng%2F.cache%2Fpi-tmp%2F01a10f47-ae69-753b-a8de-d77bd690adfd%2Fask-user-full-e2e-retry-jxxdc2by%2Fpi-web-e2e-subagents-SvxD6E%2Fproject 200 in 127ms (next.js: 99ms, proxy.ts: 8ms, application-code: 20ms)
 GET /api/file-index?cwd=%2Fhome%2Fxupeng%2F.cache%2Fpi-tmp%2F01a10f47-ae69-753b-a8de-d77bd690adfd%2Fask-user-full-e2e-retry-jxxdc2by%2Fpi-web-e2e-subagents-SvxD6E%2Fproject 200 in 131ms (next.js: 35ms, proxy.ts: 7ms, application-code: 88ms)
 GET /api/sessions?projectKey=%2Fhome%2Fxupeng%2F.cache%2Fpi-tmp%2F01a10f47-ae69-753b-a8de-d77bd690adfd%2Fask-user-full-e2e-retry-jxxdc2by%2Fpi-web-e2e-subagents-SvxD6E%2Fproject 200 in 134ms (next.js: 76ms, proxy.ts: 51ms, application-code: 7ms)
 GET /api/sessions/trellis-records-a?deferThinking=1&deferMedia=1&tree=summary&force=1 200 in 206ms (next.js: 23ms, proxy.ts: 121ms, application-code: 61ms)
 GET /api/sessions/trellis-records-a?deferThinking=1&deferMedia=1&tree=summary&force=1 200 in 96ms (next.js: 86ms, proxy.ts: 5ms, application-code: 5ms)
 GET /api/models?cwd=%2Fhome%2Fxupeng%2F.cache%2Fpi-tmp%2F01a10f47-ae69-753b-a8de-d77bd690adfd%2Fask-user-full-e2e-retry-jxxdc2by%2Fpi-web-e2e-subagents-SvxD6E%2Fproject 200 in 188ms (next.js: 54ms, proxy.ts: 5ms, application-code: 129ms)
 GET /?session=trellis-mixed 200 in 51ms (next.js: 3ms, proxy.ts: 3ms, application-code: 44ms)
 GET /api/agent/trellis-records-a/events 200 in 964ms (proxy.ts: 71ms)
 GET /api/sessions/trellis-records-a/state 200 in 791ms (proxy.ts: 11ms)
 GET /api/files/home/xupeng/.cache/pi-tmp/01a10f47-ae69-753b-a8de-d77bd690adfd/ask-user-full-e2e-retry-jxxdc2by/pi-web-e2e-subagents-SvxD6E/project?type=list 200 in 1259ms (proxy.ts: 90ms)
 GET /api/files/home/xupeng/.cache/pi-tmp/01a10f47-ae69-753b-a8de-d77bd690adfd/ask-user-full-e2e-retry-jxxdc2by/pi-web-e2e-subagents-SvxD6E/project?type=list 200 in 1281ms (proxy.ts: 18ms)
 GET /api/projects 200 in 22ms (next.js: 11ms, proxy.ts: 8ms, application-code: 1.9ms)
 GET /api/open-in-explorer 200 in 25ms (next.js: 14ms, proxy.ts: 9ms, application-code: 2ms)
 GET /api/home 200 in 27ms (next.js: 16ms, proxy.ts: 9ms, application-code: 1.8ms)
 GET /api/open-in-explorer 200 in 32ms (next.js: 17ms, proxy.ts: 13ms, application-code: 1.7ms)
 GET /api/projects?force=1 200 in 39ms (next.js: 20ms, proxy.ts: 9ms, application-code: 10ms)
 GET /api/sessions?sessionId=trellis-mixed 200 in 42ms (next.js: 18ms, proxy.ts: 9ms, application-code: 15ms)
 GET /api/agent/running 200 in 12ms (next.js: 3ms, proxy.ts: 8ms, application-code: 1.8ms)
 GET /api/home 200 in 14ms (next.js: 5ms, proxy.ts: 8ms, application-code: 1.8ms)
 GET /api/worktrees?cwd=%2Fhome%2Fxupeng%2F.cache%2Fpi-tmp%2F01a10f47-ae69-753b-a8de-d77bd690adfd%2Fask-user-full-e2e-retry-jxxdc2by%2Fpi-web-e2e-subagents-SvxD6E%2Fproject 200 in 43ms (next.js: 7ms, proxy.ts: 6ms, application-code: 31ms)
 GET /api/sessions?projectKey=%2Fhome%2Fxupeng%2F.cache%2Fpi-tmp%2F01a10f47-ae69-753b-a8de-d77bd690adfd%2Fask-user-full-e2e-retry-jxxdc2by%2Fpi-web-e2e-subagents-SvxD6E%2Fproject 200 in 44ms (next.js: 22ms, proxy.ts: 7ms, application-code: 15ms)
 GET /api/git/status?cwd=%2Fhome%2Fxupeng%2F.cache%2Fpi-tmp%2F01a10f47-ae69-753b-a8de-d77bd690adfd%2Fask-user-full-e2e-retry-jxxdc2by%2Fpi-web-e2e-subagents-SvxD6E%2Fproject 200 in 45ms (next.js: 24ms, proxy.ts: 8ms, application-code: 13ms)
 GET /api/git/status?cwd=%2Fhome%2Fxupeng%2F.cache%2Fpi-tmp%2F01a10f47-ae69-753b-a8de-d77bd690adfd%2Fask-user-full-e2e-retry-jxxdc2by%2Fpi-web-e2e-subagents-SvxD6E%2Fproject 200 in 47ms (next.js: 14ms, proxy.ts: 7ms, application-code: 26ms)
 GET /api/files/home/xupeng/.cache/pi-tmp/01a10f47-ae69-753b-a8de-d77bd690adfd/ask-user-full-e2e-retry-jxxdc2by/pi-web-e2e-subagents-SvxD6E/project?type=list 200 in 58ms (next.js: 50ms, proxy.ts: 6ms, application-code: 2ms)
 GET /api/files/home/xupeng/.cache/pi-tmp/01a10f47-ae69-753b-a8de-d77bd690adfd/ask-user-full-e2e-retry-jxxdc2by/pi-web-e2e-subagents-SvxD6E/project?type=list 200 in 62ms (next.js: 52ms, proxy.ts: 7ms, application-code: 2ms)
 GET /api/file-index?cwd=%2Fhome%2Fxupeng%2F.cache%2Fpi-tmp%2F01a10f47-ae69-753b-a8de-d77bd690adfd%2Fask-user-full-e2e-retry-jxxdc2by%2Fpi-web-e2e-subagents-SvxD6E%2Fproject 200 in 16ms (next.js: 7ms, proxy.ts: 7ms, application-code: 1.9ms)
 GET /api/project-trust?cwd=%2Fhome%2Fxupeng%2F.cache%2Fpi-tmp%2F01a10f47-ae69-753b-a8de-d77bd690adfd%2Fask-user-full-e2e-retry-jxxdc2by%2Fpi-web-e2e-subagents-SvxD6E%2Fproject 200 in 20ms (next.js: 10ms, proxy.ts: 7ms, application-code: 3ms)
 GET /api/sessions?projectKey=%2Fhome%2Fxupeng%2F.cache%2Fpi-tmp%2F01a10f47-ae69-753b-a8de-d77bd690adfd%2Fask-user-full-e2e-retry-jxxdc2by%2Fpi-web-e2e-subagents-SvxD6E%2Fproject 200 in 27ms (next.js: 13ms, proxy.ts: 7ms, application-code: 6ms)
 GET /api/models?cwd=%2Fhome%2Fxupeng%2F.cache%2Fpi-tmp%2F01a10f47-ae69-753b-a8de-d77bd690adfd%2Fask-user-full-e2e-retry-jxxdc2by%2Fpi-web-e2e-subagents-SvxD6E%2Fproject 200 in 36ms (next.js: 18ms, proxy.ts: 14ms, application-code: 4ms)
 GET /api/sessions/trellis-mixed?deferThinking=1&deferMedia=1&tree=summary&force=1 200 in 50ms (next.js: 30ms, proxy.ts: 7ms, application-code: 13ms)
 GET /api/sessions/trellis-mixed?deferThinking=1&deferMedia=1&tree=summary&force=1 200 in 49ms (next.js: 37ms, proxy.ts: 7ms, application-code: 5ms)
 GET /api/sessions/trellis-mixed/state 200 in 21ms (next.js: 15ms, proxy.ts: 3ms, application-code: 3ms)
[pi-web] session_start dispatched to extensions for session trellis-mixed
 GET /api/sessions/trellis-mixed?deferThinking=1&deferMedia=1&tree=summary 200 in 9ms (next.js: 3ms, proxy.ts: 2ms, application-code: 3ms)
 GET /api/models?cwd=%2Fhome%2Fxupeng%2F.cache%2Fpi-tmp%2F01a10f47-ae69-753b-a8de-d77bd690adfd%2Fask-user-full-e2e-retry-jxxdc2by%2Fpi-web-e2e-subagents-SvxD6E%2Fproject 200 in 27ms (next.js: 9ms, proxy.ts: 9ms, application-code: 9ms)
 GET /api/models?cwd=%2Fhome%2Fxupeng%2F.cache%2Fpi-tmp%2F01a10f47-ae69-753b-a8de-d77bd690adfd%2Fask-user-full-e2e-retry-jxxdc2by%2Fpi-web-e2e-subagents-SvxD6E%2Fproject 200 in 27ms (next.js: 10ms, proxy.ts: 10ms, application-code: 7ms)
 GET /api/sessions/trellis-built-in-child?deferThinking=1&deferMedia=1&tree=summary&force=1 200 in 63ms (next.js: 45ms, proxy.ts: 8ms, application-code: 10ms)
 GET /api/sessions/trellis-built-in-child?deferThinking=1&deferMedia=1&tree=summary&force=1 200 in 62ms (next.js: 48ms, proxy.ts: 9ms, application-code: 5ms)
 GET /?session=trellis-built-in-child 200 in 62ms (next.js: 16ms, proxy.ts: 10ms, application-code: 36ms)
 GET /api/agent/trellis-mixed/events 200 in 770ms (next.js: 11ms, proxy.ts: 24ms, application-code: 735ms)
 GET /api/sessions/trellis-built-in-child/state 200 in 9ms (next.js: 3ms, proxy.ts: 2ms, application-code: 4ms)
 GET /?session=trellis-mixed 200 in 42ms (next.js: 2ms, proxy.ts: 1.9ms, application-code: 38ms)
 GET /api/agent/trellis-built-in-child/events 200 in 149ms (next.js: 4ms, proxy.ts: 3ms, application-code: 142ms)
 GET /api/projects 200 in 14ms (next.js: 6ms, proxy.ts: 6ms, application-code: 2ms)
 GET /api/open-in-explorer 200 in 16ms (next.js: 9ms, proxy.ts: 6ms, application-code: 1.7ms)
 GET /api/home 200 in 18ms (next.js: 11ms, proxy.ts: 6ms, application-code: 2.0ms)
 GET /api/open-in-explorer 200 in 24ms (next.js: 16ms, proxy.ts: 6ms, application-code: 1.6ms)
 GET /api/sessions?sessionId=trellis-mixed 200 in 29ms (next.js: 13ms, proxy.ts: 6ms, application-code: 11ms)
 GET /api/projects?force=1 200 in 33ms (next.js: 15ms, proxy.ts: 6ms, application-code: 12ms)
 GET /api/agent/running 200 in 10ms (next.js: 4ms, proxy.ts: 4ms, application-code: 1.7ms)
 GET /api/home 200 in 12ms (next.js: 6ms, proxy.ts: 4ms, application-code: 1.7ms)
 GET /api/worktrees?cwd=%2Fhome%2Fxupeng%2F.cache%2Fpi-tmp%2F01a10f47-ae69-753b-a8de-d77bd690adfd%2Fask-user-full-e2e-retry-jxxdc2by%2Fpi-web-e2e-subagents-SvxD6E%2Fproject 200 in 147ms (next.js: 21ms, proxy.ts: 6ms, application-code: 120ms)
 GET /api/sessions?projectKey=%2Fhome%2Fxupeng%2F.cache%2Fpi-tmp%2F01a10f47-ae69-753b-a8de-d77bd690adfd%2Fask-user-full-e2e-retry-jxxdc2by%2Fpi-web-e2e-subagents-SvxD6E%2Fproject 200 in 147ms (next.js: 122ms, proxy.ts: 7ms, application-code: 18ms)
 GET /api/git/status?cwd=%2Fhome%2Fxupeng%2F.cache%2Fpi-tmp%2F01a10f47-ae69-753b-a8de-d77bd690adfd%2Fask-user-full-e2e-retry-jxxdc2by%2Fpi-web-e2e-subagents-SvxD6E%2Fproject 200 in 148ms (next.js: 126ms, proxy.ts: 8ms, application-code: 14ms)
 GET /api/git/status?cwd=%2Fhome%2Fxupeng%2F.cache%2Fpi-tmp%2F01a10f47-ae69-753b-a8de-d77bd690adfd%2Fask-user-full-e2e-retry-jxxdc2by%2Fpi-web-e2e-subagents-SvxD6E%2Fproject 200 in 149ms (next.js: 113ms, proxy.ts: 7ms, application-code: 30ms)
 GET /api/files/home/xupeng/.cache/pi-tmp/01a10f47-ae69-753b-a8de-d77bd690adfd/ask-user-full-e2e-retry-jxxdc2by/pi-web-e2e-subagents-SvxD6E/project?type=list 200 in 163ms (next.js: 154ms, proxy.ts: 6ms, application-code: 3ms)
 GET /api/files/home/xupeng/.cache/pi-tmp/01a10f47-ae69-753b-a8de-d77bd690adfd/ask-user-full-e2e-retry-jxxdc2by/pi-web-e2e-subagents-SvxD6E/project?type=list 200 in 167ms (next.js: 157ms, proxy.ts: 7ms, application-code: 2ms)
 GET /api/file-index?cwd=%2Fhome%2Fxupeng%2F.cache%2Fpi-tmp%2F01a10f47-ae69-753b-a8de-d77bd690adfd%2Fask-user-full-e2e-retry-jxxdc2by%2Fpi-web-e2e-subagents-SvxD6E%2Fproject 200 in 14ms (next.js: 6ms, proxy.ts: 6ms, application-code: 1.7ms)
 GET /api/project-trust?cwd=%2Fhome%2Fxupeng%2F.cache%2Fpi-tmp%2F01a10f47-ae69-753b-a8de-d77bd690adfd%2Fask-user-full-e2e-retry-jxxdc2by%2Fpi-web-e2e-subagents-SvxD6E%2Fproject 200 in 19ms (next.js: 9ms, proxy.ts: 6ms, application-code: 3ms)
 GET /api/sessions?projectKey=%2Fhome%2Fxupeng%2F.cache%2Fpi-tmp%2F01a10f47-ae69-753b-a8de-d77bd690adfd%2Fask-user-full-e2e-retry-jxxdc2by%2Fpi-web-e2e-subagents-SvxD6E%2Fproject 200 in 25ms (next.js: 13ms, proxy.ts: 6ms, application-code: 6ms)
 GET /api/sessions/trellis-mixed?deferThinking=1&deferMedia=1&tree=summary&force=1 200 in 46ms (next.js: 28ms, proxy.ts: 6ms, application-code: 12ms)
 GET /api/models?cwd=%2Fhome%2Fxupeng%2F.cache%2Fpi-tmp%2F01a10f47-ae69-753b-a8de-d77bd690adfd%2Fask-user-full-e2e-retry-jxxdc2by%2Fpi-web-e2e-subagents-SvxD6E%2Fproject 200 in 39ms (next.js: 16ms, proxy.ts: 15ms, application-code: 8ms)
 GET /api/sessions/trellis-mixed?deferThinking=1&deferMedia=1&tree=summary&force=1 200 in 47ms (next.js: 34ms, proxy.ts: 7ms, application-code: 6ms)
 GET /api/sessions/trellis-mixed/state 200 in 17ms (next.js: 11ms, proxy.ts: 2ms, application-code: 4ms)
 GET /?session=trellis-built-in-only 200 in 39ms (next.js: 3ms, proxy.ts: 2ms, application-code: 33ms)
 GET /api/agent/trellis-mixed/events 200 in 577ms (next.js: 12ms, proxy.ts: 22ms, application-code: 543ms)
 POST /api/agent/trellis-mixed 200 in 394ms (proxy.ts: 6ms)
 GET /api/projects 200 in 25ms (next.js: 10ms, proxy.ts: 11ms, application-code: 3ms)
 GET /api/open-in-explorer 200 in 28ms (next.js: 14ms, proxy.ts: 11ms, application-code: 3ms)
 GET /api/home 200 in 32ms (next.js: 17ms, proxy.ts: 12ms, application-code: 3ms)
 GET /api/open-in-explorer 200 in 44ms (next.js: 29ms, proxy.ts: 12ms, application-code: 3ms)
 GET /api/sessions?sessionId=trellis-built-in-only 200 in 53ms (next.js: 22ms, proxy.ts: 12ms, application-code: 19ms)
 GET /api/projects?force=1 200 in 55ms (next.js: 27ms, proxy.ts: 12ms, application-code: 17ms)
 GET /api/agent/running 200 in 25ms (next.js: 6ms, proxy.ts: 16ms, application-code: 2ms)
 GET /api/home 200 in 18ms (next.js: 5ms, proxy.ts: 10ms, application-code: 2ms)
 GET /api/sessions?projectKey=%2Fhome%2Fxupeng%2F.cache%2Fpi-tmp%2F01a10f47-ae69-753b-a8de-d77bd690adfd%2Fask-user-full-e2e-retry-jxxdc2by%2Fpi-web-e2e-subagents-SvxD6E%2Fproject 200 in 72ms (next.js: 37ms, proxy.ts: 11ms, application-code: 24ms)
 GET /api/git/status?cwd=%2Fhome%2Fxupeng%2F.cache%2Fpi-tmp%2F01a10f47-ae69-753b-a8de-d77bd690adfd%2Fask-user-full-e2e-retry-jxxdc2by%2Fpi-web-e2e-subagents-SvxD6E%2Fproject 200 in 72ms (next.js: 40ms, proxy.ts: 12ms, application-code: 20ms)
 GET /api/git/status?cwd=%2Fhome%2Fxupeng%2F.cache%2Fpi-tmp%2F01a10f47-ae69-753b-a8de-d77bd690adfd%2Fask-user-full-e2e-retry-jxxdc2by%2Fpi-web-e2e-subagents-SvxD6E%2Fproject 200 in 75ms (next.js: 25ms, proxy.ts: 10ms, application-code: 39ms)
 GET /api/worktrees?cwd=%2Fhome%2Fxupeng%2F.cache%2Fpi-tmp%2F01a10f47-ae69-753b-a8de-d77bd690adfd%2Fask-user-full-e2e-retry-jxxdc2by%2Fpi-web-e2e-subagents-SvxD6E%2Fproject 200 in 77ms (next.js: 12ms, proxy.ts: 9ms, application-code: 56ms)
 GET /api/files/home/xupeng/.cache/pi-tmp/01a10f47-ae69-753b-a8de-d77bd690adfd/ask-user-full-e2e-retry-jxxdc2by/pi-web-e2e-subagents-SvxD6E/project?type=list 200 in 88ms (next.js: 76ms, proxy.ts: 10ms, application-code: 2ms)
 GET /api/files/home/xupeng/.cache/pi-tmp/01a10f47-ae69-753b-a8de-d77bd690adfd/ask-user-full-e2e-retry-jxxdc2by/pi-web-e2e-subagents-SvxD6E/project?type=list 200 in 92ms (next.js: 78ms, proxy.ts: 12ms, application-code: 3ms)
 GET /api/file-index?cwd=%2Fhome%2Fxupeng%2F.cache%2Fpi-tmp%2F01a10f47-ae69-753b-a8de-d77bd690adfd%2Fask-user-full-e2e-retry-jxxdc2by%2Fpi-web-e2e-subagents-SvxD6E%2Fproject 200 in 24ms (next.js: 11ms, proxy.ts: 10ms, application-code: 3ms)
 GET /api/project-trust?cwd=%2Fhome%2Fxupeng%2F.cache%2Fpi-tmp%2F01a10f47-ae69-753b-a8de-d77bd690adfd%2Fask-user-full-e2e-retry-jxxdc2by%2Fpi-web-e2e-subagents-SvxD6E%2Fproject 200 in 29ms (next.js: 15ms, proxy.ts: 11ms, application-code: 4ms)
 GET /api/sessions?projectKey=%2Fhome%2Fxupeng%2F.cache%2Fpi-tmp%2F01a10f47-ae69-753b-a8de-d77bd690adfd%2Fask-user-full-e2e-retry-jxxdc2by%2Fpi-web-e2e-subagents-SvxD6E%2Fproject 200 in 38ms (next.js: 18ms, proxy.ts: 13ms, application-code: 8ms)
 GET /api/models?cwd=%2Fhome%2Fxupeng%2F.cache%2Fpi-tmp%2F01a10f47-ae69-753b-a8de-d77bd690adfd%2Fask-user-full-e2e-retry-jxxdc2by%2Fpi-web-e2e-subagents-SvxD6E%2Fproject 200 in 46ms (next.js: 8ms, proxy.ts: 20ms, application-code: 17ms)
 GET /api/sessions/trellis-built-in-only?deferThinking=1&deferMedia=1&tree=summary&force=1 200 in 66ms (next.js: 41ms, proxy.ts: 13ms, application-code: 12ms)
 GET /api/sessions/trellis-built-in-only?deferThinking=1&deferMedia=1&tree=summary&force=1 200 in 65ms (next.js: 47ms, proxy.ts: 13ms, application-code: 6ms)
[pi-web] session_start dispatched to extensions for session trellis-built-in-only
 GET /api/sessions/trellis-built-in-only/state 200 in 33ms (next.js: 15ms, proxy.ts: 15ms, application-code: 3ms)
 POST /api/agent/trellis-built-in-only 200 in 84ms (next.js: 70ms, proxy.ts: 3ms, application-code: 11ms)
 GET /?session=trellis-empty 200 in 51ms (next.js: 3ms, proxy.ts: 2ms, application-code: 46ms)
 GET /api/agent/trellis-built-in-only/events 200 in 632ms (next.js: 24ms, proxy.ts: 23ms, application-code: 585ms)
 GET /api/projects 200 in 18ms (next.js: 8ms, proxy.ts: 8ms, application-code: 2.0ms)
 GET /api/open-in-explorer 200 in 21ms (next.js: 10ms, proxy.ts: 8ms, application-code: 3ms)
 GET /api/home 200 in 24ms (next.js: 13ms, proxy.ts: 9ms, application-code: 3ms)
 GET /api/open-in-explorer 200 in 32ms (next.js: 20ms, proxy.ts: 10ms, application-code: 2ms)
 GET /api/sessions?sessionId=trellis-empty 200 in 41ms (next.js: 16ms, proxy.ts: 9ms, application-code: 16ms)
 GET /api/projects?force=1 200 in 47ms (next.js: 18ms, proxy.ts: 10ms, application-code: 19ms)
 GET /api/agent/running 200 in 15ms (next.js: 6ms, proxy.ts: 6ms, application-code: 2ms)
 GET /api/home 200 in 18ms (next.js: 8ms, proxy.ts: 7ms, application-code: 2ms)
 GET /api/worktrees?cwd=%2Fhome%2Fxupeng%2F.cache%2Fpi-tmp%2F01a10f47-ae69-753b-a8de-d77bd690adfd%2Fask-user-full-e2e-retry-jxxdc2by%2Fpi-web-e2e-subagents-SvxD6E%2Fproject 200 in 54ms (next.js: 8ms, proxy.ts: 8ms, application-code: 39ms)
 GET /api/sessions?projectKey=%2Fhome%2Fxupeng%2F.cache%2Fpi-tmp%2F01a10f47-ae69-753b-a8de-d77bd690adfd%2Fask-user-full-e2e-retry-jxxdc2by%2Fpi-web-e2e-subagents-SvxD6E%2Fproject 200 in 55ms (next.js: 27ms, proxy.ts: 9ms, application-code: 18ms)
 GET /api/git/status?cwd=%2Fhome%2Fxupeng%2F.cache%2Fpi-tmp%2F01a10f47-ae69-753b-a8de-d77bd690adfd%2Fask-user-full-e2e-retry-jxxdc2by%2Fpi-web-e2e-subagents-SvxD6E%2Fproject 200 in 54ms (next.js: 29ms, proxy.ts: 9ms, application-code: 16ms)
 GET /api/git/status?cwd=%2Fhome%2Fxupeng%2F.cache%2Fpi-tmp%2F01a10f47-ae69-753b-a8de-d77bd690adfd%2Fask-user-full-e2e-retry-jxxdc2by%2Fpi-web-e2e-subagents-SvxD6E%2Fproject 200 in 58ms (next.js: 17ms, proxy.ts: 9ms, application-code: 31ms)
 GET /api/files/home/xupeng/.cache/pi-tmp/01a10f47-ae69-753b-a8de-d77bd690adfd/ask-user-full-e2e-retry-jxxdc2by/pi-web-e2e-subagents-SvxD6E/project?type=list 200 in 75ms (next.js: 63ms, proxy.ts: 8ms, application-code: 3ms)
 GET /api/files/home/xupeng/.cache/pi-tmp/01a10f47-ae69-753b-a8de-d77bd690adfd/ask-user-full-e2e-retry-jxxdc2by/pi-web-e2e-subagents-SvxD6E/project?type=list 200 in 80ms (next.js: 68ms, proxy.ts: 9ms, application-code: 2ms)
 GET /api/file-index?cwd=%2Fhome%2Fxupeng%2F.cache%2Fpi-tmp%2F01a10f47-ae69-753b-a8de-d77bd690adfd%2Fask-user-full-e2e-retry-jxxdc2by%2Fpi-web-e2e-subagents-SvxD6E%2Fproject 200 in 24ms (next.js: 10ms, proxy.ts: 11ms, application-code: 3ms)
 GET /api/project-trust?cwd=%2Fhome%2Fxupeng%2F.cache%2Fpi-tmp%2F01a10f47-ae69-753b-a8de-d77bd690adfd%2Fask-user-full-e2e-retry-jxxdc2by%2Fpi-web-e2e-subagents-SvxD6E%2Fproject 200 in 30ms (next.js: 13ms, proxy.ts: 11ms, application-code: 5ms)
 GET /api/sessions?projectKey=%2Fhome%2Fxupeng%2F.cache%2Fpi-tmp%2F01a10f47-ae69-753b-a8de-d77bd690adfd%2Fask-user-full-e2e-retry-jxxdc2by%2Fpi-web-e2e-subagents-SvxD6E%2Fproject 200 in 37ms (next.js: 21ms, proxy.ts: 8ms, application-code: 7ms)
 GET /api/models?cwd=%2Fhome%2Fxupeng%2F.cache%2Fpi-tmp%2F01a10f47-ae69-753b-a8de-d77bd690adfd%2Fask-user-full-e2e-retry-jxxdc2by%2Fpi-web-e2e-subagents-SvxD6E%2Fproject 200 in 45ms (next.js: 19ms, proxy.ts: 22ms, application-code: 4ms)
 GET /api/sessions/trellis-empty?deferThinking=1&deferMedia=1&tree=summary&force=1 200 in 62ms (next.js: 39ms, proxy.ts: 8ms, application-code: 15ms)
 GET /api/sessions/trellis-empty?deferThinking=1&deferMedia=1&tree=summary&force=1 200 in 62ms (next.js: 47ms, proxy.ts: 9ms, application-code: 6ms)
[pi-web] session_start dispatched to extensions for session trellis-empty
 GET /api/sessions/trellis-empty/state 200 in 37ms (next.js: 15ms, proxy.ts: 17ms, application-code: 4ms)
 POST /api/agent/trellis-empty 200 in 18ms (next.js: 12ms, proxy.ts: 3ms, application-code: 4ms)
 GET /?session=trellis-branches 200 in 33ms (next.js: 3ms, proxy.ts: 2ms, application-code: 27ms)
 GET /api/agent/trellis-empty/events 200 in 342ms (next.js: 29ms, proxy.ts: 11ms, application-code: 302ms)
 GET /api/projects 200 in 24ms (next.js: 12ms, proxy.ts: 9ms, application-code: 3ms)
 GET /api/open-in-explorer 200 in 28ms (next.js: 14ms, proxy.ts: 10ms, application-code: 3ms)
 GET /api/home 200 in 31ms (next.js: 17ms, proxy.ts: 11ms, application-code: 3ms)
 GET /api/open-in-explorer 200 in 40ms (next.js: 24ms, proxy.ts: 13ms, application-code: 3ms)
 GET /api/sessions?sessionId=trellis-branches 200 in 51ms (next.js: 20ms, proxy.ts: 12ms, application-code: 19ms)
 GET /api/projects?force=1 200 in 57ms (next.js: 22ms, proxy.ts: 13ms, application-code: 23ms)
 GET /api/agent/running 200 in 16ms (next.js: 7ms, proxy.ts: 8ms, application-code: 2ms)
 GET /api/home 200 in 19ms (next.js: 9ms, proxy.ts: 8ms, application-code: 3ms)
 GET /api/worktrees?cwd=%2Fhome%2Fxupeng%2F.cache%2Fpi-tmp%2F01a10f47-ae69-753b-a8de-d77bd690adfd%2Fask-user-full-e2e-retry-jxxdc2by%2Fpi-web-e2e-subagents-SvxD6E%2Fproject 200 in 61ms (next.js: 11ms, proxy.ts: 9ms, application-code: 40ms)
 GET /api/sessions?projectKey=%2Fhome%2Fxupeng%2F.cache%2Fpi-tmp%2F01a10f47-ae69-753b-a8de-d77bd690adfd%2Fask-user-full-e2e-retry-jxxdc2by%2Fpi-web-e2e-subagents-SvxD6E%2Fproject 200 in 58ms (next.js: 28ms, proxy.ts: 10ms, application-code: 20ms)
 GET /api/git/status?cwd=%2Fhome%2Fxupeng%2F.cache%2Fpi-tmp%2F01a10f47-ae69-753b-a8de-d77bd690adfd%2Fask-user-full-e2e-retry-jxxdc2by%2Fpi-web-e2e-subagents-SvxD6E%2Fproject 200 in 60ms (next.js: 18ms, proxy.ts: 10ms, application-code: 32ms)
 GET /api/git/status?cwd=%2Fhome%2Fxupeng%2F.cache%2Fpi-tmp%2F01a10f47-ae69-753b-a8de-d77bd690adfd%2Fask-user-full-e2e-retry-jxxdc2by%2Fpi-web-e2e-subagents-SvxD6E%2Fproject 200 in 62ms (next.js: 31ms, proxy.ts: 12ms, application-code: 19ms)
 GET /api/files/home/xupeng/.cache/pi-tmp/01a10f47-ae69-753b-a8de-d77bd690adfd/ask-user-full-e2e-retry-jxxdc2by/pi-web-e2e-subagents-SvxD6E/project?type=list 200 in 80ms (next.js: 68ms, proxy.ts: 9ms, application-code: 3ms)
 GET /api/files/home/xupeng/.cache/pi-tmp/01a10f47-ae69-753b-a8de-d77bd690adfd/ask-user-full-e2e-retry-jxxdc2by/pi-web-e2e-subagents-SvxD6E/project?type=list 200 in 84ms (next.js: 70ms, proxy.ts: 11ms, application-code: 3ms)
 GET /api/file-index?cwd=%2Fhome%2Fxupeng%2F.cache%2Fpi-tmp%2F01a10f47-ae69-753b-a8de-d77bd690adfd%2Fask-user-full-e2e-retry-jxxdc2by%2Fpi-web-e2e-subagents-SvxD6E%2Fproject 200 in 35ms (next.js: 8ms, proxy.ts: 25ms, application-code: 3ms)
 GET /api/project-trust?cwd=%2Fhome%2Fxupeng%2F.cache%2Fpi-tmp%2F01a10f47-ae69-753b-a8de-d77bd690adfd%2Fask-user-full-e2e-retry-jxxdc2by%2Fpi-web-e2e-subagents-SvxD6E%2Fproject 200 in 40ms (next.js: 11ms, proxy.ts: 25ms, application-code: 4ms)
 GET /api/sessions?projectKey=%2Fhome%2Fxupeng%2F.cache%2Fpi-tmp%2F01a10f47-ae69-753b-a8de-d77bd690adfd%2Fask-user-full-e2e-retry-jxxdc2by%2Fpi-web-e2e-subagents-SvxD6E%2Fproject 200 in 32ms (next.js: 17ms, proxy.ts: 8ms, application-code: 7ms)
 GET /api/models?cwd=%2Fhome%2Fxupeng%2F.cache%2Fpi-tmp%2F01a10f47-ae69-753b-a8de-d77bd690adfd%2Fask-user-full-e2e-retry-jxxdc2by%2Fpi-web-e2e-subagents-SvxD6E%2Fproject 200 in 21ms (next.js: 4ms, proxy.ts: 11ms, application-code: 6ms)
 GET /api/sessions/trellis-branches?deferThinking=1&deferMedia=1&tree=summary&force=1 200 in 44ms (next.js: 18ms, proxy.ts: 17ms, application-code: 9ms)
 GET /api/sessions/trellis-branches?deferThinking=1&deferMedia=1&tree=summary&force=1 200 in 44ms (next.js: 22ms, proxy.ts: 17ms, application-code: 5ms)
 GET /api/sessions/trellis-branches/context?deferThinking=1&deferMedia=1&leafId=branch-x-result 200 in 1367ms (next.js: 1359ms, proxy.ts: 1.9ms, application-code: 5ms)
 GET /api/agent/running 200 in 5ms (next.js: 1.3ms, proxy.ts: 1.8ms, application-code: 1.9ms)
 GET /?session=trellis-records-a 200 in 31ms (next.js: 2ms, proxy.ts: 1.9ms, application-code: 26ms)
 GET /api/projects 200 in 13ms (next.js: 6ms, proxy.ts: 6ms, application-code: 1.9ms)
 GET /api/open-in-explorer 200 in 16ms (next.js: 8ms, proxy.ts: 6ms, application-code: 2ms)
 GET /api/home 200 in 18ms (next.js: 11ms, proxy.ts: 6ms, application-code: 1.6ms)
 GET /api/open-in-explorer 200 in 24ms (next.js: 16ms, proxy.ts: 7ms, application-code: 1.5ms)
 GET /api/projects?force=1 200 in 29ms (next.js: 14ms, proxy.ts: 6ms, application-code: 9ms)
 GET /api/sessions?sessionId=trellis-records-a 200 in 31ms (next.js: 12ms, proxy.ts: 6ms, application-code: 12ms)
 GET /api/agent/running 200 in 10ms (next.js: 2ms, proxy.ts: 6ms, application-code: 1.8ms)
 GET /api/home 200 in 12ms (next.js: 4ms, proxy.ts: 6ms, application-code: 1.9ms)
 GET /api/worktrees?cwd=%2Fhome%2Fxupeng%2F.cache%2Fpi-tmp%2F01a10f47-ae69-753b-a8de-d77bd690adfd%2Fask-user-full-e2e-retry-jxxdc2by%2Fpi-web-e2e-subagents-SvxD6E%2Fproject 200 in 51ms (next.js: 8ms, proxy.ts: 6ms, application-code: 37ms)
 GET /api/sessions?projectKey=%2Fhome%2Fxupeng%2F.cache%2Fpi-tmp%2F01a10f47-ae69-753b-a8de-d77bd690adfd%2Fask-user-full-e2e-retry-jxxdc2by%2Fpi-web-e2e-subagents-SvxD6E%2Fproject 200 in 51ms (next.js: 26ms, proxy.ts: 7ms, application-code: 18ms)
 GET /api/git/status?cwd=%2Fhome%2Fxupeng%2F.cache%2Fpi-tmp%2F01a10f47-ae69-753b-a8de-d77bd690adfd%2Fask-user-full-e2e-retry-jxxdc2by%2Fpi-web-e2e-subagents-SvxD6E%2Fproject 200 in 51ms (next.js: 28ms, proxy.ts: 7ms, application-code: 15ms)
 GET /api/git/status?cwd=%2Fhome%2Fxupeng%2F.cache%2Fpi-tmp%2F01a10f47-ae69-753b-a8de-d77bd690adfd%2Fask-user-full-e2e-retry-jxxdc2by%2Fpi-web-e2e-subagents-SvxD6E%2Fproject 200 in 53ms (next.js: 17ms, proxy.ts: 7ms, application-code: 29ms)
 GET /api/files/home/xupeng/.cache/pi-tmp/01a10f47-ae69-753b-a8de-d77bd690adfd/ask-user-full-e2e-retry-jxxdc2by/pi-web-e2e-subagents-SvxD6E/project?type=list 200 in 65ms (next.js: 57ms, proxy.ts: 6ms, application-code: 2ms)
 GET /api/files/home/xupeng/.cache/pi-tmp/01a10f47-ae69-753b-a8de-d77bd690adfd/ask-user-full-e2e-retry-jxxdc2by/pi-web-e2e-subagents-SvxD6E/project?type=list 200 in 69ms (next.js: 60ms, proxy.ts: 7ms, application-code: 2ms)
 GET /api/project-trust?cwd=%2Fhome%2Fxupeng%2F.cache%2Fpi-tmp%2F01a10f47-ae69-753b-a8de-d77bd690adfd%2Fask-user-full-e2e-retry-jxxdc2by%2Fpi-web-e2e-subagents-SvxD6E%2Fproject 200 in 37ms (next.js: 23ms, proxy.ts: 11ms, application-code: 3ms)
 GET /api/file-index?cwd=%2Fhome%2Fxupeng%2F.cache%2Fpi-tmp%2F01a10f47-ae69-753b-a8de-d77bd690adfd%2Fask-user-full-e2e-retry-jxxdc2by%2Fpi-web-e2e-subagents-SvxD6E%2Fproject 200 in 45ms (next.js: 6ms, proxy.ts: 10ms, application-code: 29ms)
 GET /api/sessions?projectKey=%2Fhome%2Fxupeng%2F.cache%2Fpi-tmp%2F01a10f47-ae69-753b-a8de-d77bd690adfd%2Fask-user-full-e2e-retry-jxxdc2by%2Fpi-web-e2e-subagents-SvxD6E%2Fproject 200 in 40ms (next.js: 28ms, proxy.ts: 7ms, application-code: 6ms)
 GET /api/sessions/trellis-records-a?deferThinking=1&deferMedia=1&tree=summary&force=1 200 in 64ms (next.js: 46ms, proxy.ts: 7ms, application-code: 12ms)
 GET /api/models?cwd=%2Fhome%2Fxupeng%2F.cache%2Fpi-tmp%2F01a10f47-ae69-753b-a8de-d77bd690adfd%2Fask-user-full-e2e-retry-jxxdc2by%2Fpi-web-e2e-subagents-SvxD6E%2Fproject 200 in 34ms (next.js: 20ms, proxy.ts: 10ms, application-code: 4ms)
 GET /api/sessions/trellis-records-a?deferThinking=1&deferMedia=1&tree=summary&force=1 200 in 65ms (next.js: 49ms, proxy.ts: 7ms, application-code: 9ms)
[pi-web] session_start dispatched to extensions for session trellis-records-a
 GET /api/sessions/trellis-records-a/state 200 in 30ms (next.js: 12ms, proxy.ts: 15ms, application-code: 3ms)
 POST /api/agent/trellis-records-a 200 in 16ms (next.js: 11ms, proxy.ts: 2ms, application-code: 3ms)
 GET /api/models?cwd=%2Fhome%2Fxupeng%2F.cache%2Fpi-tmp%2F01a10f47-ae69-753b-a8de-d77bd690adfd%2Fask-user-full-e2e-retry-jxxdc2by%2Fpi-web-e2e-subagents-SvxD6E%2Fproject 200 in 13ms (next.js: 4ms, proxy.ts: 5ms, application-code: 5ms)
 GET /api/models?cwd=%2Fhome%2Fxupeng%2F.cache%2Fpi-tmp%2F01a10f47-ae69-753b-a8de-d77bd690adfd%2Fask-user-full-e2e-retry-jxxdc2by%2Fpi-web-e2e-subagents-SvxD6E%2Fproject 200 in 17ms (next.js: 8ms, proxy.ts: 5ms, application-code: 4ms)
 GET /?session=trellis-records-b 200 in 31ms (next.js: 12ms, proxy.ts: 5ms, application-code: 15ms)
 GET /api/agent/trellis-records-a/events 200 in 651ms (next.js: 23ms, proxy.ts: 16ms, application-code: 612ms)
[pi-web] session_start dispatched to extensions for session trellis-records-b
 GET /api/models?cwd=%2Fhome%2Fxupeng%2F.cache%2Fpi-tmp%2F01a10f47-ae69-753b-a8de-d77bd690adfd%2Fask-user-full-e2e-retry-jxxdc2by%2Fpi-web-e2e-subagents-SvxD6E%2Fproject 200 in 19ms (next.js: 7ms, proxy.ts: 8ms, application-code: 4ms)
 GET /api/models?cwd=%2Fhome%2Fxupeng%2F.cache%2Fpi-tmp%2F01a10f47-ae69-753b-a8de-d77bd690adfd%2Fask-user-full-e2e-retry-jxxdc2by%2Fpi-web-e2e-subagents-SvxD6E%2Fproject 200 in 24ms (next.js: 10ms, proxy.ts: 9ms, application-code: 5ms)
 GET /api/sessions/trellis-records-a?deferThinking=1&deferMedia=1&tree=summary&force=1 200 in 60ms (next.js: 41ms, proxy.ts: 8ms, application-code: 11ms)
 GET /api/sessions/trellis-records-a?deferThinking=1&deferMedia=1&tree=summary&force=1 200 in 60ms (next.js: 46ms, proxy.ts: 8ms, application-code: 6ms)
 GET /?session=trellis-records-a 200 in 56ms (next.js: 15ms, proxy.ts: 9ms, application-code: 33ms)
 GET /api/agent/trellis-records-b/events 200 in 355ms (next.js: 4ms, proxy.ts: 3ms, application-code: 349ms)
 GET /api/sessions/trellis-records-a/state 200 in 8ms (next.js: 3ms, proxy.ts: 2ms, application-code: 3ms)
 POST /api/agent/trellis-records-a 200 in 12ms (next.js: 3ms, proxy.ts: 4ms, application-code: 4ms)
 GET /api/sessions/trellis-records-b?deferThinking=1&deferMedia=1&tree=summary&force=1 200 in 21ms (next.js: 7ms, proxy.ts: 5ms, application-code: 9ms)
 GET /api/sessions/trellis-records-b?deferThinking=1&deferMedia=1&tree=summary&force=1 200 in 21ms (next.js: 11ms, proxy.ts: 5ms, application-code: 4ms)
 GET /api/models?cwd=%2Fhome%2Fxupeng%2F.cache%2Fpi-tmp%2F01a10f47-ae69-753b-a8de-d77bd690adfd%2Fask-user-full-e2e-retry-jxxdc2by%2Fpi-web-e2e-subagents-SvxD6E%2Fproject 200 in 12ms (next.js: 3ms, proxy.ts: 3ms, application-code: 6ms)
 GET /api/models?cwd=%2Fhome%2Fxupeng%2F.cache%2Fpi-tmp%2F01a10f47-ae69-753b-a8de-d77bd690adfd%2Fask-user-full-e2e-retry-jxxdc2by%2Fpi-web-e2e-subagents-SvxD6E%2Fproject 200 in 12ms (next.js: 5ms, proxy.ts: 3ms, application-code: 4ms)
 GET /?session=trellis-records-b 200 in 23ms (next.js: 9ms, proxy.ts: 3ms, application-code: 11ms)
 GET /api/agent/trellis-records-a/events 200 in 956ms (next.js: 2ms, proxy.ts: 2.0ms, application-code: 952ms)
 GET /api/models?cwd=%2Fhome%2Fxupeng%2F.cache%2Fpi-tmp%2F01a10f47-ae69-753b-a8de-d77bd690adfd%2Fask-user-full-e2e-retry-jxxdc2by%2Fpi-web-e2e-subagents-SvxD6E%2Fproject 200 in 25ms (next.js: 8ms, proxy.ts: 8ms, application-code: 9ms)
 GET /api/models?cwd=%2Fhome%2Fxupeng%2F.cache%2Fpi-tmp%2F01a10f47-ae69-753b-a8de-d77bd690adfd%2Fask-user-full-e2e-retry-jxxdc2by%2Fpi-web-e2e-subagents-SvxD6E%2Fproject 200 in 25ms (next.js: 9ms, proxy.ts: 9ms, application-code: 7ms)
 GET /api/sessions/trellis-records-a?deferThinking=1&deferMedia=1&tree=summary&force=1 200 in 75ms (next.js: 46ms, proxy.ts: 8ms, application-code: 21ms)
 GET /api/sessions/trellis-records-a?deferThinking=1&deferMedia=1&tree=summary&force=1 200 in 74ms (next.js: 62ms, proxy.ts: 9ms, application-code: 4ms)
 GET /?session=trellis-records-a 200 in 74ms (next.js: 15ms, proxy.ts: 9ms, application-code: 49ms)
 GET /api/agent/trellis-records-b/events 200 in 328ms (next.js: 11ms, proxy.ts: 1.7ms, application-code: 316ms)
 GET /api/sessions/trellis-records-a/state 200 in 16ms (next.js: 11ms, proxy.ts: 1.9ms, application-code: 3ms)
 GET /api/agent/running 200 in 6ms (next.js: 1.3ms, proxy.ts: 2.0ms, application-code: 3ms)
 POST /api/agent/trellis-records-a 200 in 17ms (next.js: 11ms, proxy.ts: 2ms, application-code: 3ms)
 GET /?session=trellis-branches 200 in 41ms (next.js: 4ms, proxy.ts: 2ms, application-code: 36ms)
 GET /api/agent/trellis-records-a/events 200 in 467ms (next.js: 3ms, proxy.ts: 1.7ms, application-code: 463ms)
 GET /api/projects 200 in 26ms (next.js: 12ms, proxy.ts: 11ms, application-code: 3ms)
 GET /api/open-in-explorer 200 in 29ms (next.js: 14ms, proxy.ts: 12ms, application-code: 3ms)
 GET /api/home 200 in 32ms (next.js: 17ms, proxy.ts: 12ms, application-code: 3ms)
 GET /api/open-in-explorer 200 in 41ms (next.js: 26ms, proxy.ts: 13ms, application-code: 3ms)
 GET /api/sessions?sessionId=trellis-branches 200 in 53ms (next.js: 20ms, proxy.ts: 12ms, application-code: 21ms)
 GET /api/projects?force=1 200 in 59ms (next.js: 23ms, proxy.ts: 13ms, application-code: 23ms)
 GET /api/agent/running 200 in 18ms (next.js: 7ms, proxy.ts: 9ms, application-code: 3ms)
 GET /api/home 200 in 22ms (next.js: 10ms, proxy.ts: 9ms, application-code: 3ms)
 GET /api/worktrees?cwd=%2Fhome%2Fxupeng%2F.cache%2Fpi-tmp%2F01a10f47-ae69-753b-a8de-d77bd690adfd%2Fask-user-full-e2e-retry-jxxdc2by%2Fpi-web-e2e-subagents-SvxD6E%2Fproject 200 in 50ms (next.js: 8ms, proxy.ts: 6ms, application-code: 37ms)
 GET /api/sessions?projectKey=%2Fhome%2Fxupeng%2F.cache%2Fpi-tmp%2F01a10f47-ae69-753b-a8de-d77bd690adfd%2Fask-user-full-e2e-retry-jxxdc2by%2Fpi-web-e2e-subagents-SvxD6E%2Fproject 200 in 50ms (next.js: 27ms, proxy.ts: 6ms, application-code: 17ms)
 GET /api/git/status?cwd=%2Fhome%2Fxupeng%2F.cache%2Fpi-tmp%2F01a10f47-ae69-753b-a8de-d77bd690adfd%2Fask-user-full-e2e-retry-jxxdc2by%2Fpi-web-e2e-subagents-SvxD6E%2Fproject 200 in 50ms (next.js: 29ms, proxy.ts: 7ms, application-code: 14ms)
 GET /api/git/status?cwd=%2Fhome%2Fxupeng%2F.cache%2Fpi-tmp%2F01a10f47-ae69-753b-a8de-d77bd690adfd%2Fask-user-full-e2e-retry-jxxdc2by%2Fpi-web-e2e-subagents-SvxD6E%2Fproject 200 in 53ms (next.js: 17ms, proxy.ts: 6ms, application-code: 30ms)
 GET /api/files/home/xupeng/.cache/pi-tmp/01a10f47-ae69-753b-a8de-d77bd690adfd/ask-user-full-e2e-retry-jxxdc2by/pi-web-e2e-subagents-SvxD6E/project?type=list 200 in 67ms (next.js: 58ms, proxy.ts: 6ms, application-code: 2ms)
 GET /api/files/home/xupeng/.cache/pi-tmp/01a10f47-ae69-753b-a8de-d77bd690adfd/ask-user-full-e2e-retry-jxxdc2by/pi-web-e2e-subagents-SvxD6E/project?type=list 200 in 72ms (next.js: 63ms, proxy.ts: 7ms, application-code: 3ms)
 GET /api/file-index?cwd=%2Fhome%2Fxupeng%2F.cache%2Fpi-tmp%2F01a10f47-ae69-753b-a8de-d77bd690adfd%2Fask-user-full-e2e-retry-jxxdc2by%2Fpi-web-e2e-subagents-SvxD6E%2Fproject 200 in 23ms (next.js: 7ms, proxy.ts: 12ms, application-code: 4ms)
 GET /api/project-trust?cwd=%2Fhome%2Fxupeng%2F.cache%2Fpi-tmp%2F01a10f47-ae69-753b-a8de-d77bd690adfd%2Fask-user-full-e2e-retry-jxxdc2by%2Fpi-web-e2e-subagents-SvxD6E%2Fproject 200 in 25ms (next.js: 13ms, proxy.ts: 7ms, application-code: 4ms)
 GET /api/sessions?projectKey=%2Fhome%2Fxupeng%2F.cache%2Fpi-tmp%2F01a10f47-ae69-753b-a8de-d77bd690adfd%2Fask-user-full-e2e-retry-jxxdc2by%2Fpi-web-e2e-subagents-SvxD6E%2Fproject 200 in 31ms (next.js: 18ms, proxy.ts: 7ms, application-code: 6ms)
 GET /api/sessions/trellis-branches?deferThinking=1&deferMedia=1&tree=summary&force=1 200 in 52ms (next.js: 33ms, proxy.ts: 7ms, application-code: 11ms)
 GET /api/models?cwd=%2Fhome%2Fxupeng%2F.cache%2Fpi-tmp%2F01a10f47-ae69-753b-a8de-d77bd690adfd%2Fask-user-full-e2e-retry-jxxdc2by%2Fpi-web-e2e-subagents-SvxD6E%2Fproject 200 in 38ms (next.js: 16ms, proxy.ts: 15ms, application-code: 8ms)
 GET /api/sessions/trellis-branches?deferThinking=1&deferMedia=1&tree=summary&force=1 200 in 52ms (next.js: 39ms, proxy.ts: 8ms, application-code: 6ms)
 GET /api/sessions/trellis-branches/context?deferThinking=1&deferMedia=1&leafId=branch-y-live 200 in 17ms (next.js: 12ms, proxy.ts: 2ms, application-code: 3ms)
 GET /api/sessions/trellis-branches/context?deferThinking=1&deferMedia=1&leafId=branch-x-result 200 in 9ms (next.js: 4ms, proxy.ts: 3ms, application-code: 2ms)
 GET /api/sessions/trellis-branches/context?deferThinking=1&deferMedia=1&leafId=branch-x-result 200 in 8ms (next.js: 3ms, proxy.ts: 2ms, application-code: 3ms)
 GET /api/sessions/trellis-branches/context?deferThinking=1&deferMedia=1&leafId=branch-x-result 200 in 6ms (next.js: 2ms, proxy.ts: 1.6ms, application-code: 3ms)
 GET /api/sessions/trellis-branches/context?deferThinking=1&deferMedia=1&leafId=branch-y-live 200 in 6ms (next.js: 2ms, proxy.ts: 1.6ms, application-code: 2ms)
 GET /?session=trellis-branches 200 in 43ms (next.js: 3ms, proxy.ts: 1.7ms, application-code: 39ms)
 GET /api/projects 200 in 12ms (next.js: 5ms, proxy.ts: 5ms, application-code: 1.8ms)
 GET /api/open-in-explorer 200 in 15ms (next.js: 8ms, proxy.ts: 5ms, application-code: 2ms)
 GET /api/home 200 in 18ms (next.js: 10ms, proxy.ts: 6ms, application-code: 1.9ms)
 GET /api/open-in-explorer 200 in 23ms (next.js: 16ms, proxy.ts: 6ms, application-code: 1.4ms)
 GET /api/projects?force=1 200 in 28ms (next.js: 14ms, proxy.ts: 6ms, application-code: 8ms)
 GET /api/sessions?sessionId=trellis-branches 200 in 30ms (next.js: 13ms, proxy.ts: 6ms, application-code: 11ms)
 GET /api/agent/running 200 in 9ms (next.js: 2ms, proxy.ts: 5ms, application-code: 1.8ms)
 GET /api/home 200 in 12ms (next.js: 4ms, proxy.ts: 6ms, application-code: 2ms)
 GET /api/worktrees?cwd=%2Fhome%2Fxupeng%2F.cache%2Fpi-tmp%2F01a10f47-ae69-753b-a8de-d77bd690adfd%2Fask-user-full-e2e-retry-jxxdc2by%2Fpi-web-e2e-subagents-SvxD6E%2Fproject 200 in 48ms (next.js: 7ms, proxy.ts: 6ms, application-code: 35ms)
 GET /api/sessions?projectKey=%2Fhome%2Fxupeng%2F.cache%2Fpi-tmp%2F01a10f47-ae69-753b-a8de-d77bd690adfd%2Fask-user-full-e2e-retry-jxxdc2by%2Fpi-web-e2e-subagents-SvxD6E%2Fproject 200 in 48ms (next.js: 25ms, proxy.ts: 6ms, application-code: 16ms)
 GET /api/git/status?cwd=%2Fhome%2Fxupeng%2F.cache%2Fpi-tmp%2F01a10f47-ae69-753b-a8de-d77bd690adfd%2Fask-user-full-e2e-retry-jxxdc2by%2Fpi-web-e2e-subagents-SvxD6E%2Fproject 200 in 48ms (next.js: 28ms, proxy.ts: 6ms, application-code: 13ms)
 GET /api/git/status?cwd=%2Fhome%2Fxupeng%2F.cache%2Fpi-tmp%2F01a10f47-ae69-753b-a8de-d77bd690adfd%2Fask-user-full-e2e-retry-jxxdc2by%2Fpi-web-e2e-subagents-SvxD6E%2Fproject 200 in 50ms (next.js: 16ms, proxy.ts: 6ms, application-code: 28ms)
 GET /api/files/home/xupeng/.cache/pi-tmp/01a10f47-ae69-753b-a8de-d77bd690adfd/ask-user-full-e2e-retry-jxxdc2by/pi-web-e2e-subagents-SvxD6E/project?type=list 200 in 62ms (next.js: 54ms, proxy.ts: 6ms, application-code: 2ms)
 GET /api/files/home/xupeng/.cache/pi-tmp/01a10f47-ae69-753b-a8de-d77bd690adfd/ask-user-full-e2e-retry-jxxdc2by/pi-web-e2e-subagents-SvxD6E/project?type=list 200 in 67ms (next.js: 58ms, proxy.ts: 6ms, application-code: 1.9ms)
 GET /api/file-index?cwd=%2Fhome%2Fxupeng%2F.cache%2Fpi-tmp%2F01a10f47-ae69-753b-a8de-d77bd690adfd%2Fask-user-full-e2e-retry-jxxdc2by%2Fpi-web-e2e-subagents-SvxD6E%2Fproject 200 in 19ms (next.js: 7ms, proxy.ts: 10ms, application-code: 1.9ms)
 GET /api/project-trust?cwd=%2Fhome%2Fxupeng%2F.cache%2Fpi-tmp%2F01a10f47-ae69-753b-a8de-d77bd690adfd%2Fask-user-full-e2e-retry-jxxdc2by%2Fpi-web-e2e-subagents-SvxD6E%2Fproject 200 in 19ms (next.js: 9ms, proxy.ts: 7ms, application-code: 3ms)
 GET /api/sessions?projectKey=%2Fhome%2Fxupeng%2F.cache%2Fpi-tmp%2F01a10f47-ae69-753b-a8de-d77bd690adfd%2Fask-user-full-e2e-retry-jxxdc2by%2Fpi-web-e2e-subagents-SvxD6E%2Fproject 200 in 27ms (next.js: 14ms, proxy.ts: 7ms, application-code: 6ms)
 GET /api/sessions/trellis-branches?deferThinking=1&deferMedia=1&tree=summary&force=1 200 in 47ms (next.js: 30ms, proxy.ts: 7ms, application-code: 10ms)
 GET /api/models?cwd=%2Fhome%2Fxupeng%2F.cache%2Fpi-tmp%2F01a10f47-ae69-753b-a8de-d77bd690adfd%2Fask-user-full-e2e-retry-jxxdc2by%2Fpi-web-e2e-subagents-SvxD6E%2Fproject 200 in 39ms (next.js: 17ms, proxy.ts: 16ms, application-code: 6ms)
 GET /api/sessions/trellis-branches?deferThinking=1&deferMedia=1&tree=summary&force=1 200 in 47ms (next.js: 35ms, proxy.ts: 7ms, application-code: 5ms)
 GET /api/agent/running 200 in 7ms (next.js: 1.9ms, proxy.ts: 2ms, application-code: 3ms)
 GET /api/sessions?sessionId=trellis-branches 200 in 22ms (next.js: 2ms, proxy.ts: 3ms, application-code: 17ms)
 GET /api/sessions/trellis-branches?deferThinking=1&deferMedia=1&tree=summary 200 in 24ms (next.js: 16ms, proxy.ts: 3ms, application-code: 5ms)
 GET /api/sessions?sessionId=trellis-branches 200 in 37ms (next.js: 11ms, proxy.ts: 6ms, application-code: 20ms)
 GET /api/agent/running 200 in 36ms (next.js: 18ms, proxy.ts: 15ms, application-code: 3ms)
 GET /api/git/status?cwd=%2Fhome%2Fxupeng%2F.cache%2Fpi-tmp%2F01a10f47-ae69-753b-a8de-d77bd690adfd%2Fask-user-full-e2e-retry-jxxdc2by%2Fpi-web-e2e-subagents-SvxD6E%2Fproject 200 in 42ms (next.js: 11ms, proxy.ts: 10ms, application-code: 20ms)
 GET /api/files/home/xupeng/.cache/pi-tmp/01a10f47-ae69-753b-a8de-d77bd690adfd/ask-user-full-e2e-retry-jxxdc2by/pi-web-e2e-subagents-SvxD6E/project?type=list 200 in 56ms (next.js: 47ms, proxy.ts: 7ms, application-code: 2ms)
 GET /api/sessions/trellis-branches/context?deferThinking=1&deferMedia=1&leafId=branch-x-result 200 in 19ms (next.js: 13ms, proxy.ts: 2ms, application-code: 3ms)
 GET /api/sessions/trellis-branches/context?deferThinking=1&deferMedia=1&leafId=branch-x-result 200 in 15ms (next.js: 8ms, proxy.ts: 4ms, application-code: 3ms)
 GET /api/sessions?sessionId=trellis-branches 200 in 16ms (next.js: 3ms, proxy.ts: 4ms, application-code: 9ms)
 GET /api/sessions?sessionId=trellis-branches 200 in 8ms (next.js: 1.8ms, proxy.ts: 2ms, application-code: 4ms)
 GET /api/git/status?cwd=%2Fhome%2Fxupeng%2F.cache%2Fpi-tmp%2F01a10f47-ae69-753b-a8de-d77bd690adfd%2Fask-user-full-e2e-retry-jxxdc2by%2Fpi-web-e2e-subagents-SvxD6E%2Fproject 200 in 22ms (next.js: 3ms, proxy.ts: 3ms, application-code: 16ms)
 GET /api/files/home/xupeng/.cache/pi-tmp/01a10f47-ae69-753b-a8de-d77bd690adfd/ask-user-full-e2e-retry-jxxdc2by/pi-web-e2e-subagents-SvxD6E/project?type=list 200 in 27ms (next.js: 21ms, proxy.ts: 3ms, application-code: 3ms)
 GET /?session=trellis-records-a 200 in 32ms (next.js: 3ms, proxy.ts: 1.9ms, application-code: 27ms)
 GET /api/projects 200 in 12ms (next.js: 5ms, proxy.ts: 5ms, application-code: 1.8ms)
 GET /api/open-in-explorer 200 in 15ms (next.js: 9ms, proxy.ts: 5ms, application-code: 1.7ms)
 GET /api/home 200 in 20ms (next.js: 13ms, proxy.ts: 5ms, application-code: 1.4ms)
 GET /api/agent/running 200 in 26ms (next.js: 11ms, proxy.ts: 5ms, application-code: 10ms)
 GET /api/projects?force=1 200 in 31ms (next.js: 17ms, proxy.ts: 5ms, application-code: 8ms)
 GET /api/sessions?sessionId=trellis-records-a 200 in 34ms (next.js: 15ms, proxy.ts: 5ms, application-code: 13ms)
 GET /api/open-in-explorer 200 in 14ms (next.js: 4ms, proxy.ts: 8ms, application-code: 1.7ms)
 GET /api/home 200 in 15ms (next.js: 5ms, proxy.ts: 9ms, application-code: 1.5ms)
 GET /api/agent/running 200 in 14ms (next.js: 7ms, proxy.ts: 6ms, application-code: 1.7ms)
 GET /api/worktrees?cwd=%2Fhome%2Fxupeng%2F.cache%2Fpi-tmp%2F01a10f47-ae69-753b-a8de-d77bd690adfd%2Fask-user-full-e2e-retry-jxxdc2by%2Fpi-web-e2e-subagents-SvxD6E%2Fproject 200 in 50ms (next.js: 8ms, proxy.ts: 5ms, application-code: 37ms)
 GET /api/sessions?projectKey=%2Fhome%2Fxupeng%2F.cache%2Fpi-tmp%2F01a10f47-ae69-753b-a8de-d77bd690adfd%2Fask-user-full-e2e-retry-jxxdc2by%2Fpi-web-e2e-subagents-SvxD6E%2Fproject 200 in 50ms (next.js: 28ms, proxy.ts: 6ms, application-code: 16ms)
 GET /api/git/status?cwd=%2Fhome%2Fxupeng%2F.cache%2Fpi-tmp%2F01a10f47-ae69-753b-a8de-d77bd690adfd%2Fask-user-full-e2e-retry-jxxdc2by%2Fpi-web-e2e-subagents-SvxD6E%2Fproject 200 in 50ms (next.js: 29ms, proxy.ts: 7ms, application-code: 14ms)
 GET /api/git/status?cwd=%2Fhome%2Fxupeng%2F.cache%2Fpi-tmp%2F01a10f47-ae69-753b-a8de-d77bd690adfd%2Fask-user-full-e2e-retry-jxxdc2by%2Fpi-web-e2e-subagents-SvxD6E%2Fproject 200 in 52ms (next.js: 19ms, proxy.ts: 6ms, application-code: 28ms)
 GET /api/files/home/xupeng/.cache/pi-tmp/01a10f47-ae69-753b-a8de-d77bd690adfd/ask-user-full-e2e-retry-jxxdc2by/pi-web-e2e-subagents-SvxD6E/project?type=list 200 in 66ms (next.js: 58ms, proxy.ts: 6ms, application-code: 3ms)
 GET /api/files/home/xupeng/.cache/pi-tmp/01a10f47-ae69-753b-a8de-d77bd690adfd/ask-user-full-e2e-retry-jxxdc2by/pi-web-e2e-subagents-SvxD6E/project?type=list 200 in 70ms (next.js: 61ms, proxy.ts: 7ms, application-code: 2.0ms)
 GET /api/project-trust?cwd=%2Fhome%2Fxupeng%2F.cache%2Fpi-tmp%2F01a10f47-ae69-753b-a8de-d77bd690adfd%2Fask-user-full-e2e-retry-jxxdc2by%2Fpi-web-e2e-subagents-SvxD6E%2Fproject 200 in 37ms (next.js: 28ms, proxy.ts: 5ms, application-code: 3ms)
 GET /api/file-index?cwd=%2Fhome%2Fxupeng%2F.cache%2Fpi-tmp%2F01a10f47-ae69-753b-a8de-d77bd690adfd%2Fask-user-full-e2e-retry-jxxdc2by%2Fpi-web-e2e-subagents-SvxD6E%2Fproject 200 in 47ms (next.js: 6ms, proxy.ts: 9ms, application-code: 33ms)
 GET /api/sessions?projectKey=%2Fhome%2Fxupeng%2F.cache%2Fpi-tmp%2F01a10f47-ae69-753b-a8de-d77bd690adfd%2Fask-user-full-e2e-retry-jxxdc2by%2Fpi-web-e2e-subagents-SvxD6E%2Fproject 200 in 45ms (next.js: 33ms, proxy.ts: 5ms, application-code: 6ms)
 GET /api/sessions/trellis-records-a?deferThinking=1&deferMedia=1&tree=summary&force=1 200 in 67ms (next.js: 51ms, proxy.ts: 6ms, application-code: 10ms)
 GET /api/sessions/trellis-records-a?deferThinking=1&deferMedia=1&tree=summary&force=1 200 in 69ms (next.js: 56ms, proxy.ts: 6ms, application-code: 8ms)
 GET /api/models?cwd=%2Fhome%2Fxupeng%2F.cache%2Fpi-tmp%2F01a10f47-ae69-753b-a8de-d77bd690adfd%2Fask-user-full-e2e-retry-jxxdc2by%2Fpi-web-e2e-subagents-SvxD6E%2Fproject 200 in 35ms (next.js: 23ms, proxy.ts: 10ms, application-code: 3ms)
 GET /api/sessions/trellis-records-a/state 200 in 22ms (next.js: 15ms, proxy.ts: 3ms, application-code: 4ms)
 POST /api/agent/trellis-records-a 200 in 17ms (next.js: 11ms, proxy.ts: 3ms, application-code: 3ms)
 GET /?session=trellis-mixed 200 in 55ms (next.js: 4ms, proxy.ts: 3ms, application-code: 49ms)
 GET /api/agent/trellis-records-a/events 200 in 998ms (next.js: 17ms, proxy.ts: 22ms, application-code: 959ms)
 GET /api/projects 200 in 13ms (next.js: 6ms, proxy.ts: 5ms, application-code: 1.7ms)
 GET /api/open-in-explorer 200 in 16ms (next.js: 8ms, proxy.ts: 6ms, application-code: 2ms)
 GET /api/home 200 in 18ms (next.js: 11ms, proxy.ts: 6ms, application-code: 1.7ms)
 GET /api/open-in-explorer 200 in 23ms (next.js: 15ms, proxy.ts: 7ms, application-code: 1.4ms)
 GET /api/projects?force=1 200 in 29ms (next.js: 14ms, proxy.ts: 6ms, application-code: 9ms)
 GET /api/sessions?sessionId=trellis-mixed 200 in 32ms (next.js: 12ms, proxy.ts: 6ms, application-code: 13ms)
 GET /api/agent/running 200 in 12ms (next.js: 3ms, proxy.ts: 7ms, application-code: 2ms)
 GET /api/home 200 in 13ms (next.js: 5ms, proxy.ts: 7ms, application-code: 1.6ms)
 GET /api/worktrees?cwd=%2Fhome%2Fxupeng%2F.cache%2Fpi-tmp%2F01a10f47-ae69-753b-a8de-d77bd690adfd%2Fask-user-full-e2e-retry-jxxdc2by%2Fpi-web-e2e-subagents-SvxD6E%2Fproject 200 in 54ms (next.js: 7ms, proxy.ts: 5ms, application-code: 42ms)
 GET /api/sessions?projectKey=%2Fhome%2Fxupeng%2F.cache%2Fpi-tmp%2F01a10f47-ae69-753b-a8de-d77bd690adfd%2Fask-user-full-e2e-retry-jxxdc2by%2Fpi-web-e2e-subagents-SvxD6E%2Fproject 200 in 55ms (next.js: 30ms, proxy.ts: 6ms, application-code: 19ms)
 GET /api/git/status?cwd=%2Fhome%2Fxupeng%2F.cache%2Fpi-tmp%2F01a10f47-ae69-753b-a8de-d77bd690adfd%2Fask-user-full-e2e-retry-jxxdc2by%2Fpi-web-e2e-subagents-SvxD6E%2Fproject 200 in 55ms (next.js: 33ms, proxy.ts: 7ms, application-code: 15ms)
 GET /api/git/status?cwd=%2Fhome%2Fxupeng%2F.cache%2Fpi-tmp%2F01a10f47-ae69-753b-a8de-d77bd690adfd%2Fask-user-full-e2e-retry-jxxdc2by%2Fpi-web-e2e-subagents-SvxD6E%2Fproject 200 in 56ms (next.js: 19ms, proxy.ts: 6ms, application-code: 32ms)
 GET /api/files/home/xupeng/.cache/pi-tmp/01a10f47-ae69-753b-a8de-d77bd690adfd/ask-user-full-e2e-retry-jxxdc2by/pi-web-e2e-subagents-SvxD6E/project?type=list 200 in 70ms (next.js: 62ms, proxy.ts: 6ms, application-code: 2ms)
 GET /api/files/home/xupeng/.cache/pi-tmp/01a10f47-ae69-753b-a8de-d77bd690adfd/ask-user-full-e2e-retry-jxxdc2by/pi-web-e2e-subagents-SvxD6E/project?type=list 200 in 74ms (next.js: 65ms, proxy.ts: 7ms, application-code: 2ms)
 GET /api/file-index?cwd=%2Fhome%2Fxupeng%2F.cache%2Fpi-tmp%2F01a10f47-ae69-753b-a8de-d77bd690adfd%2Fask-user-full-e2e-retry-jxxdc2by%2Fpi-web-e2e-subagents-SvxD6E%2Fproject 200 in 19ms (next.js: 7ms, proxy.ts: 10ms, application-code: 2ms)
 GET /api/project-trust?cwd=%2Fhome%2Fxupeng%2F.cache%2Fpi-tmp%2F01a10f47-ae69-753b-a8de-d77bd690adfd%2Fask-user-full-e2e-retry-jxxdc2by%2Fpi-web-e2e-subagents-SvxD6E%2Fproject 200 in 20ms (next.js: 9ms, proxy.ts: 7ms, application-code: 4ms)
 GET /api/sessions?projectKey=%2Fhome%2Fxupeng%2F.cache%2Fpi-tmp%2F01a10f47-ae69-753b-a8de-d77bd690adfd%2Fask-user-full-e2e-retry-jxxdc2by%2Fpi-web-e2e-subagents-SvxD6E%2Fproject 200 in 25ms (next.js: 14ms, proxy.ts: 7ms, application-code: 5ms)
 GET /api/sessions/trellis-mixed?deferThinking=1&deferMedia=1&tree=summary&force=1 200 in 50ms (next.js: 32ms, proxy.ts: 6ms, application-code: 12ms)
 GET /api/models?cwd=%2Fhome%2Fxupeng%2F.cache%2Fpi-tmp%2F01a10f47-ae69-753b-a8de-d77bd690adfd%2Fask-user-full-e2e-retry-jxxdc2by%2Fpi-web-e2e-subagents-SvxD6E%2Fproject 200 in 39ms (next.js: 18ms, proxy.ts: 14ms, application-code: 7ms)
 GET /api/sessions/trellis-mixed?deferThinking=1&deferMedia=1&tree=summary&force=1 200 in 50ms (next.js: 39ms, proxy.ts: 6ms, application-code: 5ms)
 GET /api/sessions/trellis-mixed/state 200 in 22ms (next.js: 16ms, proxy.ts: 3ms, application-code: 3ms)
 POST /api/agent/trellis-mixed 200 in 18ms (next.js: 12ms, proxy.ts: 2ms, application-code: 4ms)
 GET /api/models?cwd=%2Fhome%2Fxupeng%2F.cache%2Fpi-tmp%2F01a10f47-ae69-753b-a8de-d77bd690adfd%2Fask-user-full-e2e-retry-jxxdc2by%2Fpi-web-e2e-subagents-SvxD6E%2Fproject 200 in 19ms (next.js: 6ms, proxy.ts: 6ms, application-code: 6ms)
 GET /api/models?cwd=%2Fhome%2Fxupeng%2F.cache%2Fpi-tmp%2F01a10f47-ae69-753b-a8de-d77bd690adfd%2Fask-user-full-e2e-retry-jxxdc2by%2Fpi-web-e2e-subagents-SvxD6E%2Fproject 200 in 19ms (next.js: 7ms, proxy.ts: 7ms, application-code: 5ms)
 GET /api/sessions/trellis-built-in-child?deferThinking=1&deferMedia=1&tree=summary&force=1 200 in 42ms (next.js: 30ms, proxy.ts: 6ms, application-code: 7ms)
 GET /api/sessions/trellis-built-in-child?deferThinking=1&deferMedia=1&tree=summary&force=1 200 in 42ms (next.js: 32ms, proxy.ts: 6ms, application-code: 4ms)
 GET /?session=trellis-built-in-child 200 in 42ms (next.js: 11ms, proxy.ts: 8ms, application-code: 23ms)
 GET /api/agent/trellis-mixed/events 200 in 727ms (next.js: 37ms, proxy.ts: 18ms, application-code: 672ms)
 GET /api/sessions/trellis-built-in-child/state 200 in 6ms (next.js: 2ms, proxy.ts: 1.8ms, application-code: 2ms)
 POST /api/agent/trellis-built-in-child 200 in 11ms (next.js: 3ms, proxy.ts: 3ms, application-code: 4ms)
 GET /?session=trellis-mixed 200 in 32ms (next.js: 3ms, proxy.ts: 2ms, application-code: 27ms)
 GET /api/agent/trellis-built-in-child/events 200 in 133ms (next.js: 2ms, proxy.ts: 5ms, application-code: 125ms)
 GET /api/projects 200 in 16ms (next.js: 7ms, proxy.ts: 8ms, application-code: 1.7ms)
 GET /api/open-in-explorer 200 in 19ms (next.js: 9ms, proxy.ts: 8ms, application-code: 1.8ms)
 GET /api/home 200 in 21ms (next.js: 11ms, proxy.ts: 8ms, application-code: 1.9ms)
 GET /api/open-in-explorer 200 in 27ms (next.js: 16ms, proxy.ts: 9ms, application-code: 1.4ms)
 GET /api/projects?force=1 200 in 33ms (next.js: 16ms, proxy.ts: 8ms, application-code: 9ms)
 GET /api/sessions?sessionId=trellis-mixed 200 in 35ms (next.js: 13ms, proxy.ts: 8ms, application-code: 13ms)
 GET /api/agent/running 200 in 13ms (next.js: 3ms, proxy.ts: 7ms, application-code: 3ms)
 GET /api/home 200 in 16ms (next.js: 6ms, proxy.ts: 7ms, application-code: 2ms)
 GET /api/worktrees?cwd=%2Fhome%2Fxupeng%2F.cache%2Fpi-tmp%2F01a10f47-ae69-753b-a8de-d77bd690adfd%2Fask-user-full-e2e-retry-jxxdc2by%2Fpi-web-e2e-subagents-SvxD6E%2Fproject 200 in 53ms (next.js: 8ms, proxy.ts: 8ms, application-code: 37ms)
 GET /api/sessions?projectKey=%2Fhome%2Fxupeng%2F.cache%2Fpi-tmp%2F01a10f47-ae69-753b-a8de-d77bd690adfd%2Fask-user-full-e2e-retry-jxxdc2by%2Fpi-web-e2e-subagents-SvxD6E%2Fproject 200 in 53ms (next.js: 28ms, proxy.ts: 9ms, application-code: 16ms)
 GET /api/git/status?cwd=%2Fhome%2Fxupeng%2F.cache%2Fpi-tmp%2F01a10f47-ae69-753b-a8de-d77bd690adfd%2Fask-user-full-e2e-retry-jxxdc2by%2Fpi-web-e2e-subagents-SvxD6E%2Fproject 200 in 53ms (next.js: 30ms, proxy.ts: 9ms, application-code: 14ms)
 GET /api/git/status?cwd=%2Fhome%2Fxupeng%2F.cache%2Fpi-tmp%2F01a10f47-ae69-753b-a8de-d77bd690adfd%2Fask-user-full-e2e-retry-jxxdc2by%2Fpi-web-e2e-subagents-SvxD6E%2Fproject 200 in 55ms (next.js: 17ms, proxy.ts: 9ms, application-code: 30ms)
 GET /api/files/home/xupeng/.cache/pi-tmp/01a10f47-ae69-753b-a8de-d77bd690adfd/ask-user-full-e2e-retry-jxxdc2by/pi-web-e2e-subagents-SvxD6E/project?type=list 200 in 69ms (next.js: 58ms, proxy.ts: 8ms, application-code: 2ms)
 GET /api/files/home/xupeng/.cache/pi-tmp/01a10f47-ae69-753b-a8de-d77bd690adfd/ask-user-full-e2e-retry-jxxdc2by/pi-web-e2e-subagents-SvxD6E/project?type=list 200 in 71ms (next.js: 59ms, proxy.ts: 9ms, application-code: 2ms)
 GET /api/file-index?cwd=%2Fhome%2Fxupeng%2F.cache%2Fpi-tmp%2F01a10f47-ae69-753b-a8de-d77bd690adfd%2Fask-user-full-e2e-retry-jxxdc2by%2Fpi-web-e2e-subagents-SvxD6E%2Fproject 200 in 15ms (next.js: 7ms, proxy.ts: 7ms, application-code: 1.7ms)
 GET /api/project-trust?cwd=%2Fhome%2Fxupeng%2F.cache%2Fpi-tmp%2F01a10f47-ae69-753b-a8de-d77bd690adfd%2Fask-user-full-e2e-retry-jxxdc2by%2Fpi-web-e2e-subagents-SvxD6E%2Fproject 200 in 19ms (next.js: 9ms, proxy.ts: 7ms, application-code: 3ms)
 GET /api/sessions?projectKey=%2Fhome%2Fxupeng%2F.cache%2Fpi-tmp%2F01a10f47-ae69-753b-a8de-d77bd690adfd%2Fask-user-full-e2e-retry-jxxdc2by%2Fpi-web-e2e-subagents-SvxD6E%2Fproject 200 in 28ms (next.js: 13ms, proxy.ts: 8ms, application-code: 7ms)
 GET /api/sessions/trellis-mixed?deferThinking=1&deferMedia=1&tree=summary&force=1 200 in 50ms (next.js: 32ms, proxy.ts: 7ms, application-code: 10ms)
 GET /api/sessions/trellis-mixed?deferThinking=1&deferMedia=1&tree=summary&force=1 200 in 50ms (next.js: 35ms, proxy.ts: 7ms, application-code: 7ms)
 GET /api/models?cwd=%2Fhome%2Fxupeng%2F.cache%2Fpi-tmp%2F01a10f47-ae69-753b-a8de-d77bd690adfd%2Fask-user-full-e2e-retry-jxxdc2by%2Fpi-web-e2e-subagents-SvxD6E%2Fproject 200 in 34ms (next.js: 20ms, proxy.ts: 11ms, application-code: 4ms)
 GET /api/sessions/trellis-mixed/state 200 in 21ms (next.js: 15ms, proxy.ts: 2ms, application-code: 3ms)
 POST /api/agent/trellis-mixed 200 in 23ms (next.js: 16ms, proxy.ts: 3ms, application-code: 4ms)
 GET /?session=trellis-built-in-only 200 in 34ms (next.js: 3ms, proxy.ts: 1.7ms, application-code: 29ms)
 GET /api/agent/trellis-mixed/events 200 in 564ms (next.js: 33ms, proxy.ts: 7ms, application-code: 523ms)
 GET /api/projects 200 in 22ms (next.js: 9ms, proxy.ts: 10ms, application-code: 3ms)
 GET /api/open-in-explorer 200 in 25ms (next.js: 12ms, proxy.ts: 10ms, application-code: 3ms)
 GET /api/home 200 in 28ms (next.js: 15ms, proxy.ts: 10ms, application-code: 3ms)
 GET /api/open-in-explorer 200 in 37ms (next.js: 24ms, proxy.ts: 10ms, application-code: 3ms)
 GET /api/sessions?sessionId=trellis-built-in-only 200 in 46ms (next.js: 18ms, proxy.ts: 11ms, application-code: 17ms)
 GET /api/projects?force=1 200 in 48ms (next.js: 21ms, proxy.ts: 10ms, application-code: 16ms)
 GET /api/agent/running 200 in 14ms (next.js: 3ms, proxy.ts: 10ms, application-code: 2ms)
 GET /api/home 200 in 17ms (next.js: 5ms, proxy.ts: 10ms, application-code: 1.8ms)
 GET /api/worktrees?cwd=%2Fhome%2Fxupeng%2F.cache%2Fpi-tmp%2F01a10f47-ae69-753b-a8de-d77bd690adfd%2Fask-user-full-e2e-retry-jxxdc2by%2Fpi-web-e2e-subagents-SvxD6E%2Fproject 200 in 60ms (next.js: 10ms, proxy.ts: 6ms, application-code: 44ms)
 GET /api/sessions?projectKey=%2Fhome%2Fxupeng%2F.cache%2Fpi-tmp%2F01a10f47-ae69-753b-a8de-d77bd690adfd%2Fask-user-full-e2e-retry-jxxdc2by%2Fpi-web-e2e-subagents-SvxD6E%2Fproject 200 in 60ms (next.js: 33ms, proxy.ts: 6ms, application-code: 20ms)
 GET /api/git/status?cwd=%2Fhome%2Fxupeng%2F.cache%2Fpi-tmp%2F01a10f47-ae69-753b-a8de-d77bd690adfd%2Fask-user-full-e2e-retry-jxxdc2by%2Fpi-web-e2e-subagents-SvxD6E%2Fproject 200 in 62ms (next.js: 23ms, proxy.ts: 6ms, application-code: 34ms)
 GET /api/git/status?cwd=%2Fhome%2Fxupeng%2F.cache%2Fpi-tmp%2F01a10f47-ae69-753b-a8de-d77bd690adfd%2Fask-user-full-e2e-retry-jxxdc2by%2Fpi-web-e2e-subagents-SvxD6E%2Fproject 200 in 63ms (next.js: 36ms, proxy.ts: 7ms, application-code: 20ms)
 GET /api/files/home/xupeng/.cache/pi-tmp/01a10f47-ae69-753b-a8de-d77bd690adfd/ask-user-full-e2e-retry-jxxdc2by/pi-web-e2e-subagents-SvxD6E/project?type=list 200 in 86ms (next.js: 76ms, proxy.ts: 6ms, application-code: 3ms)
 GET /api/files/home/xupeng/.cache/pi-tmp/01a10f47-ae69-753b-a8de-d77bd690adfd/ask-user-full-e2e-retry-jxxdc2by/pi-web-e2e-subagents-SvxD6E/project?type=list 200 in 89ms (next.js: 79ms, proxy.ts: 7ms, application-code: 3ms)
 GET /api/file-index?cwd=%2Fhome%2Fxupeng%2F.cache%2Fpi-tmp%2F01a10f47-ae69-753b-a8de-d77bd690adfd%2Fask-user-full-e2e-retry-jxxdc2by%2Fpi-web-e2e-subagents-SvxD6E%2Fproject 200 in 48ms (next.js: 11ms, proxy.ts: 33ms, application-code: 3ms)
 GET /api/project-trust?cwd=%2Fhome%2Fxupeng%2F.cache%2Fpi-tmp%2F01a10f47-ae69-753b-a8de-d77bd690adfd%2Fask-user-full-e2e-retry-jxxdc2by%2Fpi-web-e2e-subagents-SvxD6E%2Fproject 200 in 30ms (next.js: 15ms, proxy.ts: 11ms, application-code: 4ms)
 GET /api/sessions?projectKey=%2Fhome%2Fxupeng%2F.cache%2Fpi-tmp%2F01a10f47-ae69-753b-a8de-d77bd690adfd%2Fask-user-full-e2e-retry-jxxdc2by%2Fpi-web-e2e-subagents-SvxD6E%2Fproject 200 in 39ms (next.js: 20ms, proxy.ts: 13ms, application-code: 7ms)
 GET /api/models?cwd=%2Fhome%2Fxupeng%2F.cache%2Fpi-tmp%2F01a10f47-ae69-753b-a8de-d77bd690adfd%2Fask-user-full-e2e-retry-jxxdc2by%2Fpi-web-e2e-subagents-SvxD6E%2Fproject 200 in 37ms (next.js: 12ms, proxy.ts: 20ms, application-code: 5ms)
 GET /api/sessions/trellis-built-in-only?deferThinking=1&deferMedia=1&tree=summary&force=1 200 in 75ms (next.js: 50ms, proxy.ts: 13ms, application-code: 12ms)
 GET /api/sessions/trellis-built-in-only?deferThinking=1&deferMedia=1&tree=summary&force=1 200 in 72ms (next.js: 49ms, proxy.ts: 16ms, application-code: 6ms)
 GET /api/sessions/trellis-built-in-only/state 200 in 24ms (next.js: 18ms, proxy.ts: 2ms, application-code: 3ms)
 POST /api/agent/trellis-built-in-only 200 in 10ms (next.js: 3ms, proxy.ts: 3ms, application-code: 4ms)
 GET /?session=trellis-empty 200 in 32ms (next.js: 3ms, proxy.ts: 1.7ms, application-code: 28ms)
 GET /api/agent/trellis-built-in-only/events 200 in 609ms (next.js: 33ms, proxy.ts: 12ms, application-code: 564ms)
 GET /api/projects 200 in 14ms (next.js: 6ms, proxy.ts: 6ms, application-code: 2ms)
 GET /api/open-in-explorer 200 in 17ms (next.js: 9ms, proxy.ts: 6ms, application-code: 2ms)
 GET /api/home 200 in 19ms (next.js: 12ms, proxy.ts: 6ms, application-code: 1.5ms)
 GET /api/open-in-explorer 200 in 25ms (next.js: 16ms, proxy.ts: 7ms, application-code: 1.4ms)
 GET /api/projects?force=1 200 in 30ms (next.js: 15ms, proxy.ts: 7ms, application-code: 8ms)
 GET /api/sessions?sessionId=trellis-empty 200 in 32ms (next.js: 13ms, proxy.ts: 6ms, application-code: 12ms)
 GET /api/agent/running 200 in 11ms (next.js: 3ms, proxy.ts: 6ms, application-code: 1.9ms)
 GET /api/home 200 in 13ms (next.js: 5ms, proxy.ts: 6ms, application-code: 2.0ms)
 GET /api/worktrees?cwd=%2Fhome%2Fxupeng%2F.cache%2Fpi-tmp%2F01a10f47-ae69-753b-a8de-d77bd690adfd%2Fask-user-full-e2e-retry-jxxdc2by%2Fpi-web-e2e-subagents-SvxD6E%2Fproject 200 in 52ms (next.js: 8ms, proxy.ts: 6ms, application-code: 39ms)
 GET /api/sessions?projectKey=%2Fhome%2Fxupeng%2F.cache%2Fpi-tmp%2F01a10f47-ae69-753b-a8de-d77bd690adfd%2Fask-user-full-e2e-retry-jxxdc2by%2Fpi-web-e2e-subagents-SvxD6E%2Fproject 200 in 53ms (next.js: 30ms, proxy.ts: 6ms, application-code: 17ms)
 GET /api/git/status?cwd=%2Fhome%2Fxupeng%2F.cache%2Fpi-tmp%2F01a10f47-ae69-753b-a8de-d77bd690adfd%2Fask-user-full-e2e-retry-jxxdc2by%2Fpi-web-e2e-subagents-SvxD6E%2Fproject 200 in 54ms (next.js: 18ms, proxy.ts: 6ms, application-code: 30ms)
 GET /api/files/home/xupeng/.cache/pi-tmp/01a10f47-ae69-753b-a8de-d77bd690adfd/ask-user-full-e2e-retry-jxxdc2by/pi-web-e2e-subagents-SvxD6E/project?type=list 200 in 68ms (next.js: 60ms, proxy.ts: 6ms, application-code: 2ms)
 GET /api/git/status?cwd=%2Fhome%2Fxupeng%2F.cache%2Fpi-tmp%2F01a10f47-ae69-753b-a8de-d77bd690adfd%2Fask-user-full-e2e-retry-jxxdc2by%2Fpi-web-e2e-subagents-SvxD6E%2Fproject 200 in 66ms (next.js: 31ms, proxy.ts: 7ms, application-code: 28ms)
 GET /api/files/home/xupeng/.cache/pi-tmp/01a10f47-ae69-753b-a8de-d77bd690adfd/ask-user-full-e2e-retry-jxxdc2by/pi-web-e2e-subagents-SvxD6E/project?type=list 200 in 71ms (next.js: 62ms, proxy.ts: 7ms, application-code: 2ms)
 GET /api/file-index?cwd=%2Fhome%2Fxupeng%2F.cache%2Fpi-tmp%2F01a10f47-ae69-753b-a8de-d77bd690adfd%2Fask-user-full-e2e-retry-jxxdc2by%2Fpi-web-e2e-subagents-SvxD6E%2Fproject 200 in 17ms (next.js: 8ms, proxy.ts: 8ms, application-code: 1.9ms)
 GET /api/project-trust?cwd=%2Fhome%2Fxupeng%2F.cache%2Fpi-tmp%2F01a10f47-ae69-753b-a8de-d77bd690adfd%2Fask-user-full-e2e-retry-jxxdc2by%2Fpi-web-e2e-subagents-SvxD6E%2Fproject 200 in 21ms (next.js: 10ms, proxy.ts: 7ms, application-code: 3ms)
 GET /api/sessions?projectKey=%2Fhome%2Fxupeng%2F.cache%2Fpi-tmp%2F01a10f47-ae69-753b-a8de-d77bd690adfd%2Fask-user-full-e2e-retry-jxxdc2by%2Fpi-web-e2e-subagents-SvxD6E%2Fproject 200 in 30ms (next.js: 14ms, proxy.ts: 8ms, application-code: 8ms)
 GET /api/models?cwd=%2Fhome%2Fxupeng%2F.cache%2Fpi-tmp%2F01a10f47-ae69-753b-a8de-d77bd690adfd%2Fask-user-full-e2e-retry-jxxdc2by%2Fpi-web-e2e-subagents-SvxD6E%2Fproject 200 in 43ms (next.js: 23ms, proxy.ts: 16ms, application-code: 4ms)
 GET /api/sessions/trellis-empty?deferThinking=1&deferMedia=1&tree=summary&force=1 200 in 56ms (next.js: 36ms, proxy.ts: 8ms, application-code: 12ms)
 GET /api/sessions/trellis-empty?deferThinking=1&deferMedia=1&tree=summary&force=1 200 in 56ms (next.js: 39ms, proxy.ts: 8ms, application-code: 9ms)
 GET /api/sessions/trellis-empty/state 200 in 21ms (next.js: 16ms, proxy.ts: 3ms, application-code: 3ms)
 POST /api/agent/trellis-empty 200 in 21ms (next.js: 15ms, proxy.ts: 2ms, application-code: 4ms)
 GET /?session=trellis-branches 200 in 35ms (next.js: 3ms, proxy.ts: 3ms, application-code: 29ms)
 GET /api/agent/trellis-empty/events 200 in 915ms (next.js: 17ms, proxy.ts: 25ms, application-code: 873ms)
 GET /api/projects 200 in 16ms (next.js: 7ms, proxy.ts: 7ms, application-code: 2ms)
 GET /api/open-in-explorer 200 in 19ms (next.js: 10ms, proxy.ts: 7ms, application-code: 2ms)
 GET /api/home 200 in 22ms (next.js: 12ms, proxy.ts: 7ms, application-code: 2ms)
 GET /api/open-in-explorer 200 in 27ms (next.js: 18ms, proxy.ts: 7ms, application-code: 1.7ms)
 GET /api/projects?force=1 200 in 35ms (next.js: 17ms, proxy.ts: 7ms, application-code: 10ms)
 GET /api/sessions?sessionId=trellis-branches 200 in 36ms (next.js: 16ms, proxy.ts: 7ms, application-code: 13ms)
 GET /api/agent/running 200 in 10ms (next.js: 2ms, proxy.ts: 7ms, application-code: 1.5ms)
 GET /api/home 200 in 12ms (next.js: 4ms, proxy.ts: 7ms, application-code: 1.5ms)
 GET /api/worktrees?cwd=%2Fhome%2Fxupeng%2F.cache%2Fpi-tmp%2F01a10f47-ae69-753b-a8de-d77bd690adfd%2Fask-user-full-e2e-retry-jxxdc2by%2Fpi-web-e2e-subagents-SvxD6E%2Fproject 200 in 53ms (next.js: 6ms, proxy.ts: 8ms, application-code: 40ms)
 GET /api/sessions?projectKey=%2Fhome%2Fxupeng%2F.cache%2Fpi-tmp%2F01a10f47-ae69-753b-a8de-d77bd690adfd%2Fask-user-full-e2e-retry-jxxdc2by%2Fpi-web-e2e-subagents-SvxD6E%2Fproject 200 in 53ms (next.js: 28ms, proxy.ts: 8ms, application-code: 17ms)
 GET /api/git/status?cwd=%2Fhome%2Fxupeng%2F.cache%2Fpi-tmp%2F01a10f47-ae69-753b-a8de-d77bd690adfd%2Fask-user-full-e2e-retry-jxxdc2by%2Fpi-web-e2e-subagents-SvxD6E%2Fproject 200 in 53ms (next.js: 31ms, proxy.ts: 8ms, application-code: 14ms)
 GET /api/git/status?cwd=%2Fhome%2Fxupeng%2F.cache%2Fpi-tmp%2F01a10f47-ae69-753b-a8de-d77bd690adfd%2Fask-user-full-e2e-retry-jxxdc2by%2Fpi-web-e2e-subagents-SvxD6E%2Fproject 200 in 56ms (next.js: 18ms, proxy.ts: 8ms, application-code: 30ms)
 GET /api/files/home/xupeng/.cache/pi-tmp/01a10f47-ae69-753b-a8de-d77bd690adfd/ask-user-full-e2e-retry-jxxdc2by/pi-web-e2e-subagents-SvxD6E/project?type=list 200 in 70ms (next.js: 60ms, proxy.ts: 8ms, application-code: 3ms)
 GET /api/files/home/xupeng/.cache/pi-tmp/01a10f47-ae69-753b-a8de-d77bd690adfd/ask-user-full-e2e-retry-jxxdc2by/pi-web-e2e-subagents-SvxD6E/project?type=list 200 in 74ms (next.js: 64ms, proxy.ts: 8ms, application-code: 2ms)
 GET /api/file-index?cwd=%2Fhome%2Fxupeng%2F.cache%2Fpi-tmp%2F01a10f47-ae69-753b-a8de-d77bd690adfd%2Fask-user-full-e2e-retry-jxxdc2by%2Fpi-web-e2e-subagents-SvxD6E%2Fproject 200 in 35ms (next.js: 10ms, proxy.ts: 24ms, application-code: 1.8ms)
 GET /api/project-trust?cwd=%2Fhome%2Fxupeng%2F.cache%2Fpi-tmp%2F01a10f47-ae69-753b-a8de-d77bd690adfd%2Fask-user-full-e2e-retry-jxxdc2by%2Fpi-web-e2e-subagents-SvxD6E%2Fproject 200 in 21ms (next.js: 12ms, proxy.ts: 6ms, application-code: 3ms)
 GET /api/sessions?projectKey=%2Fhome%2Fxupeng%2F.cache%2Fpi-tmp%2F01a10f47-ae69-753b-a8de-d77bd690adfd%2Fask-user-full-e2e-retry-jxxdc2by%2Fpi-web-e2e-subagents-SvxD6E%2Fproject 200 in 25ms (next.js: 14ms, proxy.ts: 7ms, application-code: 4ms)
 GET /api/sessions/trellis-branches?deferThinking=1&deferMedia=1&tree=summary&force=1 200 in 43ms (next.js: 29ms, proxy.ts: 9ms, application-code: 5ms)
 GET /api/models?cwd=%2Fhome%2Fxupeng%2F.cache%2Fpi-tmp%2F01a10f47-ae69-753b-a8de-d77bd690adfd%2Fask-user-full-e2e-retry-jxxdc2by%2Fpi-web-e2e-subagents-SvxD6E%2Fproject 200 in 35ms (next.js: 19ms, proxy.ts: 11ms, application-code: 6ms)
 GET /api/sessions/trellis-branches?deferThinking=1&deferMedia=1&tree=summary&force=1 200 in 49ms (next.js: 36ms, proxy.ts: 9ms, application-code: 4ms)
 GET /api/sessions/trellis-branches/context?deferThinking=1&deferMedia=1&leafId=branch-x-result 200 in 16ms (next.js: 12ms, proxy.ts: 2ms, application-code: 2ms)
 GET /?session=trellis-records-a 200 in 34ms (next.js: 3ms, proxy.ts: 4ms, application-code: 27ms)
 GET /api/projects 200 in 12ms (next.js: 5ms, proxy.ts: 5ms, application-code: 2ms)
 GET /api/open-in-explorer 200 in 16ms (next.js: 9ms, proxy.ts: 5ms, application-code: 1.8ms)
 GET /api/home 200 in 19ms (next.js: 11ms, proxy.ts: 5ms, application-code: 1.8ms)
 GET /api/open-in-explorer 200 in 27ms (next.js: 19ms, proxy.ts: 6ms, application-code: 1.7ms)
 GET /api/projects?force=1 200 in 35ms (next.js: 16ms, proxy.ts: 6ms, application-code: 13ms)
 GET /api/sessions?sessionId=trellis-records-a 200 in 37ms (next.js: 15ms, proxy.ts: 5ms, application-code: 17ms)
 GET /api/agent/running 200 in 13ms (next.js: 3ms, proxy.ts: 8ms, application-code: 2.0ms)
 GET /api/home 200 in 15ms (next.js: 5ms, proxy.ts: 8ms, application-code: 2ms)
 GET /api/worktrees?cwd=%2Fhome%2Fxupeng%2F.cache%2Fpi-tmp%2F01a10f47-ae69-753b-a8de-d77bd690adfd%2Fask-user-full-e2e-retry-jxxdc2by%2Fpi-web-e2e-subagents-SvxD6E%2Fproject 200 in 60ms (next.js: 9ms, proxy.ts: 8ms, application-code: 42ms)
 GET /api/sessions?projectKey=%2Fhome%2Fxupeng%2F.cache%2Fpi-tmp%2F01a10f47-ae69-753b-a8de-d77bd690adfd%2Fask-user-full-e2e-retry-jxxdc2by%2Fpi-web-e2e-subagents-SvxD6E%2Fproject 200 in 60ms (next.js: 31ms, proxy.ts: 10ms, application-code: 19ms)
 GET /api/git/status?cwd=%2Fhome%2Fxupeng%2F.cache%2Fpi-tmp%2F01a10f47-ae69-753b-a8de-d77bd690adfd%2Fask-user-full-e2e-retry-jxxdc2by%2Fpi-web-e2e-subagents-SvxD6E%2Fproject 200 in 62ms (next.js: 19ms, proxy.ts: 9ms, application-code: 33ms)
 GET /api/files/home/xupeng/.cache/pi-tmp/01a10f47-ae69-753b-a8de-d77bd690adfd/ask-user-full-e2e-retry-jxxdc2by/pi-web-e2e-subagents-SvxD6E/project?type=list 200 in 75ms (next.js: 64ms, proxy.ts: 9ms, application-code: 2ms)
 GET /api/git/status?cwd=%2Fhome%2Fxupeng%2F.cache%2Fpi-tmp%2F01a10f47-ae69-753b-a8de-d77bd690adfd%2Fask-user-full-e2e-retry-jxxdc2by%2Fpi-web-e2e-subagents-SvxD6E%2Fproject 200 in 73ms (next.js: 34ms, proxy.ts: 9ms, application-code: 30ms)
 GET /api/files/home/xupeng/.cache/pi-tmp/01a10f47-ae69-753b-a8de-d77bd690adfd/ask-user-full-e2e-retry-jxxdc2by/pi-web-e2e-subagents-SvxD6E/project?type=list 200 in 80ms (next.js: 67ms, proxy.ts: 10ms, application-code: 3ms)
 GET /api/project-trust?cwd=%2Fhome%2Fxupeng%2F.cache%2Fpi-tmp%2F01a10f47-ae69-753b-a8de-d77bd690adfd%2Fask-user-full-e2e-retry-jxxdc2by%2Fpi-web-e2e-subagents-SvxD6E%2Fproject 200 in 43ms (next.js: 32ms, proxy.ts: 8ms, application-code: 3ms)
 GET /api/file-index?cwd=%2Fhome%2Fxupeng%2F.cache%2Fpi-tmp%2F01a10f47-ae69-753b-a8de-d77bd690adfd%2Fask-user-full-e2e-retry-jxxdc2by%2Fpi-web-e2e-subagents-SvxD6E%2Fproject 200 in 56ms (next.js: 12ms, proxy.ts: 11ms, application-code: 33ms)
 GET /api/sessions?projectKey=%2Fhome%2Fxupeng%2F.cache%2Fpi-tmp%2F01a10f47-ae69-753b-a8de-d77bd690adfd%2Fask-user-full-e2e-retry-jxxdc2by%2Fpi-web-e2e-subagents-SvxD6E%2Fproject 200 in 50ms (next.js: 35ms, proxy.ts: 8ms, application-code: 7ms)
 GET /api/models?cwd=%2Fhome%2Fxupeng%2F.cache%2Fpi-tmp%2F01a10f47-ae69-753b-a8de-d77bd690adfd%2Fask-user-full-e2e-retry-jxxdc2by%2Fpi-web-e2e-subagents-SvxD6E%2Fproject 200 in 50ms (next.js: 7ms, proxy.ts: 37ms, application-code: 7ms)
 GET /api/sessions/trellis-records-a?deferThinking=1&deferMedia=1&tree=summary&force=1 200 in 85ms (next.js: 63ms, proxy.ts: 11ms, application-code: 11ms)
 GET /api/sessions/trellis-records-a?deferThinking=1&deferMedia=1&tree=summary&force=1 200 in 85ms (next.js: 68ms, proxy.ts: 11ms, application-code: 7ms)
 GET /api/sessions/trellis-records-a/state 200 in 25ms (next.js: 17ms, proxy.ts: 4ms, application-code: 4ms)
 POST /api/agent/trellis-records-a 200 in 16ms (next.js: 11ms, proxy.ts: 2ms, application-code: 3ms)
 GET /api/models?cwd=%2Fhome%2Fxupeng%2F.cache%2Fpi-tmp%2F01a10f47-ae69-753b-a8de-d77bd690adfd%2Fask-user-full-e2e-retry-jxxdc2by%2Fpi-web-e2e-subagents-SvxD6E%2Fproject 200 in 11ms (next.js: 4ms, proxy.ts: 4ms, application-code: 3ms)
 GET /api/models?cwd=%2Fhome%2Fxupeng%2F.cache%2Fpi-tmp%2F01a10f47-ae69-753b-a8de-d77bd690adfd%2Fask-user-full-e2e-retry-jxxdc2by%2Fpi-web-e2e-subagents-SvxD6E%2Fproject 200 in 18ms (next.js: 8ms, proxy.ts: 5ms, application-code: 5ms)
 GET /?session=trellis-records-b 200 in 33ms (next.js: 13ms, proxy.ts: 5ms, application-code: 15ms)
 GET /api/agent/trellis-records-a/events 200 in 683ms (next.js: 42ms, proxy.ts: 11ms, application-code: 630ms)
 GET /api/models?cwd=%2Fhome%2Fxupeng%2F.cache%2Fpi-tmp%2F01a10f47-ae69-753b-a8de-d77bd690adfd%2Fask-user-full-e2e-retry-jxxdc2by%2Fpi-web-e2e-subagents-SvxD6E%2Fproject 200 in 20ms (next.js: 7ms, proxy.ts: 9ms, application-code: 4ms)
 GET /api/models?cwd=%2Fhome%2Fxupeng%2F.cache%2Fpi-tmp%2F01a10f47-ae69-753b-a8de-d77bd690adfd%2Fask-user-full-e2e-retry-jxxdc2by%2Fpi-web-e2e-subagents-SvxD6E%2Fproject 200 in 27ms (next.js: 11ms, proxy.ts: 9ms, application-code: 7ms)
 GET /api/sessions/trellis-records-a?deferThinking=1&deferMedia=1&tree=summary&force=1 200 in 60ms (next.js: 42ms, proxy.ts: 8ms, application-code: 10ms)
 GET /api/sessions/trellis-records-a?deferThinking=1&deferMedia=1&tree=summary&force=1 200 in 60ms (next.js: 46ms, proxy.ts: 9ms, application-code: 5ms)
 GET /?session=trellis-records-a 200 in 60ms (next.js: 17ms, proxy.ts: 9ms, application-code: 33ms)
 GET /api/agent/trellis-records-b/events 200 in 246ms (next.js: 4ms, proxy.ts: 24ms, application-code: 219ms)
 GET /api/sessions/trellis-records-a/state 200 in 8ms (next.js: 3ms, proxy.ts: 2ms, application-code: 3ms)
 POST /api/agent/trellis-records-a 200 in 10ms (next.js: 4ms, proxy.ts: 3ms, application-code: 3ms)
 GET /api/sessions/trellis-records-b?deferThinking=1&deferMedia=1&tree=summary&force=1 200 in 14ms (next.js: 4ms, proxy.ts: 3ms, application-code: 7ms)
 GET /api/sessions/trellis-records-b?deferThinking=1&deferMedia=1&tree=summary&force=1 200 in 15ms (next.js: 8ms, proxy.ts: 3ms, application-code: 4ms)
 GET /api/models?cwd=%2Fhome%2Fxupeng%2F.cache%2Fpi-tmp%2F01a10f47-ae69-753b-a8de-d77bd690adfd%2Fask-user-full-e2e-retry-jxxdc2by%2Fpi-web-e2e-subagents-SvxD6E%2Fproject 200 in 10ms (next.js: 3ms, proxy.ts: 3ms, application-code: 3ms)
 GET /api/models?cwd=%2Fhome%2Fxupeng%2F.cache%2Fpi-tmp%2F01a10f47-ae69-753b-a8de-d77bd690adfd%2Fask-user-full-e2e-retry-jxxdc2by%2Fpi-web-e2e-subagents-SvxD6E%2Fproject 200 in 11ms (next.js: 4ms, proxy.ts: 3ms, application-code: 4ms)
 GET /?session=trellis-records-b 200 in 23ms (next.js: 8ms, proxy.ts: 3ms, application-code: 12ms)
 GET /api/agent/trellis-records-a/events 200 in 1212ms (next.js: 4ms, proxy.ts: 3ms, application-code: 1205ms)
 GET /api/models?cwd=%2Fhome%2Fxupeng%2F.cache%2Fpi-tmp%2F01a10f47-ae69-753b-a8de-d77bd690adfd%2Fask-user-full-e2e-retry-jxxdc2by%2Fpi-web-e2e-subagents-SvxD6E%2Fproject 200 in 15ms (next.js: 5ms, proxy.ts: 5ms, application-code: 5ms)
 GET /api/models?cwd=%2Fhome%2Fxupeng%2F.cache%2Fpi-tmp%2F01a10f47-ae69-753b-a8de-d77bd690adfd%2Fask-user-full-e2e-retry-jxxdc2by%2Fpi-web-e2e-subagents-SvxD6E%2Fproject 200 in 15ms (next.js: 5ms, proxy.ts: 6ms, application-code: 4ms)
 GET /api/sessions/trellis-records-a?deferThinking=1&deferMedia=1&tree=summary&force=1 200 in 49ms (next.js: 35ms, proxy.ts: 5ms, application-code: 9ms)
 GET /api/sessions/trellis-records-a?deferThinking=1&deferMedia=1&tree=summary&force=1 200 in 49ms (next.js: 39ms, proxy.ts: 6ms, application-code: 5ms)
 GET /?session=trellis-records-a 200 in 49ms (next.js: 9ms, proxy.ts: 6ms, application-code: 34ms)
 GET /api/agent/trellis-records-b/events 200 in 338ms (next.js: 12ms, proxy.ts: 1.8ms, application-code: 324ms)
 GET /api/agent/running 200 in 5ms (next.js: 1.3ms, proxy.ts: 2ms, application-code: 1.7ms)
 GET /api/sessions/trellis-records-a/state 200 in 17ms (next.js: 13ms, proxy.ts: 1.7ms, application-code: 3ms)
 POST /api/agent/trellis-records-a 200 in 23ms (next.js: 16ms, proxy.ts: 2ms, application-code: 5ms)
 GET /?session=trellis-branches 200 in 46ms (next.js: 3ms, proxy.ts: 2ms, application-code: 40ms)
 GET /api/agent/trellis-records-a/events 200 in 530ms (next.js: 3ms, proxy.ts: 1.6ms, application-code: 525ms)
 GET /api/projects 200 in 20ms (next.js: 9ms, proxy.ts: 9ms, application-code: 3ms)
 GET /api/open-in-explorer 200 in 24ms (next.js: 12ms, proxy.ts: 9ms, application-code: 3ms)
 GET /api/home 200 in 28ms (next.js: 15ms, proxy.ts: 9ms, application-code: 3ms)
 GET /api/open-in-explorer 200 in 37ms (next.js: 23ms, proxy.ts: 11ms, application-code: 3ms)
 GET /api/projects?force=1 200 in 48ms (next.js: 21ms, proxy.ts: 10ms, application-code: 16ms)
 GET /api/sessions?sessionId=trellis-branches 200 in 66ms (next.js: 19ms, proxy.ts: 10ms, application-code: 37ms)
 GET /api/agent/running 200 in 31ms (next.js: 3ms, proxy.ts: 26ms, application-code: 2ms)
 GET /api/home 200 in 32ms (next.js: 6ms, proxy.ts: 24ms, application-code: 2ms)
 GET /api/worktrees?cwd=%2Fhome%2Fxupeng%2F.cache%2Fpi-tmp%2F01a10f47-ae69-753b-a8de-d77bd690adfd%2Fask-user-full-e2e-retry-jxxdc2by%2Fpi-web-e2e-subagents-SvxD6E%2Fproject 200 in 57ms (next.js: 8ms, proxy.ts: 8ms, application-code: 40ms)
 GET /api/sessions?projectKey=%2Fhome%2Fxupeng%2F.cache%2Fpi-tmp%2F01a10f47-ae69-753b-a8de-d77bd690adfd%2Fask-user-full-e2e-retry-jxxdc2by%2Fpi-web-e2e-subagents-SvxD6E%2Fproject 200 in 57ms (next.js: 30ms, proxy.ts: 9ms, application-code: 18ms)
 GET /api/git/status?cwd=%2Fhome%2Fxupeng%2F.cache%2Fpi-tmp%2F01a10f47-ae69-753b-a8de-d77bd690adfd%2Fask-user-full-e2e-retry-jxxdc2by%2Fpi-web-e2e-subagents-SvxD6E%2Fproject 200 in 57ms (next.js: 31ms, proxy.ts: 10ms, application-code: 16ms)
 GET /api/git/status?cwd=%2Fhome%2Fxupeng%2F.cache%2Fpi-tmp%2F01a10f47-ae69-753b-a8de-d77bd690adfd%2Fask-user-full-e2e-retry-jxxdc2by%2Fpi-web-e2e-subagents-SvxD6E%2Fproject 200 in 59ms (next.js: 18ms, proxy.ts: 9ms, application-code: 33ms)
 GET /api/files/home/xupeng/.cache/pi-tmp/01a10f47-ae69-753b-a8de-d77bd690adfd/ask-user-full-e2e-retry-jxxdc2by/pi-web-e2e-subagents-SvxD6E/project?type=list 200 in 75ms (next.js: 63ms, proxy.ts: 9ms, application-code: 3ms)
 GET /api/files/home/xupeng/.cache/pi-tmp/01a10f47-ae69-753b-a8de-d77bd690adfd/ask-user-full-e2e-retry-jxxdc2by/pi-web-e2e-subagents-SvxD6E/project?type=list 200 in 79ms (next.js: 67ms, proxy.ts: 9ms, application-code: 3ms)
 GET /api/file-index?cwd=%2Fhome%2Fxupeng%2F.cache%2Fpi-tmp%2F01a10f47-ae69-753b-a8de-d77bd690adfd%2Fask-user-full-e2e-retry-jxxdc2by%2Fpi-web-e2e-subagents-SvxD6E%2Fproject 200 in 21ms (next.js: 9ms, proxy.ts: 9ms, application-code: 2ms)
 GET /api/project-trust?cwd=%2Fhome%2Fxupeng%2F.cache%2Fpi-tmp%2F01a10f47-ae69-753b-a8de-d77bd690adfd%2Fask-user-full-e2e-retry-jxxdc2by%2Fpi-web-e2e-subagents-SvxD6E%2Fproject 200 in 26ms (next.js: 12ms, proxy.ts: 9ms, application-code: 5ms)
 GET /api/sessions?projectKey=%2Fhome%2Fxupeng%2F.cache%2Fpi-tmp%2F01a10f47-ae69-753b-a8de-d77bd690adfd%2Fask-user-full-e2e-retry-jxxdc2by%2Fpi-web-e2e-subagents-SvxD6E%2Fproject 200 in 35ms (next.js: 18ms, proxy.ts: 10ms, application-code: 7ms)
 GET /api/sessions/trellis-branches?deferThinking=1&deferMedia=1&tree=summary&force=1 200 in 61ms (next.js: 39ms, proxy.ts: 9ms, application-code: 13ms)
 GET /api/models?cwd=%2Fhome%2Fxupeng%2F.cache%2Fpi-tmp%2F01a10f47-ae69-753b-a8de-d77bd690adfd%2Fask-user-full-e2e-retry-jxxdc2by%2Fpi-web-e2e-subagents-SvxD6E%2Fproject 200 in 50ms (next.js: 22ms, proxy.ts: 19ms, application-code: 9ms)
 GET /api/sessions/trellis-branches?deferThinking=1&deferMedia=1&tree=summary&force=1 200 in 62ms (next.js: 46ms, proxy.ts: 9ms, application-code: 7ms)
 GET /api/sessions/trellis-branches/context?deferThinking=1&deferMedia=1&leafId=branch-y-live 200 in 17ms (next.js: 12ms, proxy.ts: 1.8ms, application-code: 3ms)
 GET /api/sessions/trellis-branches/context?deferThinking=1&deferMedia=1&leafId=branch-x-result 200 in 6ms (next.js: 2ms, proxy.ts: 2.0ms, application-code: 2ms)
 GET /api/sessions/trellis-branches/context?deferThinking=1&deferMedia=1&leafId=branch-x-result 200 in 6ms (next.js: 2ms, proxy.ts: 1.6ms, application-code: 1.9ms)
 GET /api/sessions/trellis-branches/context?deferThinking=1&deferMedia=1&leafId=branch-x-result 200 in 6ms (next.js: 3ms, proxy.ts: 1.7ms, application-code: 2ms)
 GET /api/sessions/trellis-branches/context?deferThinking=1&deferMedia=1&leafId=branch-y-live 200 in 6ms (next.js: 2ms, proxy.ts: 1.8ms, application-code: 1.8ms)
 GET /?session=trellis-branches 200 in 29ms (next.js: 2ms, proxy.ts: 1.7ms, application-code: 25ms)
 GET /api/projects 200 in 12ms (next.js: 5ms, proxy.ts: 5ms, application-code: 1.7ms)
 GET /api/open-in-explorer 200 in 15ms (next.js: 7ms, proxy.ts: 6ms, application-code: 1.9ms)
 GET /api/home 200 in 17ms (next.js: 10ms, proxy.ts: 6ms, application-code: 1.6ms)
 GET /api/open-in-explorer 200 in 23ms (next.js: 15ms, proxy.ts: 6ms, application-code: 1.5ms)
 GET /api/projects?force=1 200 in 28ms (next.js: 14ms, proxy.ts: 6ms, application-code: 8ms)
 GET /api/sessions?sessionId=trellis-branches 200 in 30ms (next.js: 12ms, proxy.ts: 6ms, application-code: 12ms)
 GET /api/agent/running 200 in 10ms (next.js: 3ms, proxy.ts: 6ms, application-code: 1.7ms)
 GET /api/home 200 in 12ms (next.js: 5ms, proxy.ts: 6ms, application-code: 1.6ms)
 GET /api/git/status?cwd=%2Fhome%2Fxupeng%2F.cache%2Fpi-tmp%2F01a10f47-ae69-753b-a8de-d77bd690adfd%2Fask-user-full-e2e-retry-jxxdc2by%2Fpi-web-e2e-subagents-SvxD6E%2Fproject 200 in 49ms (next.js: 16ms, proxy.ts: 6ms, application-code: 27ms)
 GET /api/worktrees?cwd=%2Fhome%2Fxupeng%2F.cache%2Fpi-tmp%2F01a10f47-ae69-753b-a8de-d77bd690adfd%2Fask-user-full-e2e-retry-jxxdc2by%2Fpi-web-e2e-subagents-SvxD6E%2Fproject 200 in 50ms (next.js: 6ms, proxy.ts: 5ms, application-code: 39ms)
 GET /api/sessions?projectKey=%2Fhome%2Fxupeng%2F.cache%2Fpi-tmp%2F01a10f47-ae69-753b-a8de-d77bd690adfd%2Fask-user-full-e2e-retry-jxxdc2by%2Fpi-web-e2e-subagents-SvxD6E%2Fproject 200 in 50ms (next.js: 26ms, proxy.ts: 6ms, application-code: 18ms)
 GET /api/git/status?cwd=%2Fhome%2Fxupeng%2F.cache%2Fpi-tmp%2F01a10f47-ae69-753b-a8de-d77bd690adfd%2Fask-user-full-e2e-retry-jxxdc2by%2Fpi-web-e2e-subagents-SvxD6E%2Fproject 200 in 50ms (next.js: 28ms, proxy.ts: 6ms, application-code: 16ms)
 GET /api/files/home/xupeng/.cache/pi-tmp/01a10f47-ae69-753b-a8de-d77bd690adfd/ask-user-full-e2e-retry-jxxdc2by/pi-web-e2e-subagents-SvxD6E/project?type=list 200 in 65ms (next.js: 57ms, proxy.ts: 6ms, application-code: 2ms)
 GET /api/files/home/xupeng/.cache/pi-tmp/01a10f47-ae69-753b-a8de-d77bd690adfd/ask-user-full-e2e-retry-jxxdc2by/pi-web-e2e-subagents-SvxD6E/project?type=list 200 in 69ms (next.js: 61ms, proxy.ts: 6ms, application-code: 2ms)
 GET /api/file-index?cwd=%2Fhome%2Fxupeng%2F.cache%2Fpi-tmp%2F01a10f47-ae69-753b-a8de-d77bd690adfd%2Fask-user-full-e2e-retry-jxxdc2by%2Fpi-web-e2e-subagents-SvxD6E%2Fproject 200 in 19ms (next.js: 7ms, proxy.ts: 10ms, application-code: 1.7ms)
 GET /api/project-trust?cwd=%2Fhome%2Fxupeng%2F.cache%2Fpi-tmp%2F01a10f47-ae69-753b-a8de-d77bd690adfd%2Fask-user-full-e2e-retry-jxxdc2by%2Fpi-web-e2e-subagents-SvxD6E%2Fproject 200 in 22ms (next.js: 11ms, proxy.ts: 7ms, application-code: 4ms)
 GET /api/sessions?projectKey=%2Fhome%2Fxupeng%2F.cache%2Fpi-tmp%2F01a10f47-ae69-753b-a8de-d77bd690adfd%2Fask-user-full-e2e-retry-jxxdc2by%2Fpi-web-e2e-subagents-SvxD6E%2Fproject 200 in 43ms (next.js: 32ms, proxy.ts: 7ms, application-code: 5ms)
 GET /api/sessions/trellis-branches?deferThinking=1&deferMedia=1&tree=summary&force=1 200 in 64ms (next.js: 48ms, proxy.ts: 7ms, application-code: 10ms)
 GET /api/sessions/trellis-branches?deferThinking=1&deferMedia=1&tree=summary&force=1 200 in 66ms (next.js: 52ms, proxy.ts: 8ms, application-code: 7ms)
 GET /api/models?cwd=%2Fhome%2Fxupeng%2F.cache%2Fpi-tmp%2F01a10f47-ae69-753b-a8de-d77bd690adfd%2Fask-user-full-e2e-retry-jxxdc2by%2Fpi-web-e2e-subagents-SvxD6E%2Fproject 200 in 33ms (next.js: 23ms, proxy.ts: 8ms, application-code: 3ms)
 GET /api/agent/running 200 in 6ms (next.js: 1.8ms, proxy.ts: 2ms, application-code: 2ms)
 GET /api/sessions?sessionId=trellis-branches 200 in 22ms (next.js: 3ms, proxy.ts: 3ms, application-code: 17ms)
 GET /api/sessions/trellis-branches?deferThinking=1&deferMedia=1&tree=summary 200 in 24ms (next.js: 16ms, proxy.ts: 2ms, application-code: 5ms)
 GET /api/git/status?cwd=%2Fhome%2Fxupeng%2F.cache%2Fpi-tmp%2F01a10f47-ae69-753b-a8de-d77bd690adfd%2Fask-user-full-e2e-retry-jxxdc2by%2Fpi-web-e2e-subagents-SvxD6E%2Fproject 200 in 21ms (next.js: 5ms, proxy.ts: 4ms, application-code: 11ms)
 GET /api/sessions?sessionId=trellis-branches 200 in 23ms (next.js: 4ms, proxy.ts: 4ms, application-code: 15ms)
 GET /api/files/home/xupeng/.cache/pi-tmp/01a10f47-ae69-753b-a8de-d77bd690adfd/ask-user-full-e2e-retry-jxxdc2by/pi-web-e2e-subagents-SvxD6E/project?type=list 200 in 35ms (next.js: 28ms, proxy.ts: 4ms, application-code: 2ms)
 GET /api/agent/running 200 in 7ms (next.js: 1.9ms, proxy.ts: 3ms, application-code: 2ms)
 GET /api/sessions/trellis-branches/context?deferThinking=1&deferMedia=1&leafId=branch-x-result 200 in 15ms (next.js: 11ms, proxy.ts: 1.5ms, application-code: 2ms)
 GET /api/sessions/trellis-branches/context?deferThinking=1&deferMedia=1&leafId=branch-x-result 200 in 10ms (next.js: 6ms, proxy.ts: 3ms, application-code: 1.8ms)
 GET /api/sessions?sessionId=trellis-branches 200 in 11ms (next.js: 2ms, proxy.ts: 3ms, application-code: 6ms)
 GET /api/sessions?sessionId=trellis-branches 200 in 6ms (next.js: 1.4ms, proxy.ts: 1.7ms, application-code: 3ms)
 GET /api/files/home/xupeng/.cache/pi-tmp/01a10f47-ae69-753b-a8de-d77bd690adfd/ask-user-full-e2e-retry-jxxdc2by/pi-web-e2e-subagents-SvxD6E/project?type=list 200 in 21ms (next.js: 16ms, proxy.ts: 3ms, application-code: 1.9ms)
 GET /api/git/status?cwd=%2Fhome%2Fxupeng%2F.cache%2Fpi-tmp%2F01a10f47-ae69-753b-a8de-d77bd690adfd%2Fask-user-full-e2e-retry-jxxdc2by%2Fpi-web-e2e-subagents-SvxD6E%2Fproject 200 in 21ms (next.js: 2.0ms, proxy.ts: 3ms, application-code: 17ms)
 GET /?session=trellis-mixed 200 in 34ms (next.js: 4ms, proxy.ts: 2ms, application-code: 28ms)
 GET /api/projects 200 in 13ms (next.js: 5ms, proxy.ts: 5ms, application-code: 1.9ms)
 GET /api/open-in-explorer 200 in 16ms (next.js: 8ms, proxy.ts: 5ms, application-code: 3ms)
 GET /api/home 200 in 23ms (next.js: 15ms, proxy.ts: 5ms, application-code: 3ms)
 GET /api/open-in-explorer 200 in 29ms (next.js: 21ms, proxy.ts: 6ms, application-code: 2ms)
 GET /api/agent/running 200 in 32ms (next.js: 11ms, proxy.ts: 6ms, application-code: 14ms)
 GET /api/projects?force=1 200 in 36ms (next.js: 19ms, proxy.ts: 6ms, application-code: 12ms)
 GET /api/agent/running 200 in 12ms (next.js: 4ms, proxy.ts: 6ms, application-code: 2ms)
 GET /api/home 200 in 11ms (next.js: 5ms, proxy.ts: 4ms, application-code: 1.5ms)
 GET /api/git/status?cwd=%2Fhome%2Fxupeng%2F.cache%2Fpi-tmp%2F01a10f47-ae69-753b-a8de-d77bd690adfd%2Fask-user-full-e2e-retry-jxxdc2by%2Fpi-web-e2e-subagents-SvxD6E%2Fproject 200 in 44ms (next.js: 16ms, proxy.ts: 5ms, application-code: 24ms)
 GET /api/worktrees?cwd=%2Fhome%2Fxupeng%2F.cache%2Fpi-tmp%2F01a10f47-ae69-753b-a8de-d77bd690adfd%2Fask-user-full-e2e-retry-jxxdc2by%2Fpi-web-e2e-subagents-SvxD6E%2Fproject 200 in 46ms (next.js: 5ms, proxy.ts: 5ms, application-code: 36ms)
 GET /api/git/status?cwd=%2Fhome%2Fxupeng%2F.cache%2Fpi-tmp%2F01a10f47-ae69-753b-a8de-d77bd690adfd%2Fask-user-full-e2e-retry-jxxdc2by%2Fpi-web-e2e-subagents-SvxD6E%2Fproject 200 in 47ms (next.js: 26ms, proxy.ts: 6ms, application-code: 15ms)
 GET /api/files/home/xupeng/.cache/pi-tmp/01a10f47-ae69-753b-a8de-d77bd690adfd/ask-user-full-e2e-retry-jxxdc2by/pi-web-e2e-subagents-SvxD6E/project?type=list 200 in 62ms (next.js: 54ms, proxy.ts: 5ms, application-code: 3ms)
 GET /api/files/home/xupeng/.cache/pi-tmp/01a10f47-ae69-753b-a8de-d77bd690adfd/ask-user-full-e2e-retry-jxxdc2by/pi-web-e2e-subagents-SvxD6E/project?type=list 200 in 67ms (next.js: 60ms, proxy.ts: 5ms, application-code: 1.8ms)
 GET /api/file-index?cwd=%2Fhome%2Fxupeng%2F.cache%2Fpi-tmp%2F01a10f47-ae69-753b-a8de-d77bd690adfd%2Fask-user-full-e2e-retry-jxxdc2by%2Fpi-web-e2e-subagents-SvxD6E%2Fproject 200 in 59ms (next.js: 10ms, proxy.ts: 21ms, application-code: 28ms)
 GET /api/project-trust?cwd=%2Fhome%2Fxupeng%2F.cache%2Fpi-tmp%2F01a10f47-ae69-753b-a8de-d77bd690adfd%2Fask-user-full-e2e-retry-jxxdc2by%2Fpi-web-e2e-subagents-SvxD6E%2Fproject 200 in 44ms (next.js: 32ms, proxy.ts: 9ms, application-code: 3ms)
 GET /api/app-update 200 in 65ms (next.js: 34ms, proxy.ts: 29ms, application-code: 2ms)
 GET /api/models?cwd=%2Fhome%2Fxupeng%2F.cache%2Fpi-tmp%2F01a10f47-ae69-753b-a8de-d77bd690adfd%2Fask-user-full-e2e-retry-jxxdc2by%2Fpi-web-e2e-subagents-SvxD6E%2Fproject 200 in 68ms (next.js: 36ms, proxy.ts: 29ms, application-code: 2ms)
 GET /api/git/status?cwd=%2Fhome%2Fxupeng%2F.cache%2Fpi-tmp%2F01a10f47-ae69-753b-a8de-d77bd690adfd%2Fask-user-full-e2e-retry-jxxdc2by%2Fpi-web-e2e-subagents-SvxD6E%2Fproject 200 in 78ms (next.js: 36ms, proxy.ts: 31ms, application-code: 12ms)
 GET /api/files/home/xupeng/.cache/pi-tmp/01a10f47-ae69-753b-a8de-d77bd690adfd/ask-user-full-e2e-retry-jxxdc2by/pi-web-e2e-subagents-SvxD6E/project?type=list 200 in 84ms (next.js: 52ms, proxy.ts: 30ms, application-code: 3ms)
 GET /api/sessions?sessionId=trellis-mixed 200 in 6ms (next.js: 1.5ms, proxy.ts: 1.7ms, application-code: 3ms)
 GET /api/models?cwd=%2Fhome%2Fxupeng%2F.cache%2Fpi-tmp%2F01a10f47-ae69-753b-a8de-d77bd690adfd%2Fask-user-full-e2e-retry-jxxdc2by%2Fpi-web-e2e-subagents-SvxD6E%2Fproject 200 in 7ms (next.js: 1.9ms, proxy.ts: 2ms, application-code: 3ms)
 GET /api/sessions?projectKey=%2Fhome%2Fxupeng%2F.cache%2Fpi-tmp%2F01a10f47-ae69-753b-a8de-d77bd690adfd%2Fask-user-full-e2e-retry-jxxdc2by%2Fpi-web-e2e-subagents-SvxD6E%2Fproject 200 in 8ms (next.js: 1.3ms, proxy.ts: 1.8ms, application-code: 4ms)
 GET /api/agent/running 200 in 5ms (next.js: 1.3ms, proxy.ts: 2ms, application-code: 1.6ms)
 GET /?session=trellis-records-a 200 in 32ms (next.js: 3ms, proxy.ts: 1.4ms, application-code: 27ms)
 GET /api/agent/trellis-mixed/events 200 in 644ms (next.js: 16ms, proxy.ts: 2ms, application-code: 626ms)
 GET /api/projects 200 in 13ms (next.js: 5ms, proxy.ts: 6ms, application-code: 1.8ms)
 GET /api/open-in-explorer 200 in 16ms (next.js: 8ms, proxy.ts: 6ms, application-code: 2ms)
 GET /api/home 200 in 20ms (next.js: 11ms, proxy.ts: 6ms, application-code: 2ms)
 GET /api/open-in-explorer 200 in 27ms (next.js: 18ms, proxy.ts: 7ms, application-code: 1.6ms)
 GET /api/projects?force=1 200 in 34ms (next.js: 16ms, proxy.ts: 7ms, application-code: 11ms)
 GET /api/sessions?sessionId=trellis-records-a 200 in 36ms (next.js: 15ms, proxy.ts: 7ms, application-code: 15ms)
 GET /api/agent/running 200 in 12ms (next.js: 3ms, proxy.ts: 7ms, application-code: 1.8ms)
 GET /api/home 200 in 15ms (next.js: 5ms, proxy.ts: 7ms, application-code: 3ms)
 GET /api/sessions?projectKey=%2Fhome%2Fxupeng%2F.cache%2Fpi-tmp%2F01a10f47-ae69-753b-a8de-d77bd690adfd%2Fask-user-full-e2e-retry-jxxdc2by%2Fpi-web-e2e-subagents-SvxD6E%2Fproject 200 in 48ms (next.js: 27ms, proxy.ts: 6ms, application-code: 15ms)
 GET /api/git/status?cwd=%2Fhome%2Fxupeng%2F.cache%2Fpi-tmp%2F01a10f47-ae69-753b-a8de-d77bd690adfd%2Fask-user-full-e2e-retry-jxxdc2by%2Fpi-web-e2e-subagents-SvxD6E%2Fproject 200 in 50ms (next.js: 17ms, proxy.ts: 6ms, application-code: 28ms)
 GET /api/worktrees?cwd=%2Fhome%2Fxupeng%2F.cache%2Fpi-tmp%2F01a10f47-ae69-753b-a8de-d77bd690adfd%2Fask-user-full-e2e-retry-jxxdc2by%2Fpi-web-e2e-subagents-SvxD6E%2Fproject 200 in 52ms (next.js: 6ms, proxy.ts: 6ms, application-code: 40ms)
 GET /api/git/status?cwd=%2Fhome%2Fxupeng%2F.cache%2Fpi-tmp%2F01a10f47-ae69-753b-a8de-d77bd690adfd%2Fask-user-full-e2e-retry-jxxdc2by%2Fpi-web-e2e-subagents-SvxD6E%2Fproject 200 in 50ms (next.js: 30ms, proxy.ts: 5ms, application-code: 15ms)
 GET /api/files/home/xupeng/.cache/pi-tmp/01a10f47-ae69-753b-a8de-d77bd690adfd/ask-user-full-e2e-retry-jxxdc2by/pi-web-e2e-subagents-SvxD6E/project?type=list 200 in 68ms (next.js: 59ms, proxy.ts: 6ms, application-code: 3ms)
 GET /api/files/home/xupeng/.cache/pi-tmp/01a10f47-ae69-753b-a8de-d77bd690adfd/ask-user-full-e2e-retry-jxxdc2by/pi-web-e2e-subagents-SvxD6E/project?type=list 200 in 69ms (next.js: 62ms, proxy.ts: 5ms, application-code: 1.8ms)
 GET /api/file-index?cwd=%2Fhome%2Fxupeng%2F.cache%2Fpi-tmp%2F01a10f47-ae69-753b-a8de-d77bd690adfd%2Fask-user-full-e2e-retry-jxxdc2by%2Fpi-web-e2e-subagents-SvxD6E%2Fproject 200 in 33ms (next.js: 9ms, proxy.ts: 21ms, application-code: 1.7ms)
 GET /api/project-trust?cwd=%2Fhome%2Fxupeng%2F.cache%2Fpi-tmp%2F01a10f47-ae69-753b-a8de-d77bd690adfd%2Fask-user-full-e2e-retry-jxxdc2by%2Fpi-web-e2e-subagents-SvxD6E%2Fproject 200 in 21ms (next.js: 11ms, proxy.ts: 7ms, application-code: 3ms)
 GET /api/sessions?projectKey=%2Fhome%2Fxupeng%2F.cache%2Fpi-tmp%2F01a10f47-ae69-753b-a8de-d77bd690adfd%2Fask-user-full-e2e-retry-jxxdc2by%2Fpi-web-e2e-subagents-SvxD6E%2Fproject 200 in 25ms (next.js: 12ms, proxy.ts: 7ms, application-code: 5ms)
 GET /api/models?cwd=%2Fhome%2Fxupeng%2F.cache%2Fpi-tmp%2F01a10f47-ae69-753b-a8de-d77bd690adfd%2Fask-user-full-e2e-retry-jxxdc2by%2Fpi-web-e2e-subagents-SvxD6E%2Fproject 200 in 23ms (next.js: 7ms, proxy.ts: 13ms, application-code: 3ms)
 GET /api/sessions/trellis-records-a?deferThinking=1&deferMedia=1&tree=summary&force=1 200 in 47ms (next.js: 32ms, proxy.ts: 7ms, application-code: 8ms)
 GET /api/sessions/trellis-records-a?deferThinking=1&deferMedia=1&tree=summary&force=1 200 in 46ms (next.js: 31ms, proxy.ts: 10ms, application-code: 5ms)
 GET /api/sessions/trellis-records-a/state 200 in 23ms (next.js: 16ms, proxy.ts: 4ms, application-code: 3ms)
 POST /api/agent/trellis-records-a 200 in 21ms (next.js: 15ms, proxy.ts: 2ms, application-code: 4ms)
 GET /?session=trellis-mixed 200 in 49ms (next.js: 3ms, proxy.ts: 2ms, application-code: 44ms)
 GET /api/agent/trellis-records-a/events 200 in 1103ms (next.js: 32ms, proxy.ts: 6ms, application-code: 1065ms)
 GET /api/projects 200 in 18ms (next.js: 8ms, proxy.ts: 8ms, application-code: 2ms)
 GET /api/open-in-explorer 200 in 21ms (next.js: 10ms, proxy.ts: 8ms, application-code: 2ms)
 GET /api/home 200 in 24ms (next.js: 13ms, proxy.ts: 9ms, application-code: 2ms)
 GET /api/open-in-explorer 200 in 32ms (next.js: 20ms, proxy.ts: 10ms, application-code: 2ms)
 GET /api/projects?force=1 200 in 39ms (next.js: 18ms, proxy.ts: 9ms, application-code: 11ms)
 GET /api/sessions?sessionId=trellis-mixed 200 in 41ms (next.js: 16ms, proxy.ts: 9ms, application-code: 16ms)
 GET /api/agent/running 200 in 12ms (next.js: 3ms, proxy.ts: 7ms, application-code: 2ms)
 GET /api/home 200 in 15ms (next.js: 5ms, proxy.ts: 7ms, application-code: 3ms)
 GET /api/worktrees?cwd=%2Fhome%2Fxupeng%2F.cache%2Fpi-tmp%2F01a10f47-ae69-753b-a8de-d77bd690adfd%2Fask-user-full-e2e-retry-jxxdc2by%2Fpi-web-e2e-subagents-SvxD6E%2Fproject 200 in 54ms (next.js: 5ms, proxy.ts: 6ms, application-code: 43ms)
 GET /api/sessions?projectKey=%2Fhome%2Fxupeng%2F.cache%2Fpi-tmp%2F01a10f47-ae69-753b-a8de-d77bd690adfd%2Fask-user-full-e2e-retry-jxxdc2by%2Fpi-web-e2e-subagents-SvxD6E%2Fproject 200 in 54ms (next.js: 28ms, proxy.ts: 6ms, application-code: 21ms)
 GET /api/git/status?cwd=%2Fhome%2Fxupeng%2F.cache%2Fpi-tmp%2F01a10f47-ae69-753b-a8de-d77bd690adfd%2Fask-user-full-e2e-retry-jxxdc2by%2Fpi-web-e2e-subagents-SvxD6E%2Fproject 200 in 55ms (next.js: 30ms, proxy.ts: 6ms, application-code: 18ms)
 GET /api/git/status?cwd=%2Fhome%2Fxupeng%2F.cache%2Fpi-tmp%2F01a10f47-ae69-753b-a8de-d77bd690adfd%2Fask-user-full-e2e-retry-jxxdc2by%2Fpi-web-e2e-subagents-SvxD6E%2Fproject 200 in 56ms (next.js: 16ms, proxy.ts: 6ms, application-code: 34ms)
 GET /api/files/home/xupeng/.cache/pi-tmp/01a10f47-ae69-753b-a8de-d77bd690adfd/ask-user-full-e2e-retry-jxxdc2by/pi-web-e2e-subagents-SvxD6E/project?type=list 200 in 74ms (next.js: 65ms, proxy.ts: 6ms, application-code: 3ms)
 GET /api/files/home/xupeng/.cache/pi-tmp/01a10f47-ae69-753b-a8de-d77bd690adfd/ask-user-full-e2e-retry-jxxdc2by/pi-web-e2e-subagents-SvxD6E/project?type=list 200 in 78ms (next.js: 70ms, proxy.ts: 6ms, application-code: 2ms)
 GET /api/file-index?cwd=%2Fhome%2Fxupeng%2F.cache%2Fpi-tmp%2F01a10f47-ae69-753b-a8de-d77bd690adfd%2Fask-user-full-e2e-retry-jxxdc2by%2Fpi-web-e2e-subagents-SvxD6E%2Fproject 200 in 26ms (next.js: 11ms, proxy.ts: 12ms, application-code: 3ms)
 GET /api/project-trust?cwd=%2Fhome%2Fxupeng%2F.cache%2Fpi-tmp%2F01a10f47-ae69-753b-a8de-d77bd690adfd%2Fask-user-full-e2e-retry-jxxdc2by%2Fpi-web-e2e-subagents-SvxD6E%2Fproject 200 in 28ms (next.js: 15ms, proxy.ts: 8ms, application-code: 4ms)
 GET /api/sessions?projectKey=%2Fhome%2Fxupeng%2F.cache%2Fpi-tmp%2F01a10f47-ae69-753b-a8de-d77bd690adfd%2Fask-user-full-e2e-retry-jxxdc2by%2Fpi-web-e2e-subagents-SvxD6E%2Fproject 200 in 33ms (next.js: 17ms, proxy.ts: 9ms, application-code: 7ms)
 GET /api/models?cwd=%2Fhome%2Fxupeng%2F.cache%2Fpi-tmp%2F01a10f47-ae69-753b-a8de-d77bd690adfd%2Fask-user-full-e2e-retry-jxxdc2by%2Fpi-web-e2e-subagents-SvxD6E%2Fproject 200 in 23ms (next.js: 4ms, proxy.ts: 16ms, application-code: 2ms)
 GET /api/sessions/trellis-mixed?deferThinking=1&deferMedia=1&tree=summary&force=1 200 in 48ms (next.js: 32ms, proxy.ts: 12ms, application-code: 4ms)
 GET /api/sessions/trellis-mixed?deferThinking=1&deferMedia=1&tree=summary&force=1 200 in 49ms (next.js: 30ms, proxy.ts: 16ms, application-code: 3ms)
 GET /api/sessions/trellis-mixed/state 200 in 18ms (next.js: 13ms, proxy.ts: 2ms, application-code: 3ms)
 POST /api/agent/trellis-mixed 200 in 21ms (next.js: 16ms, proxy.ts: 3ms, application-code: 3ms)
 GET /api/git/status?cwd=%2Fhome%2Fxupeng%2F.cache%2Fpi-tmp%2F01a10f47-ae69-753b-a8de-d77bd690adfd%2Fask-user-full-e2e-retry-jxxdc2by%2Fpi-web-e2e-subagents-SvxD6E%2Fproject 200 in 17ms (next.js: 2ms, proxy.ts: 3ms, application-code: 12ms)
 GET /api/files/home/xupeng/.cache/pi-tmp/01a10f47-ae69-753b-a8de-d77bd690adfd/ask-user-full-e2e-retry-jxxdc2by/pi-web-e2e-subagents-SvxD6E/project?type=list 200 in 21ms (next.js: 16ms, proxy.ts: 2ms, application-code: 3ms)
 GET /api/agent/trellis-mixed/events 200 in 785ms (next.js: 35ms, proxy.ts: 5ms, application-code: 745ms)
 GET /api/models?cwd=%2Fhome%2Fxupeng%2F.cache%2Fpi-tmp%2F01a10f47-ae69-753b-a8de-d77bd690adfd%2Fask-user-full-e2e-retry-jxxdc2by%2Fpi-web-e2e-subagents-SvxD6E%2Fproject 200 in 25ms (next.js: 8ms, proxy.ts: 10ms, application-code: 6ms)
 GET /api/sessions/trellis-built-in-child?deferThinking=1&deferMedia=1&tree=summary&force=1 200 in 61ms (next.js: 42ms, proxy.ts: 9ms, application-code: 10ms)
 GET /api/sessions/trellis-built-in-child?deferThinking=1&deferMedia=1&tree=summary&force=1 200 in 62ms (next.js: 46ms, proxy.ts: 10ms, application-code: 6ms)
 GET /?session=trellis-built-in-child 200 in 71ms (next.js: 14ms, proxy.ts: 11ms, application-code: 46ms)
 GET /api/sessions/trellis-built-in-child/state 200 in 9ms (next.js: 4ms, proxy.ts: 2ms, application-code: 3ms)
 POST /api/agent/trellis-built-in-child 200 in 11ms (next.js: 5ms, proxy.ts: 3ms, application-code: 3ms)
 GET /?session=trellis-mixed 200 in 51ms (next.js: 3ms, proxy.ts: 4ms, application-code: 44ms)
 GET /api/agent/trellis-built-in-child/events 200 in 156ms (next.js: 11ms, proxy.ts: 31ms, application-code: 114ms)
 GET /api/projects 200 in 12ms (next.js: 5ms, proxy.ts: 5ms, application-code: 1.7ms)
 GET /api/open-in-explorer 200 in 14ms (next.js: 7ms, proxy.ts: 5ms, application-code: 1.8ms)
 GET /api/home 200 in 17ms (next.js: 10ms, proxy.ts: 5ms, application-code: 2ms)
 GET /api/open-in-explorer 200 in 23ms (next.js: 16ms, proxy.ts: 6ms, application-code: 1.7ms)
 GET /api/projects?force=1 200 in 30ms (next.js: 14ms, proxy.ts: 6ms, application-code: 10ms)
 GET /api/sessions?sessionId=trellis-mixed 200 in 32ms (next.js: 13ms, proxy.ts: 5ms, application-code: 14ms)
 GET /api/agent/running 200 in 24ms (next.js: 3ms, proxy.ts: 19ms, application-code: 1.8ms)
 GET /api/home 200 in 26ms (next.js: 5ms, proxy.ts: 19ms, application-code: 1.9ms)
 GET /api/worktrees?cwd=%2Fhome%2Fxupeng%2F.cache%2Fpi-tmp%2F01a10f47-ae69-753b-a8de-d77bd690adfd%2Fask-user-full-e2e-retry-jxxdc2by%2Fpi-web-e2e-subagents-SvxD6E%2Fproject 200 in 65ms (next.js: 7ms, proxy.ts: 10ms, application-code: 49ms)
 GET /api/git/status?cwd=%2Fhome%2Fxupeng%2F.cache%2Fpi-tmp%2F01a10f47-ae69-753b-a8de-d77bd690adfd%2Fask-user-full-e2e-retry-jxxdc2by%2Fpi-web-e2e-subagents-SvxD6E%2Fproject 200 in 63ms (next.js: 21ms, proxy.ts: 7ms, application-code: 34ms)
 GET /api/sessions?projectKey=%2Fhome%2Fxupeng%2F.cache%2Fpi-tmp%2F01a10f47-ae69-753b-a8de-d77bd690adfd%2Fask-user-full-e2e-retry-jxxdc2by%2Fpi-web-e2e-subagents-SvxD6E%2Fproject 200 in 63ms (next.js: 35ms, proxy.ts: 7ms, application-code: 21ms)
 GET /api/git/status?cwd=%2Fhome%2Fxupeng%2F.cache%2Fpi-tmp%2F01a10f47-ae69-753b-a8de-d77bd690adfd%2Fask-user-full-e2e-retry-jxxdc2by%2Fpi-web-e2e-subagents-SvxD6E%2Fproject 200 in 63ms (next.js: 37ms, proxy.ts: 8ms, application-code: 18ms)
 GET /api/files/home/xupeng/.cache/pi-tmp/01a10f47-ae69-753b-a8de-d77bd690adfd/ask-user-full-e2e-retry-jxxdc2by/pi-web-e2e-subagents-SvxD6E/project?type=list 200 in 86ms (next.js: 74ms, proxy.ts: 10ms, application-code: 2ms)
 GET /api/files/home/xupeng/.cache/pi-tmp/01a10f47-ae69-753b-a8de-d77bd690adfd/ask-user-full-e2e-retry-jxxdc2by/pi-web-e2e-subagents-SvxD6E/project?type=list 200 in 85ms (next.js: 76ms, proxy.ts: 7ms, application-code: 2.0ms)
 GET /api/file-index?cwd=%2Fhome%2Fxupeng%2F.cache%2Fpi-tmp%2F01a10f47-ae69-753b-a8de-d77bd690adfd%2Fask-user-full-e2e-retry-jxxdc2by%2Fpi-web-e2e-subagents-SvxD6E%2Fproject 200 in 20ms (next.js: 8ms, proxy.ts: 10ms, application-code: 1.7ms)
 GET /api/project-trust?cwd=%2Fhome%2Fxupeng%2F.cache%2Fpi-tmp%2F01a10f47-ae69-753b-a8de-d77bd690adfd%2Fask-user-full-e2e-retry-jxxdc2by%2Fpi-web-e2e-subagents-SvxD6E%2Fproject 200 in 20ms (next.js: 10ms, proxy.ts: 8ms, application-code: 3ms)
 GET /api/sessions?projectKey=%2Fhome%2Fxupeng%2F.cache%2Fpi-tmp%2F01a10f47-ae69-753b-a8de-d77bd690adfd%2Fask-user-full-e2e-retry-jxxdc2by%2Fpi-web-e2e-subagents-SvxD6E%2Fproject 200 in 26ms (next.js: 12ms, proxy.ts: 8ms, application-code: 6ms)
 GET /api/models?cwd=%2Fhome%2Fxupeng%2F.cache%2Fpi-tmp%2F01a10f47-ae69-753b-a8de-d77bd690adfd%2Fask-user-full-e2e-retry-jxxdc2by%2Fpi-web-e2e-subagents-SvxD6E%2Fproject 200 in 23ms (next.js: 11ms, proxy.ts: 8ms, application-code: 4ms)
 GET /api/sessions/trellis-mixed?deferThinking=1&deferMedia=1&tree=summary&force=1 200 in 48ms (next.js: 33ms, proxy.ts: 7ms, application-code: 7ms)
 GET /api/sessions/trellis-mixed?deferThinking=1&deferMedia=1&tree=summary&force=1 200 in 47ms (next.js: 35ms, proxy.ts: 7ms, application-code: 4ms)
 GET /api/sessions/trellis-mixed/state 200 in 18ms (next.js: 13ms, proxy.ts: 2ms, application-code: 3ms)
 POST /api/agent/trellis-mixed 200 in 19ms (next.js: 14ms, proxy.ts: 2ms, application-code: 3ms)
 GET /api/git/status?cwd=%2Fhome%2Fxupeng%2F.cache%2Fpi-tmp%2F01a10f47-ae69-753b-a8de-d77bd690adfd%2Fask-user-full-e2e-retry-jxxdc2by%2Fpi-web-e2e-subagents-SvxD6E%2Fproject 200 in 19ms (next.js: 2.0ms, proxy.ts: 2ms, application-code: 15ms)
 GET /api/files/home/xupeng/.cache/pi-tmp/01a10f47-ae69-753b-a8de-d77bd690adfd/ask-user-full-e2e-retry-jxxdc2by/pi-web-e2e-subagents-SvxD6E/project?type=list 200 in 24ms (next.js: 19ms, proxy.ts: 2ms, application-code: 3ms)
 GET /?session=trellis-built-in-only 200 in 39ms (next.js: 3ms, proxy.ts: 1.9ms, application-code: 33ms)
 GET /api/agent/trellis-mixed/events 200 in 671ms (next.js: 14ms, proxy.ts: 23ms, application-code: 634ms)
 GET /api/projects 200 in 21ms (next.js: 9ms, proxy.ts: 10ms, application-code: 3ms)
 GET /api/open-in-explorer 200 in 24ms (next.js: 12ms, proxy.ts: 10ms, application-code: 2ms)
 GET /api/home 200 in 26ms (next.js: 14ms, proxy.ts: 9ms, application-code: 2ms)
 GET /api/open-in-explorer 200 in 34ms (next.js: 21ms, proxy.ts: 10ms, application-code: 3ms)
 GET /api/sessions?sessionId=trellis-built-in-only 200 in 43ms (next.js: 17ms, proxy.ts: 9ms, application-code: 17ms)
 GET /api/projects?force=1 200 in 46ms (next.js: 19ms, proxy.ts: 10ms, application-code: 17ms)
 GET /api/agent/running 200 in 17ms (next.js: 3ms, proxy.ts: 11ms, application-code: 3ms)
 GET /api/home 200 in 19ms (next.js: 6ms, proxy.ts: 11ms, application-code: 2ms)
 GET /api/worktrees?cwd=%2Fhome%2Fxupeng%2F.cache%2Fpi-tmp%2F01a10f47-ae69-753b-a8de-d77bd690adfd%2Fask-user-full-e2e-retry-jxxdc2by%2Fpi-web-e2e-subagents-SvxD6E%2Fproject 200 in 64ms (next.js: 8ms, proxy.ts: 7ms, application-code: 49ms)
 GET /api/sessions?projectKey=%2Fhome%2Fxupeng%2F.cache%2Fpi-tmp%2F01a10f47-ae69-753b-a8de-d77bd690adfd%2Fask-user-full-e2e-retry-jxxdc2by%2Fpi-web-e2e-subagents-SvxD6E%2Fproject 200 in 65ms (next.js: 34ms, proxy.ts: 9ms, application-code: 22ms)
 GET /api/git/status?cwd=%2Fhome%2Fxupeng%2F.cache%2Fpi-tmp%2F01a10f47-ae69-753b-a8de-d77bd690adfd%2Fask-user-full-e2e-retry-jxxdc2by%2Fpi-web-e2e-subagents-SvxD6E%2Fproject 200 in 67ms (next.js: 21ms, proxy.ts: 8ms, application-code: 38ms)
 GET /api/files/home/xupeng/.cache/pi-tmp/01a10f47-ae69-753b-a8de-d77bd690adfd/ask-user-full-e2e-retry-jxxdc2by/pi-web-e2e-subagents-SvxD6E/project?type=list 200 in 82ms (next.js: 71ms, proxy.ts: 8ms, application-code: 3ms)
 GET /api/git/status?cwd=%2Fhome%2Fxupeng%2F.cache%2Fpi-tmp%2F01a10f47-ae69-753b-a8de-d77bd690adfd%2Fask-user-full-e2e-retry-jxxdc2by%2Fpi-web-e2e-subagents-SvxD6E%2Fproject 200 in 82ms (next.js: 38ms, proxy.ts: 8ms, application-code: 35ms)
 GET /api/files/home/xupeng/.cache/pi-tmp/01a10f47-ae69-753b-a8de-d77bd690adfd/ask-user-full-e2e-retry-jxxdc2by/pi-web-e2e-subagents-SvxD6E/project?type=list 200 in 88ms (next.js: 77ms, proxy.ts: 8ms, application-code: 2.0ms)
 GET /api/file-index?cwd=%2Fhome%2Fxupeng%2F.cache%2Fpi-tmp%2F01a10f47-ae69-753b-a8de-d77bd690adfd%2Fask-user-full-e2e-retry-jxxdc2by%2Fpi-web-e2e-subagents-SvxD6E%2Fproject 200 in 24ms (next.js: 9ms, proxy.ts: 12ms, application-code: 1.9ms)
 GET /api/project-trust?cwd=%2Fhome%2Fxupeng%2F.cache%2Fpi-tmp%2F01a10f47-ae69-753b-a8de-d77bd690adfd%2Fask-user-full-e2e-retry-jxxdc2by%2Fpi-web-e2e-subagents-SvxD6E%2Fproject 200 in 23ms (next.js: 11ms, proxy.ts: 9ms, application-code: 3ms)
 GET /api/sessions?projectKey=%2Fhome%2Fxupeng%2F.cache%2Fpi-tmp%2F01a10f47-ae69-753b-a8de-d77bd690adfd%2Fask-user-full-e2e-retry-jxxdc2by%2Fpi-web-e2e-subagents-SvxD6E%2Fproject 200 in 43ms (next.js: 15ms, proxy.ts: 9ms, application-code: 19ms)
 GET /api/models?cwd=%2Fhome%2Fxupeng%2F.cache%2Fpi-tmp%2F01a10f47-ae69-753b-a8de-d77bd690adfd%2Fask-user-full-e2e-retry-jxxdc2by%2Fpi-web-e2e-subagents-SvxD6E%2Fproject 200 in 50ms (next.js: 5ms, proxy.ts: 29ms, application-code: 16ms)
 GET /api/sessions/trellis-built-in-only?deferThinking=1&deferMedia=1&tree=summary&force=1 200 in 66ms (next.js: 46ms, proxy.ts: 9ms, application-code: 10ms)
 GET /api/sessions/trellis-built-in-only?deferThinking=1&deferMedia=1&tree=summary&force=1 200 in 67ms (next.js: 51ms, proxy.ts: 10ms, application-code: 5ms)
 GET /api/sessions/trellis-built-in-only/state 200 in 19ms (next.js: 14ms, proxy.ts: 2ms, application-code: 2ms)
 POST /api/agent/trellis-built-in-only 200 in 19ms (next.js: 13ms, proxy.ts: 2ms, application-code: 4ms)
 GET /?session=trellis-empty 200 in 35ms (next.js: 3ms, proxy.ts: 1.8ms, application-code: 30ms)
 GET /api/agent/trellis-built-in-only/events 200 in 598ms (next.js: 21ms, proxy.ts: 19ms, application-code: 558ms)
 GET /api/projects 200 in 21ms (next.js: 9ms, proxy.ts: 9ms, application-code: 3ms)
 GET /api/open-in-explorer 200 in 24ms (next.js: 12ms, proxy.ts: 10ms, application-code: 2ms)
 GET /api/home 200 in 27ms (next.js: 15ms, proxy.ts: 10ms, application-code: 2ms)
 GET /api/open-in-explorer 200 in 36ms (next.js: 23ms, proxy.ts: 10ms, application-code: 3ms)
 GET /api/projects?force=1 200 in 44ms (next.js: 20ms, proxy.ts: 10ms, application-code: 14ms)
 GET /api/sessions?sessionId=trellis-empty 200 in 47ms (next.js: 18ms, proxy.ts: 10ms, application-code: 19ms)
 GET /api/agent/running 200 in 12ms (next.js: 2ms, proxy.ts: 8ms, application-code: 2ms)
 GET /api/home 200 in 15ms (next.js: 5ms, proxy.ts: 8ms, application-code: 2.0ms)
 GET /api/worktrees?cwd=%2Fhome%2Fxupeng%2F.cache%2Fpi-tmp%2F01a10f47-ae69-753b-a8de-d77bd690adfd%2Fask-user-full-e2e-retry-jxxdc2by%2Fpi-web-e2e-subagents-SvxD6E%2Fproject 200 in 73ms (next.js: 10ms, proxy.ts: 10ms, application-code: 54ms)
 GET /api/sessions?projectKey=%2Fhome%2Fxupeng%2F.cache%2Fpi-tmp%2F01a10f47-ae69-753b-a8de-d77bd690adfd%2Fask-user-full-e2e-retry-jxxdc2by%2Fpi-web-e2e-subagents-SvxD6E%2Fproject 200 in 69ms (next.js: 38ms, proxy.ts: 9ms, application-code: 22ms)
 GET /api/git/status?cwd=%2Fhome%2Fxupeng%2F.cache%2Fpi-tmp%2F01a10f47-ae69-753b-a8de-d77bd690adfd%2Fask-user-full-e2e-retry-jxxdc2by%2Fpi-web-e2e-subagents-SvxD6E%2Fproject 200 in 71ms (next.js: 23ms, proxy.ts: 9ms, application-code: 39ms)
 GET /api/git/status?cwd=%2Fhome%2Fxupeng%2F.cache%2Fpi-tmp%2F01a10f47-ae69-753b-a8de-d77bd690adfd%2Fask-user-full-e2e-retry-jxxdc2by%2Fpi-web-e2e-subagents-SvxD6E%2Fproject 200 in 73ms (next.js: 43ms, proxy.ts: 10ms, application-code: 20ms)
 GET /api/files/home/xupeng/.cache/pi-tmp/01a10f47-ae69-753b-a8de-d77bd690adfd/ask-user-full-e2e-retry-jxxdc2by/pi-web-e2e-subagents-SvxD6E/project?type=list 200 in 94ms (next.js: 83ms, proxy.ts: 9ms, application-code: 3ms)
 GET /api/files/home/xupeng/.cache/pi-tmp/01a10f47-ae69-753b-a8de-d77bd690adfd/ask-user-full-e2e-retry-jxxdc2by/pi-web-e2e-subagents-SvxD6E/project?type=list 200 in 95ms (next.js: 84ms, proxy.ts: 9ms, application-code: 2.0ms)
 GET /api/project-trust?cwd=%2Fhome%2Fxupeng%2F.cache%2Fpi-tmp%2F01a10f47-ae69-753b-a8de-d77bd690adfd%2Fask-user-full-e2e-retry-jxxdc2by%2Fpi-web-e2e-subagents-SvxD6E%2Fproject 200 in 66ms (next.js: 34ms, proxy.ts: 28ms, application-code: 3ms)
 GET /api/file-index?cwd=%2Fhome%2Fxupeng%2F.cache%2Fpi-tmp%2F01a10f47-ae69-753b-a8de-d77bd690adfd%2Fask-user-full-e2e-retry-jxxdc2by%2Fpi-web-e2e-subagents-SvxD6E%2Fproject 200 in 73ms (next.js: 9ms, proxy.ts: 28ms, application-code: 36ms)
 GET /api/sessions?projectKey=%2Fhome%2Fxupeng%2F.cache%2Fpi-tmp%2F01a10f47-ae69-753b-a8de-d77bd690adfd%2Fask-user-full-e2e-retry-jxxdc2by%2Fpi-web-e2e-subagents-SvxD6E%2Fproject 200 in 57ms (next.js: 41ms, proxy.ts: 9ms, application-code: 7ms)
 GET /api/sessions/trellis-empty?deferThinking=1&deferMedia=1&tree=summary&force=1 200 in 85ms (next.js: 66ms, proxy.ts: 10ms, application-code: 10ms)
 GET /api/sessions/trellis-empty?deferThinking=1&deferMedia=1&tree=summary&force=1 200 in 96ms (next.js: 41ms, proxy.ts: 39ms, application-code: 17ms)
 GET /api/models?cwd=%2Fhome%2Fxupeng%2F.cache%2Fpi-tmp%2F01a10f47-ae69-753b-a8de-d77bd690adfd%2Fask-user-full-e2e-retry-jxxdc2by%2Fpi-web-e2e-subagents-SvxD6E%2Fproject 200 in 110ms (next.js: 26ms, proxy.ts: 11ms, application-code: 72ms)
 GET /api/sessions/trellis-empty/state 200 in 17ms (next.js: 13ms, proxy.ts: 2ms, application-code: 2ms)
 POST /api/agent/trellis-empty 200 in 21ms (next.js: 13ms, proxy.ts: 3ms, application-code: 4ms)
 GET /?session=trellis-branches 200 in 31ms (next.js: 3ms, proxy.ts: 1.9ms, application-code: 27ms)
 GET /api/agent/trellis-empty/events 200 in 359ms (next.js: 75ms, proxy.ts: 11ms, application-code: 273ms)
 GET /api/projects 200 in 22ms (next.js: 9ms, proxy.ts: 10ms, application-code: 3ms)
 GET /api/open-in-explorer 200 in 28ms (next.js: 14ms, proxy.ts: 11ms, application-code: 3ms)
 GET /api/home 200 in 31ms (next.js: 18ms, proxy.ts: 11ms, application-code: 2ms)
 GET /api/open-in-explorer 200 in 40ms (next.js: 25ms, proxy.ts: 12ms, application-code: 2ms)
 GET /api/projects?force=1 200 in 48ms (next.js: 20ms, proxy.ts: 11ms, application-code: 17ms)
 GET /api/sessions?sessionId=trellis-branches 200 in 51ms (next.js: 22ms, proxy.ts: 13ms, application-code: 16ms)
 GET /api/agent/running 200 in 13ms (next.js: 3ms, proxy.ts: 8ms, application-code: 2ms)
 GET /api/home 200 in 16ms (next.js: 6ms, proxy.ts: 8ms, application-code: 2ms)
 GET /api/sessions?projectKey=%2Fhome%2Fxupeng%2F.cache%2Fpi-tmp%2F01a10f47-ae69-753b-a8de-d77bd690adfd%2Fask-user-full-e2e-retry-jxxdc2by%2Fpi-web-e2e-subagents-SvxD6E%2Fproject 200 in 80ms (next.js: 48ms, proxy.ts: 11ms, application-code: 21ms)
 GET /api/git/status?cwd=%2Fhome%2Fxupeng%2F.cache%2Fpi-tmp%2F01a10f47-ae69-753b-a8de-d77bd690adfd%2Fask-user-full-e2e-retry-jxxdc2by%2Fpi-web-e2e-subagents-SvxD6E%2Fproject 200 in 80ms (next.js: 50ms, proxy.ts: 12ms, application-code: 18ms)
 GET /api/git/status?cwd=%2Fhome%2Fxupeng%2F.cache%2Fpi-tmp%2F01a10f47-ae69-753b-a8de-d77bd690adfd%2Fask-user-full-e2e-retry-jxxdc2by%2Fpi-web-e2e-subagents-SvxD6E%2Fproject 200 in 85ms (next.js: 29ms, proxy.ts: 11ms, application-code: 45ms)
 GET /api/worktrees?cwd=%2Fhome%2Fxupeng%2F.cache%2Fpi-tmp%2F01a10f47-ae69-753b-a8de-d77bd690adfd%2Fask-user-full-e2e-retry-jxxdc2by%2Fpi-web-e2e-subagents-SvxD6E%2Fproject 200 in 88ms (next.js: 11ms, proxy.ts: 9ms, application-code: 68ms)
 GET /api/files/home/xupeng/.cache/pi-tmp/01a10f47-ae69-753b-a8de-d77bd690adfd/ask-user-full-e2e-retry-jxxdc2by/pi-web-e2e-subagents-SvxD6E/project?type=list 200 in 106ms (next.js: 92ms, proxy.ts: 10ms, application-code: 4ms)
 GET /api/files/home/xupeng/.cache/pi-tmp/01a10f47-ae69-753b-a8de-d77bd690adfd/ask-user-full-e2e-retry-jxxdc2by/pi-web-e2e-subagents-SvxD6E/project?type=list 200 in 112ms (next.js: 97ms, proxy.ts: 12ms, application-code: 3ms)
 GET /api/file-index?cwd=%2Fhome%2Fxupeng%2F.cache%2Fpi-tmp%2F01a10f47-ae69-753b-a8de-d77bd690adfd%2Fask-user-full-e2e-retry-jxxdc2by%2Fpi-web-e2e-subagents-SvxD6E%2Fproject 200 in 20ms (next.js: 8ms, proxy.ts: 9ms, application-code: 3ms)
 GET /api/project-trust?cwd=%2Fhome%2Fxupeng%2F.cache%2Fpi-tmp%2F01a10f47-ae69-753b-a8de-d77bd690adfd%2Fask-user-full-e2e-retry-jxxdc2by%2Fpi-web-e2e-subagents-SvxD6E%2Fproject 200 in 24ms (next.js: 12ms, proxy.ts: 9ms, application-code: 3ms)
 GET /api/sessions?projectKey=%2Fhome%2Fxupeng%2F.cache%2Fpi-tmp%2F01a10f47-ae69-753b-a8de-d77bd690adfd%2Fask-user-full-e2e-retry-jxxdc2by%2Fpi-web-e2e-subagents-SvxD6E%2Fproject 200 in 34ms (next.js: 18ms, proxy.ts: 9ms, application-code: 7ms)
 GET /api/sessions/trellis-branches?deferThinking=1&deferMedia=1&tree=summary&force=1 200 in 42ms (next.js: 28ms, proxy.ts: 9ms, application-code: 5ms)
 GET /api/models?cwd=%2Fhome%2Fxupeng%2F.cache%2Fpi-tmp%2F01a10f47-ae69-753b-a8de-d77bd690adfd%2Fask-user-full-e2e-retry-jxxdc2by%2Fpi-web-e2e-subagents-SvxD6E%2Fproject 200 in 27ms (next.js: 9ms, proxy.ts: 11ms, application-code: 8ms)
 GET /api/sessions/trellis-branches?deferThinking=1&deferMedia=1&tree=summary&force=1 200 in 48ms (next.js: 34ms, proxy.ts: 8ms, application-code: 6ms)
 GET /api/git/status?cwd=%2Fhome%2Fxupeng%2F.cache%2Fpi-tmp%2F01a10f47-ae69-753b-a8de-d77bd690adfd%2Fask-user-full-e2e-retry-jxxdc2by%2Fpi-web-e2e-subagents-SvxD6E%2Fproject 200 in 18ms (next.js: 1.6ms, proxy.ts: 2ms, application-code: 14ms)
 GET /api/files/home/xupeng/.cache/pi-tmp/01a10f47-ae69-753b-a8de-d77bd690adfd/ask-user-full-e2e-retry-jxxdc2by/pi-web-e2e-subagents-SvxD6E/project?type=list 200 in 22ms (next.js: 17ms, proxy.ts: 2ms, application-code: 3ms)
 GET /api/sessions/trellis-branches/context?deferThinking=1&deferMedia=1&leafId=branch-x-result 200 in 17ms (next.js: 12ms, proxy.ts: 1.6ms, application-code: 3ms)
[?25h
