▲ Next.js 16.3.6 (Turbopack)
- Local:         http://127.0.0.1:41721
- Network:       http://127.0.0.1:41721
✓ Ready in 280ms
✓ Running next.config.ts took 28ms
- Experiments (use with caution):
  · proxyClientMaxBodySize: "128mb"

 GET /api/sessions 200 in 1449ms (next.js: 313ms, proxy.ts: 143ms, application-code: 993ms)
 GET /api/sessions/e2e-long-session?deferThinking=1&deferMedia=1 200 in 1576ms (next.js: 1539ms, proxy.ts: 3ms, application-code: 34ms)
 GET /api/sessions/e2e-long-session/context?tail=50 200 in 1399ms (next.js: 1388ms, proxy.ts: 2ms, application-code: 9ms)
 GET /api/sessions/e2e-branch-session/context?leafId=old 200 in 22ms (next.js: 15ms, proxy.ts: 3ms, application-code: 3ms)
 GET /api/sessions/e2e-branch-session/context?before=old&tail=1 200 in 8ms (next.js: 3ms, proxy.ts: 2ms, application-code: 2ms)
 GET /api/sessions/e2e-branch-session/context?before=root 200 in 8ms (next.js: 2ms, proxy.ts: 3ms, application-code: 3ms)
 GET /api/sessions/e2e-does-not-exist 404 in 13ms (next.js: 7ms, proxy.ts: 3ms, application-code: 3ms)
 GET /api/files/..%2F..%2Fetc%2Fpasswd?type=read 403 in 1453ms (next.js: 1446ms, proxy.ts: 2ms, application-code: 5ms)
 GET /api/sessions/e2e-compacted-session 200 in 16ms (next.js: 8ms, proxy.ts: 2ms, application-code: 6ms)
[pi-web] session_start dispatched to extensions for session e2e-external-append-session
 POST /api/agent/e2e-external-append-session 200 in 1684ms (next.js: 1396ms, proxy.ts: 4ms, application-code: 284ms)
 GET /api/sessions/e2e-external-append-session 200 in 14ms (next.js: 8ms, proxy.ts: 2ms, application-code: 4ms)
 GET /api/sessions/e2e-external-append-session 200 in 8ms (next.js: 3ms, proxy.ts: 2.0ms, application-code: 3ms)
 GET /api/sessions/e2e-external-append-session?force=1 200 in 9ms (next.js: 2ms, proxy.ts: 1.8ms, application-code: 5ms)
 GET /api/sessions/e2e-external-append-session 200 in 8ms (next.js: 3ms, proxy.ts: 1.8ms, application-code: 3ms)
 GET /api/sessions/e2e-external-append-session/context?tail=1 200 in 16ms (next.js: 10ms, proxy.ts: 3ms, application-code: 3ms)
○ Compiling / ...
 GET /?session=e2e-long-session 200 in 5.0s (next.js: 4.4s, proxy.ts: 3ms, application-code: 593ms)
 GET /api/sessions/e2e-long-session/state 200 in 1437ms (next.js: 1430ms, proxy.ts: 2ms, application-code: 4ms)
 GET /?session=e2e-mcp-codemode 200 in 34ms (next.js: 3ms, proxy.ts: 2ms, application-code: 29ms)
 GET /api/sessions?sessionId=e2e-mcp-codemode 200 in 18ms (next.js: 5ms, proxy.ts: 8ms, application-code: 5ms)
 GET /api/home 200 in 104ms (next.js: 94ms, proxy.ts: 7ms, application-code: 3ms)
 GET /api/open-in-explorer 200 in 194ms (next.js: 184ms, proxy.ts: 6ms, application-code: 4ms)
 GET /api/agent/running 200 in 222ms (next.js: 218ms, proxy.ts: 3ms, application-code: 1.6ms)
 GET /api/projects 200 in 263ms (next.js: 238ms, proxy.ts: 5ms, application-code: 21ms)
 GET /api/home 200 in 17ms (next.js: 10ms, proxy.ts: 5ms, application-code: 2ms)
 GET /api/projects?force=1 200 in 260ms (next.js: 232ms, proxy.ts: 5ms, application-code: 23ms)
 GET /api/files/home/xupeng/.cache/pi-tmp/01a10f47-ae69-753b-a8de-d77bd690adfd/ask-user-full-e2e-qlwaxoau/pi-web-e2e-XtiDMR/project?type=list 200 in 102ms (next.js: 54ms, proxy.ts: 5ms, application-code: 42ms)
 GET /api/sessions?projectKey=%2Fhome%2Fxupeng%2F.cache%2Fpi-tmp%2F01a10f47-ae69-753b-a8de-d77bd690adfd%2Fask-user-full-e2e-qlwaxoau%2Fpi-web-e2e-XtiDMR%2Fproject 200 in 100ms (next.js: 81ms, proxy.ts: 10ms, application-code: 8ms)
 GET /api/worktrees?cwd=%2Fhome%2Fxupeng%2F.cache%2Fpi-tmp%2F01a10f47-ae69-753b-a8de-d77bd690adfd%2Fask-user-full-e2e-qlwaxoau%2Fpi-web-e2e-XtiDMR%2Fproject 200 in 424ms (next.js: 246ms, proxy.ts: 5ms, application-code: 173ms)
 GET /api/git/status?cwd=%2Fhome%2Fxupeng%2F.cache%2Fpi-tmp%2F01a10f47-ae69-753b-a8de-d77bd690adfd%2Fask-user-full-e2e-qlwaxoau%2Fpi-web-e2e-XtiDMR%2Fproject 200 in 423ms (next.js: 166ms, proxy.ts: 8ms, application-code: 250ms)
 GET /api/file-index?cwd=%2Fhome%2Fxupeng%2F.cache%2Fpi-tmp%2F01a10f47-ae69-753b-a8de-d77bd690adfd%2Fask-user-full-e2e-qlwaxoau%2Fpi-web-e2e-XtiDMR%2Fproject 200 in 403ms (next.js: 222ms, proxy.ts: 83ms, application-code: 98ms)
 GET /api/sessions/e2e-mcp-codemode?deferThinking=1&deferMedia=1&tree=summary&force=1 200 in 405ms (next.js: 313ms, proxy.ts: 82ms, application-code: 10ms)
 GET /api/open-in-explorer 200 in 17ms (next.js: 7ms, proxy.ts: 7ms, application-code: 2ms)
 GET /api/sessions?projectKey=%2Fhome%2Fxupeng%2F.cache%2Fpi-tmp%2F01a10f47-ae69-753b-a8de-d77bd690adfd%2Fask-user-full-e2e-qlwaxoau%2Fpi-web-e2e-XtiDMR%2Fproject 200 in 24ms (next.js: 9ms, proxy.ts: 8ms, application-code: 7ms)
 GET /api/files/home/xupeng/.cache/pi-tmp/01a10f47-ae69-753b-a8de-d77bd690adfd/ask-user-full-e2e-qlwaxoau/pi-web-e2e-XtiDMR/project?type=list 200 in 79ms (next.js: 20ms, proxy.ts: 9ms, application-code: 50ms)
 GET /api/git/status?cwd=%2Fhome%2Fxupeng%2F.cache%2Fpi-tmp%2F01a10f47-ae69-753b-a8de-d77bd690adfd%2Fask-user-full-e2e-qlwaxoau%2Fpi-web-e2e-XtiDMR%2Fproject 200 in 111ms (next.js: 9ms, proxy.ts: 53ms, application-code: 50ms)
 GET /api/project-trust?cwd=%2Fhome%2Fxupeng%2F.cache%2Fpi-tmp%2F01a10f47-ae69-753b-a8de-d77bd690adfd%2Fask-user-full-e2e-qlwaxoau%2Fpi-web-e2e-XtiDMR%2Fproject 200 in 577ms (next.js: 547ms, proxy.ts: 19ms, application-code: 12ms)
 GET /api/sessions/e2e-mcp-codemode?deferThinking=1&deferMedia=1&tree=summary&force=1 200 in 334ms (next.js: 302ms, proxy.ts: 9ms, application-code: 23ms)
 GET /api/models?cwd=%2Fhome%2Fxupeng%2F.cache%2Fpi-tmp%2F01a10f47-ae69-753b-a8de-d77bd690adfd%2Fask-user-full-e2e-qlwaxoau%2Fpi-web-e2e-XtiDMR%2Fproject 200 in 717ms (next.js: 185ms, proxy.ts: 296ms, application-code: 236ms)
 GET /api/files/home/xupeng/.cache/pi-tmp/01a10f47-ae69-753b-a8de-d77bd690adfd/ask-user-full-e2e-qlwaxoau/pi-web-e2e-XtiDMR/project?type=list 200 in 359ms (next.js: 155ms, proxy.ts: 129ms, application-code: 75ms)
 GET /api/git/status?cwd=%2Fhome%2Fxupeng%2F.cache%2Fpi-tmp%2F01a10f47-ae69-753b-a8de-d77bd690adfd%2Fask-user-full-e2e-qlwaxoau%2Fpi-web-e2e-XtiDMR%2Fproject 200 in 111ms (next.js: 41ms, proxy.ts: 29ms, application-code: 41ms)
 GET /api/sessions/e2e-mcp-codemode/state 200 in 83ms (next.js: 38ms, proxy.ts: 42ms, application-code: 3ms)
 GET /?session=e2e-extension-queues 200 in 38ms (next.js: 6ms, proxy.ts: 2ms, application-code: 30ms)
 GET /api/agent/e2e-mcp-codemode/events 200 in 1481ms (proxy.ts: 7ms)
 GET /api/projects 200 in 17ms (next.js: 8ms, proxy.ts: 8ms, application-code: 1.9ms)
 GET /api/open-in-explorer 200 in 19ms (next.js: 9ms, proxy.ts: 8ms, application-code: 1.9ms)
 GET /api/home 200 in 21ms (next.js: 11ms, proxy.ts: 9ms, application-code: 1.8ms)
 GET /api/open-in-explorer 200 in 27ms (next.js: 16ms, proxy.ts: 9ms, application-code: 1.5ms)
 GET /api/projects?force=1 200 in 33ms (next.js: 15ms, proxy.ts: 9ms, application-code: 9ms)
 GET /api/sessions?sessionId=e2e-extension-queues 200 in 36ms (next.js: 13ms, proxy.ts: 9ms, application-code: 14ms)
 GET /api/agent/running 200 in 20ms (next.js: 3ms, proxy.ts: 15ms, application-code: 1.7ms)
 GET /api/home 200 in 22ms (next.js: 4ms, proxy.ts: 16ms, application-code: 1.8ms)
 GET /api/worktrees?cwd=%2Fhome%2Fxupeng%2F.cache%2Fpi-tmp%2F01a10f47-ae69-753b-a8de-d77bd690adfd%2Fask-user-full-e2e-qlwaxoau%2Fpi-web-e2e-XtiDMR%2Fproject 200 in 115ms (next.js: 7ms, proxy.ts: 5ms, application-code: 103ms)
 GET /api/sessions?projectKey=%2Fhome%2Fxupeng%2F.cache%2Fpi-tmp%2F01a10f47-ae69-753b-a8de-d77bd690adfd%2Fask-user-full-e2e-qlwaxoau%2Fpi-web-e2e-XtiDMR%2Fproject 200 in 115ms (next.js: 71ms, proxy.ts: 6ms, application-code: 38ms)
 GET /api/git/status?cwd=%2Fhome%2Fxupeng%2F.cache%2Fpi-tmp%2F01a10f47-ae69-753b-a8de-d77bd690adfd%2Fask-user-full-e2e-qlwaxoau%2Fpi-web-e2e-XtiDMR%2Fproject 200 in 116ms (next.js: 73ms, proxy.ts: 7ms, application-code: 36ms)
 GET /api/git/status?cwd=%2Fhome%2Fxupeng%2F.cache%2Fpi-tmp%2F01a10f47-ae69-753b-a8de-d77bd690adfd%2Fask-user-full-e2e-qlwaxoau%2Fpi-web-e2e-XtiDMR%2Fproject 200 in 117ms (next.js: 40ms, proxy.ts: 6ms, application-code: 71ms)
 GET /api/files/home/xupeng/.cache/pi-tmp/01a10f47-ae69-753b-a8de-d77bd690adfd/ask-user-full-e2e-qlwaxoau/pi-web-e2e-XtiDMR/project?type=list 200 in 219ms (next.js: 144ms, proxy.ts: 6ms, application-code: 70ms)
 GET /api/files/home/xupeng/.cache/pi-tmp/01a10f47-ae69-753b-a8de-d77bd690adfd/ask-user-full-e2e-qlwaxoau/pi-web-e2e-XtiDMR/project?type=list 200 in 220ms (next.js: 177ms, proxy.ts: 7ms, application-code: 37ms)
 GET /api/file-index?cwd=%2Fhome%2Fxupeng%2F.cache%2Fpi-tmp%2F01a10f47-ae69-753b-a8de-d77bd690adfd%2Fask-user-full-e2e-qlwaxoau%2Fpi-web-e2e-XtiDMR%2Fproject 200 in 51ms (next.js: 9ms, proxy.ts: 40ms, application-code: 2ms)
 GET /api/project-trust?cwd=%2Fhome%2Fxupeng%2F.cache%2Fpi-tmp%2F01a10f47-ae69-753b-a8de-d77bd690adfd%2Fask-user-full-e2e-qlwaxoau%2Fpi-web-e2e-XtiDMR%2Fproject 200 in 55ms (next.js: 11ms, proxy.ts: 40ms, application-code: 3ms)
 GET /api/sessions?projectKey=%2Fhome%2Fxupeng%2F.cache%2Fpi-tmp%2F01a10f47-ae69-753b-a8de-d77bd690adfd%2Fask-user-full-e2e-qlwaxoau%2Fpi-web-e2e-XtiDMR%2Fproject 200 in 29ms (next.js: 15ms, proxy.ts: 8ms, application-code: 6ms)
 GET /api/models?cwd=%2Fhome%2Fxupeng%2F.cache%2Fpi-tmp%2F01a10f47-ae69-753b-a8de-d77bd690adfd%2Fask-user-full-e2e-qlwaxoau%2Fpi-web-e2e-XtiDMR%2Fproject 200 in 16ms (next.js: 4ms, proxy.ts: 10ms, application-code: 3ms)
 GET /api/sessions/e2e-extension-queues?deferThinking=1&deferMedia=1&tree=summary&force=1 200 in 69ms (next.js: 47ms, proxy.ts: 14ms, application-code: 8ms)
 GET /api/sessions/e2e-extension-queues?deferThinking=1&deferMedia=1&tree=summary&force=1 200 in 67ms (next.js: 47ms, proxy.ts: 16ms, application-code: 4ms)
 GET /api/agent/running 200 in 13ms (next.js: 3ms, proxy.ts: 3ms, application-code: 7ms)
 GET /api/agent/running 200 in 11ms (next.js: 4ms, proxy.ts: 2ms, application-code: 5ms)
 GET /?session=e2e-mcp-codemode 200 in 50ms (next.js: 18ms, proxy.ts: 2ms, application-code: 29ms)
 GET /api/projects 200 in 20ms (next.js: 10ms, proxy.ts: 7ms, application-code: 3ms)
 GET /api/open-in-explorer 200 in 22ms (next.js: 12ms, proxy.ts: 8ms, application-code: 2ms)
 GET /api/agent/running 200 in 28ms (next.js: 17ms, proxy.ts: 9ms, application-code: 3ms)
 GET /api/home 200 in 32ms (next.js: 20ms, proxy.ts: 10ms, application-code: 2ms)
 GET /api/sessions?sessionId=e2e-mcp-codemode 200 in 48ms (next.js: 16ms, proxy.ts: 16ms, application-code: 16ms)
 GET /api/agent/running 200 in 33ms (next.js: 14ms, proxy.ts: 16ms, application-code: 2ms)
 GET /api/projects?force=1 200 in 49ms (next.js: 18ms, proxy.ts: 14ms, application-code: 17ms)
 GET /api/open-in-explorer 200 in 31ms (next.js: 14ms, proxy.ts: 15ms, application-code: 2.0ms)
 GET /api/home 200 in 20ms (next.js: 1.5ms, proxy.ts: 17ms, application-code: 1.8ms)
 GET /api/worktrees?cwd=%2Fhome%2Fxupeng%2F.cache%2Fpi-tmp%2F01a10f47-ae69-753b-a8de-d77bd690adfd%2Fask-user-full-e2e-qlwaxoau%2Fpi-web-e2e-XtiDMR%2Fproject 200 in 32ms (next.js: 5ms, proxy.ts: 4ms, application-code: 23ms)
 GET /api/git/status?cwd=%2Fhome%2Fxupeng%2F.cache%2Fpi-tmp%2F01a10f47-ae69-753b-a8de-d77bd690adfd%2Fask-user-full-e2e-qlwaxoau%2Fpi-web-e2e-XtiDMR%2Fproject 200 in 109ms (next.js: 26ms, proxy.ts: 5ms, application-code: 77ms)
 GET /api/sessions?projectKey=%2Fhome%2Fxupeng%2F.cache%2Fpi-tmp%2F01a10f47-ae69-753b-a8de-d77bd690adfd%2Fask-user-full-e2e-qlwaxoau%2Fpi-web-e2e-XtiDMR%2Fproject 200 in 109ms (next.js: 26ms, proxy.ts: 26ms, application-code: 58ms)
 GET /api/files/home/xupeng/.cache/pi-tmp/01a10f47-ae69-753b-a8de-d77bd690adfd/ask-user-full-e2e-qlwaxoau/pi-web-e2e-XtiDMR/project?type=list 200 in 118ms (next.js: 80ms, proxy.ts: 5ms, application-code: 34ms)
 GET /api/file-index?cwd=%2Fhome%2Fxupeng%2F.cache%2Fpi-tmp%2F01a10f47-ae69-753b-a8de-d77bd690adfd%2Fask-user-full-e2e-qlwaxoau%2Fpi-web-e2e-XtiDMR%2Fproject 200 in 23ms (next.js: 9ms, proxy.ts: 11ms, application-code: 2ms)
 GET /api/project-trust?cwd=%2Fhome%2Fxupeng%2F.cache%2Fpi-tmp%2F01a10f47-ae69-753b-a8de-d77bd690adfd%2Fask-user-full-e2e-qlwaxoau%2Fpi-web-e2e-XtiDMR%2Fproject 200 in 25ms (next.js: 12ms, proxy.ts: 9ms, application-code: 4ms)
 GET /api/models?cwd=%2Fhome%2Fxupeng%2F.cache%2Fpi-tmp%2F01a10f47-ae69-753b-a8de-d77bd690adfd%2Fask-user-full-e2e-qlwaxoau%2Fpi-web-e2e-XtiDMR%2Fproject 200 in 53ms (next.js: 40ms, proxy.ts: 9ms, application-code: 5ms)
 GET /api/git/status?cwd=%2Fhome%2Fxupeng%2F.cache%2Fpi-tmp%2F01a10f47-ae69-753b-a8de-d77bd690adfd%2Fask-user-full-e2e-qlwaxoau%2Fpi-web-e2e-XtiDMR%2Fproject 200 in 59ms (next.js: 15ms, proxy.ts: 9ms, application-code: 35ms)
 GET /api/files/home/xupeng/.cache/pi-tmp/01a10f47-ae69-753b-a8de-d77bd690adfd/ask-user-full-e2e-qlwaxoau/pi-web-e2e-XtiDMR/project?type=list 200 in 94ms (next.js: 51ms, proxy.ts: 12ms, application-code: 31ms)
 GET /api/sessions?projectKey=%2Fhome%2Fxupeng%2F.cache%2Fpi-tmp%2F01a10f47-ae69-753b-a8de-d77bd690adfd%2Fask-user-full-e2e-qlwaxoau%2Fpi-web-e2e-XtiDMR%2Fproject 200 in 46ms (next.js: 29ms, proxy.ts: 8ms, application-code: 8ms)
 GET /api/sessions/e2e-mcp-codemode?deferThinking=1&deferMedia=1&tree=summary&force=1 200 in 83ms (next.js: 66ms, proxy.ts: 9ms, application-code: 8ms)
 GET /api/models?cwd=%2Fhome%2Fxupeng%2F.cache%2Fpi-tmp%2F01a10f47-ae69-753b-a8de-d77bd690adfd%2Fask-user-full-e2e-qlwaxoau%2Fpi-web-e2e-XtiDMR%2Fproject 200 in 46ms (next.js: 35ms, proxy.ts: 7ms, application-code: 4ms)
[pi-web] session_start dispatched to extensions for session e2e-mcp-codemode
 GET /api/sessions/e2e-mcp-codemode?deferThinking=1&deferMedia=1&tree=summary&force=1 200 in 169ms (next.js: 156ms, proxy.ts: 5ms, application-code: 7ms)
 GET /api/git/status?cwd=%2Fhome%2Fxupeng%2F.cache%2Fpi-tmp%2F01a10f47-ae69-753b-a8de-d77bd690adfd%2Fask-user-full-e2e-qlwaxoau%2Fpi-web-e2e-XtiDMR%2Fproject 200 in 94ms (next.js: 4ms, proxy.ts: 22ms, application-code: 69ms)
 GET /api/files/home/xupeng/.cache/pi-tmp/01a10f47-ae69-753b-a8de-d77bd690adfd/ask-user-full-e2e-qlwaxoau/pi-web-e2e-XtiDMR/project?type=list 200 in 97ms (next.js: 45ms, proxy.ts: 21ms, application-code: 31ms)
 GET /api/sessions/e2e-mcp-codemode/state 200 in 68ms (next.js: 25ms, proxy.ts: 34ms, application-code: 9ms)
 POST /api/agent/e2e-mcp-codemode 200 in 46ms (next.js: 36ms, proxy.ts: 5ms, application-code: 5ms)
 GET /api/sessions/e2e-mcp-codemode 200 in 13ms (next.js: 4ms, proxy.ts: 4ms, application-code: 5ms)
 GET /api/sessions/e2e-mcp-codemode 200 in 11ms (next.js: 4ms, proxy.ts: 3ms, application-code: 4ms)
 GET /?session=e2e-mcp-codemode 200 in 45ms (next.js: 4ms, proxy.ts: 2ms, application-code: 39ms)
 GET /api/agent/e2e-mcp-codemode/events 200 in 918ms (next.js: 39ms, proxy.ts: 34ms, application-code: 845ms)
 GET /api/projects 200 in 24ms (next.js: 11ms, proxy.ts: 10ms, application-code: 3ms)
 GET /api/open-in-explorer 200 in 27ms (next.js: 14ms, proxy.ts: 11ms, application-code: 3ms)
 GET /api/home 200 in 31ms (next.js: 17ms, proxy.ts: 11ms, application-code: 3ms)
 GET /api/open-in-explorer 200 in 40ms (next.js: 24ms, proxy.ts: 13ms, application-code: 3ms)
 GET /api/sessions?sessionId=e2e-mcp-codemode 200 in 50ms (next.js: 20ms, proxy.ts: 12ms, application-code: 18ms)
 GET /api/projects?force=1 200 in 55ms (next.js: 22ms, proxy.ts: 12ms, application-code: 21ms)
 GET /api/agent/running 200 in 16ms (next.js: 6ms, proxy.ts: 8ms, application-code: 3ms)
 GET /api/home 200 in 18ms (next.js: 8ms, proxy.ts: 7ms, application-code: 2ms)
 GET /api/worktrees?cwd=%2Fhome%2Fxupeng%2F.cache%2Fpi-tmp%2F01a10f47-ae69-753b-a8de-d77bd690adfd%2Fask-user-full-e2e-qlwaxoau%2Fpi-web-e2e-XtiDMR%2Fproject 200 in 130ms (next.js: 11ms, proxy.ts: 8ms, application-code: 111ms)
 GET /api/sessions?projectKey=%2Fhome%2Fxupeng%2F.cache%2Fpi-tmp%2F01a10f47-ae69-753b-a8de-d77bd690adfd%2Fask-user-full-e2e-qlwaxoau%2Fpi-web-e2e-XtiDMR%2Fproject 200 in 130ms (next.js: 73ms, proxy.ts: 10ms, application-code: 47ms)
 GET /api/git/status?cwd=%2Fhome%2Fxupeng%2F.cache%2Fpi-tmp%2F01a10f47-ae69-753b-a8de-d77bd690adfd%2Fask-user-full-e2e-qlwaxoau%2Fpi-web-e2e-XtiDMR%2Fproject 200 in 131ms (next.js: 75ms, proxy.ts: 11ms, application-code: 45ms)
 GET /api/git/status?cwd=%2Fhome%2Fxupeng%2F.cache%2Fpi-tmp%2F01a10f47-ae69-753b-a8de-d77bd690adfd%2Fask-user-full-e2e-qlwaxoau%2Fpi-web-e2e-XtiDMR%2Fproject 200 in 133ms (next.js: 44ms, proxy.ts: 9ms, application-code: 81ms)
 GET /api/files/home/xupeng/.cache/pi-tmp/01a10f47-ae69-753b-a8de-d77bd690adfd/ask-user-full-e2e-qlwaxoau/pi-web-e2e-XtiDMR/project?type=list 200 in 219ms (next.js: 155ms, proxy.ts: 9ms, application-code: 55ms)
 GET /api/files/home/xupeng/.cache/pi-tmp/01a10f47-ae69-753b-a8de-d77bd690adfd/ask-user-full-e2e-qlwaxoau/pi-web-e2e-XtiDMR/project?type=list 200 in 219ms (next.js: 179ms, proxy.ts: 10ms, application-code: 30ms)
 GET /api/project-trust?cwd=%2Fhome%2Fxupeng%2F.cache%2Fpi-tmp%2F01a10f47-ae69-753b-a8de-d77bd690adfd%2Fask-user-full-e2e-qlwaxoau%2Fpi-web-e2e-XtiDMR%2Fproject 200 in 66ms (next.js: 55ms, proxy.ts: 8ms, application-code: 4ms)
 GET /api/file-index?cwd=%2Fhome%2Fxupeng%2F.cache%2Fpi-tmp%2F01a10f47-ae69-753b-a8de-d77bd690adfd%2Fask-user-full-e2e-qlwaxoau%2Fpi-web-e2e-XtiDMR%2Fproject 200 in 102ms (next.js: 10ms, proxy.ts: 33ms, application-code: 60ms)
 GET /api/sessions?projectKey=%2Fhome%2Fxupeng%2F.cache%2Fpi-tmp%2F01a10f47-ae69-753b-a8de-d77bd690adfd%2Fask-user-full-e2e-qlwaxoau%2Fpi-web-e2e-XtiDMR%2Fproject 200 in 75ms (next.js: 59ms, proxy.ts: 8ms, application-code: 8ms)
 GET /api/models?cwd=%2Fhome%2Fxupeng%2F.cache%2Fpi-tmp%2F01a10f47-ae69-753b-a8de-d77bd690adfd%2Fask-user-full-e2e-qlwaxoau%2Fpi-web-e2e-XtiDMR%2Fproject 200 in 70ms (next.js: 7ms, proxy.ts: 60ms, application-code: 3ms)
 GET /api/sessions/e2e-mcp-codemode?deferThinking=1&deferMedia=1&tree=summary&force=1 200 in 108ms (next.js: 40ms, proxy.ts: 61ms, application-code: 7ms)
 GET /api/sessions/e2e-mcp-codemode?deferThinking=1&deferMedia=1&tree=summary&force=1 200 in 107ms (next.js: 43ms, proxy.ts: 60ms, application-code: 5ms)
 GET /api/sessions/e2e-mcp-codemode/state 200 in 38ms (next.js: 32ms, proxy.ts: 3ms, application-code: 3ms)
 POST /api/agent/e2e-mcp-codemode 200 in 35ms (next.js: 29ms, proxy.ts: 3ms, application-code: 3ms)
 GET /api/sessions/e2e-mcp-codemode 200 in 11ms (next.js: 4ms, proxy.ts: 3ms, application-code: 4ms)
 POST /api/agent/e2e-mcp-codemode 200 in 11ms (next.js: 3ms, proxy.ts: 4ms, application-code: 4ms)
 GET /api/sessions/e2e-mcp-codemode?deferThinking=1&deferMedia=1&tree=summary 200 in 11ms (next.js: 4ms, proxy.ts: 3ms, application-code: 3ms)
 GET /api/sessions/e2e-mcp-codemode 200 in 9ms (next.js: 3ms, proxy.ts: 3ms, application-code: 3ms)
 POST /api/agent/e2e-mcp-codemode 200 in 12ms (next.js: 4ms, proxy.ts: 3ms, application-code: 5ms)
 GET /?session=e2e-long-session 200 in 42ms (next.js: 4ms, proxy.ts: 2.0ms, application-code: 36ms)
 GET /api/agent/e2e-mcp-codemode/events 200 in 1123ms (next.js: 61ms, proxy.ts: 8ms, application-code: 1054ms)
 GET /api/projects 200 in 20ms (next.js: 10ms, proxy.ts: 6ms, application-code: 3ms)
 GET /api/open-in-explorer 200 in 24ms (next.js: 14ms, proxy.ts: 8ms, application-code: 2ms)
 GET /api/agent/running 200 in 30ms (next.js: 17ms, proxy.ts: 10ms, application-code: 3ms)
 GET /api/home 200 in 35ms (next.js: 17ms, proxy.ts: 15ms, application-code: 3ms)
 GET /api/agent/running 200 in 39ms (next.js: 16ms, proxy.ts: 20ms, application-code: 3ms)
 GET /api/projects?force=1 200 in 57ms (next.js: 16ms, proxy.ts: 18ms, application-code: 23ms)
 GET /api/open-in-explorer 200 in 43ms (next.js: 25ms, proxy.ts: 15ms, application-code: 3ms)
 GET /api/home 200 in 53ms (next.js: 29ms, proxy.ts: 21ms, application-code: 3ms)
 GET /api/sessions?sessionId=e2e-long-session 200 in 159ms (next.js: 18ms, proxy.ts: 18ms, application-code: 123ms)
 GET /api/worktrees?cwd=%2Fhome%2Fxupeng%2F.cache%2Fpi-tmp%2F01a10f47-ae69-753b-a8de-d77bd690adfd%2Fask-user-full-e2e-qlwaxoau%2Fpi-web-e2e-XtiDMR%2Fproject 200 in 108ms (next.js: 16ms, proxy.ts: 24ms, application-code: 68ms)
 GET /api/sessions?projectKey=%2Fhome%2Fxupeng%2F.cache%2Fpi-tmp%2F01a10f47-ae69-753b-a8de-d77bd690adfd%2Fask-user-full-e2e-qlwaxoau%2Fpi-web-e2e-XtiDMR%2Fproject 200 in 97ms (next.js: 72ms, proxy.ts: 16ms, application-code: 8ms)
 GET /api/git/status?cwd=%2Fhome%2Fxupeng%2F.cache%2Fpi-tmp%2F01a10f47-ae69-753b-a8de-d77bd690adfd%2Fask-user-full-e2e-qlwaxoau%2Fpi-web-e2e-XtiDMR%2Fproject 200 in 117ms (next.js: 46ms, proxy.ts: 20ms, application-code: 51ms)
 GET /api/files/home/xupeng/.cache/pi-tmp/01a10f47-ae69-753b-a8de-d77bd690adfd/ask-user-full-e2e-qlwaxoau/pi-web-e2e-XtiDMR/project?type=list 200 in 186ms (next.js: 128ms, proxy.ts: 19ms, application-code: 39ms)
 GET /api/file-index?cwd=%2Fhome%2Fxupeng%2F.cache%2Fpi-tmp%2F01a10f47-ae69-753b-a8de-d77bd690adfd%2Fask-user-full-e2e-qlwaxoau%2Fpi-web-e2e-XtiDMR%2Fproject 200 in 86ms (next.js: 16ms, proxy.ts: 68ms, application-code: 3ms)
 GET /api/project-trust?cwd=%2Fhome%2Fxupeng%2F.cache%2Fpi-tmp%2F01a10f47-ae69-753b-a8de-d77bd690adfd%2Fask-user-full-e2e-qlwaxoau%2Fpi-web-e2e-XtiDMR%2Fproject 200 in 34ms (next.js: 16ms, proxy.ts: 14ms, application-code: 4ms)
 GET /api/sessions?projectKey=%2Fhome%2Fxupeng%2F.cache%2Fpi-tmp%2F01a10f47-ae69-753b-a8de-d77bd690adfd%2Fask-user-full-e2e-qlwaxoau%2Fpi-web-e2e-XtiDMR%2Fproject 200 in 66ms (next.js: 20ms, proxy.ts: 12ms, application-code: 35ms)
 GET /api/git/status?cwd=%2Fhome%2Fxupeng%2F.cache%2Fpi-tmp%2F01a10f47-ae69-753b-a8de-d77bd690adfd%2Fask-user-full-e2e-qlwaxoau%2Fpi-web-e2e-XtiDMR%2Fproject 200 in 68ms (next.js: 20ms, proxy.ts: 13ms, application-code: 35ms)
 GET /api/sessions/e2e-long-session?deferThinking=1&deferMedia=1&tree=summary&force=1 200 in 160ms (next.js: 88ms, proxy.ts: 12ms, application-code: 60ms)
 GET /api/models?cwd=%2Fhome%2Fxupeng%2F.cache%2Fpi-tmp%2F01a10f47-ae69-753b-a8de-d77bd690adfd%2Fask-user-full-e2e-qlwaxoau%2Fpi-web-e2e-XtiDMR%2Fproject 200 in 132ms (next.js: 85ms, proxy.ts: 41ms, application-code: 6ms)
[pi-web] session_start dispatched to extensions for session e2e-long-session
 GET /api/files/home/xupeng/.cache/pi-tmp/01a10f47-ae69-753b-a8de-d77bd690adfd/ask-user-full-e2e-qlwaxoau/pi-web-e2e-XtiDMR/project?type=list 200 in 234ms (next.js: 131ms, proxy.ts: 37ms, application-code: 66ms)
 GET /api/git/status?cwd=%2Fhome%2Fxupeng%2F.cache%2Fpi-tmp%2F01a10f47-ae69-753b-a8de-d77bd690adfd%2Fask-user-full-e2e-qlwaxoau%2Fpi-web-e2e-XtiDMR%2Fproject 200 in 154ms (next.js: 66ms, proxy.ts: 60ms, application-code: 28ms)
 GET /api/sessions/e2e-long-session?deferThinking=1&deferMedia=1&tree=summary&force=1 200 in 112ms (next.js: 43ms, proxy.ts: 57ms, application-code: 13ms)
 GET /api/files/home/xupeng/.cache/pi-tmp/01a10f47-ae69-753b-a8de-d77bd690adfd/ask-user-full-e2e-qlwaxoau/pi-web-e2e-XtiDMR/project?type=list 200 in 44ms (next.js: 4ms, proxy.ts: 15ms, application-code: 26ms)
 GET /api/sessions/e2e-long-session/state 200 in 30ms (next.js: 24ms, proxy.ts: 1.9ms, application-code: 3ms)
 POST /api/agent/e2e-long-session 200 in 48ms (next.js: 27ms, proxy.ts: 17ms, application-code: 4ms)
 GET /api/sessions/e2e-long-session/context?deferThinking=1&deferMedia=1&leafId=a1a51dc2&before=e4950 200 in 47ms (next.js: 35ms, proxy.ts: 4ms, application-code: 7ms)
 GET /api/sessions/e2e-long-session/context?deferThinking=1&deferMedia=1&leafId=a1a51dc2&before=e4900 200 in 14ms (next.js: 4ms, proxy.ts: 3ms, application-code: 7ms)
 GET /api/sessions/e2e-long-session/context?deferThinking=1&deferMedia=1&leafId=a1a51dc2&before=e4850 200 in 8ms (next.js: 3ms, proxy.ts: 1.8ms, application-code: 4ms)
 GET /api/sessions/e2e-long-session/context?deferThinking=1&deferMedia=1&leafId=a1a51dc2&before=e4800 200 in 9ms (next.js: 3ms, proxy.ts: 2ms, application-code: 4ms)
 GET /api/agent/running 200 in 6ms (next.js: 1.5ms, proxy.ts: 2ms, application-code: 1.9ms)
 GET /?session=e2e-typography-session 200 in 31ms (next.js: 3ms, proxy.ts: 2ms, application-code: 25ms)
 GET /api/agent/e2e-long-session/events 200 in 3.0s (next.js: 117ms, proxy.ts: 19ms, application-code: 2.9s)
 GET /api/projects 200 in 15ms (next.js: 9ms, proxy.ts: 4ms, application-code: 1.8ms)
 GET /api/open-in-explorer 200 in 18ms (next.js: 9ms, proxy.ts: 7ms, application-code: 1.7ms)
 GET /api/agent/running 200 in 22ms (next.js: 11ms, proxy.ts: 7ms, application-code: 3ms)
 GET /api/home 200 in 24ms (next.js: 15ms, proxy.ts: 7ms, application-code: 1.8ms)
 GET /api/sessions?sessionId=e2e-typography-session 200 in 37ms (next.js: 15ms, proxy.ts: 10ms, application-code: 12ms)
 GET /api/agent/running 200 in 21ms (next.js: 8ms, proxy.ts: 12ms, application-code: 1.9ms)
 GET /api/open-in-explorer 200 in 16ms (next.js: 8ms, proxy.ts: 7ms, application-code: 1.6ms)
 GET /api/home 200 in 19ms (next.js: 8ms, proxy.ts: 9ms, application-code: 1.9ms)
 GET /api/projects?force=1 200 in 143ms (next.js: 13ms, proxy.ts: 15ms, application-code: 116ms)
 GET /api/sessions?projectKey=%2Fhome%2Fxupeng%2F.cache%2Fpi-tmp%2F01a10f47-ae69-753b-a8de-d77bd690adfd%2Fask-user-full-e2e-qlwaxoau%2Fpi-web-e2e-XtiDMR%2Fproject 200 in 81ms (next.js: 12ms, proxy.ts: 10ms, application-code: 59ms)
 GET /api/worktrees?cwd=%2Fhome%2Fxupeng%2F.cache%2Fpi-tmp%2F01a10f47-ae69-753b-a8de-d77bd690adfd%2Fask-user-full-e2e-qlwaxoau%2Fpi-web-e2e-XtiDMR%2Fproject 200 in 145ms (next.js: 12ms, proxy.ts: 18ms, application-code: 114ms)
 GET /api/git/status?cwd=%2Fhome%2Fxupeng%2F.cache%2Fpi-tmp%2F01a10f47-ae69-753b-a8de-d77bd690adfd%2Fask-user-full-e2e-qlwaxoau%2Fpi-web-e2e-XtiDMR%2Fproject 200 in 144ms (next.js: 12ms, proxy.ts: 18ms, application-code: 114ms)
 GET /api/files/home/xupeng/.cache/pi-tmp/01a10f47-ae69-753b-a8de-d77bd690adfd/ask-user-full-e2e-qlwaxoau/pi-web-e2e-XtiDMR/project?type=list 200 in 151ms (next.js: 99ms, proxy.ts: 18ms, application-code: 33ms)
 GET /api/project-trust?cwd=%2Fhome%2Fxupeng%2F.cache%2Fpi-tmp%2F01a10f47-ae69-753b-a8de-d77bd690adfd%2Fask-user-full-e2e-qlwaxoau%2Fpi-web-e2e-XtiDMR%2Fproject 200 in 72ms (next.js: 9ms, proxy.ts: 59ms, application-code: 5ms)
 GET /api/file-index?cwd=%2Fhome%2Fxupeng%2F.cache%2Fpi-tmp%2F01a10f47-ae69-753b-a8de-d77bd690adfd%2Fask-user-full-e2e-qlwaxoau%2Fpi-web-e2e-XtiDMR%2Fproject 200 in 24ms (next.js: 14ms, proxy.ts: 9ms, application-code: 2.0ms)
 GET /api/git/status?cwd=%2Fhome%2Fxupeng%2F.cache%2Fpi-tmp%2F01a10f47-ae69-753b-a8de-d77bd690adfd%2Fask-user-full-e2e-qlwaxoau%2Fpi-web-e2e-XtiDMR%2Fproject 200 in 77ms (next.js: 11ms, proxy.ts: 18ms, application-code: 48ms)
 GET /api/models?cwd=%2Fhome%2Fxupeng%2F.cache%2Fpi-tmp%2F01a10f47-ae69-753b-a8de-d77bd690adfd%2Fask-user-full-e2e-qlwaxoau%2Fpi-web-e2e-XtiDMR%2Fproject 200 in 105ms (next.js: 91ms, proxy.ts: 8ms, application-code: 6ms)
 GET /api/sessions/e2e-typography-session?deferThinking=1&deferMedia=1&tree=summary&force=1 200 in 128ms (next.js: 99ms, proxy.ts: 16ms, application-code: 14ms)
 GET /api/sessions?projectKey=%2Fhome%2Fxupeng%2F.cache%2Fpi-tmp%2F01a10f47-ae69-753b-a8de-d77bd690adfd%2Fask-user-full-e2e-qlwaxoau%2Fpi-web-e2e-XtiDMR%2Fproject 200 in 116ms (next.js: 55ms, proxy.ts: 51ms, application-code: 10ms)
 GET /api/files/home/xupeng/.cache/pi-tmp/01a10f47-ae69-753b-a8de-d77bd690adfd/ask-user-full-e2e-qlwaxoau/pi-web-e2e-XtiDMR/project?type=list 200 in 297ms (next.js: 201ms, proxy.ts: 50ms, application-code: 47ms)
[pi-web] session_start dispatched to extensions for session e2e-typography-session
 GET /api/git/status?cwd=%2Fhome%2Fxupeng%2F.cache%2Fpi-tmp%2F01a10f47-ae69-753b-a8de-d77bd690adfd%2Fask-user-full-e2e-qlwaxoau%2Fpi-web-e2e-XtiDMR%2Fproject 200 in 240ms (next.js: 40ms, proxy.ts: 165ms, application-code: 36ms)
 GET /api/sessions/e2e-typography-session?deferThinking=1&deferMedia=1&tree=summary&force=1 200 in 246ms (next.js: 66ms, proxy.ts: 176ms, application-code: 4ms)
 GET /api/files/home/xupeng/.cache/pi-tmp/01a10f47-ae69-753b-a8de-d77bd690adfd/ask-user-full-e2e-qlwaxoau/pi-web-e2e-XtiDMR/project?type=list 200 in 38ms (next.js: 7ms, proxy.ts: 4ms, application-code: 26ms)
 GET /api/sessions/e2e-typography-session/state 200 in 38ms (next.js: 31ms, proxy.ts: 4ms, application-code: 3ms)
 POST /api/agent/e2e-typography-session 200 in 45ms (next.js: 37ms, proxy.ts: 3ms, application-code: 5ms)
 GET /api/agent/running 200 in 5ms (next.js: 1.5ms, proxy.ts: 1.8ms, application-code: 1.9ms)
 GET /?session=e2e-branch-session 200 in 29ms (next.js: 3ms, proxy.ts: 1.7ms, application-code: 25ms)
 GET /api/agent/e2e-typography-session/events 200 in 2.7s (next.js: 140ms, proxy.ts: 8ms, application-code: 2.6s)
 GET /api/projects 200 in 12ms (next.js: 6ms, proxy.ts: 4ms, application-code: 1.7ms)
 GET /api/open-in-explorer 200 in 15ms (next.js: 9ms, proxy.ts: 5ms, application-code: 1.5ms)
 GET /api/agent/running 200 in 17ms (next.js: 9ms, proxy.ts: 6ms, application-code: 2ms)
 GET /api/home 200 in 21ms (next.js: 10ms, proxy.ts: 8ms, application-code: 2ms)
 GET /api/sessions?sessionId=e2e-branch-session 200 in 33ms (next.js: 13ms, proxy.ts: 8ms, application-code: 12ms)
 GET /api/agent/running 200 in 23ms (next.js: 8ms, proxy.ts: 13ms, application-code: 1.9ms)
 GET /api/open-in-explorer 200 in 22ms (next.js: 9ms, proxy.ts: 12ms, application-code: 1.6ms)
 GET /api/projects?force=1 200 in 39ms (next.js: 13ms, proxy.ts: 11ms, application-code: 15ms)
 GET /api/home 200 in 16ms (next.js: 5ms, proxy.ts: 9ms, application-code: 1.7ms)
 GET /api/worktrees?cwd=%2Fhome%2Fxupeng%2F.cache%2Fpi-tmp%2F01a10f47-ae69-753b-a8de-d77bd690adfd%2Fask-user-full-e2e-qlwaxoau%2Fpi-web-e2e-XtiDMR%2Fproject 200 in 33ms (next.js: 4ms, proxy.ts: 4ms, application-code: 25ms)
 GET /api/git/status?cwd=%2Fhome%2Fxupeng%2F.cache%2Fpi-tmp%2F01a10f47-ae69-753b-a8de-d77bd690adfd%2Fask-user-full-e2e-qlwaxoau%2Fpi-web-e2e-XtiDMR%2Fproject 200 in 60ms (next.js: 28ms, proxy.ts: 5ms, application-code: 27ms)
 GET /api/sessions?projectKey=%2Fhome%2Fxupeng%2F.cache%2Fpi-tmp%2F01a10f47-ae69-753b-a8de-d77bd690adfd%2Fask-user-full-e2e-qlwaxoau%2Fpi-web-e2e-XtiDMR%2Fproject 200 in 115ms (next.js: 31ms, proxy.ts: 28ms, application-code: 57ms)
 GET /api/files/home/xupeng/.cache/pi-tmp/01a10f47-ae69-753b-a8de-d77bd690adfd/ask-user-full-e2e-qlwaxoau/pi-web-e2e-XtiDMR/project?type=list 200 in 123ms (next.js: 87ms, proxy.ts: 4ms, application-code: 32ms)
 GET /api/file-index?cwd=%2Fhome%2Fxupeng%2F.cache%2Fpi-tmp%2F01a10f47-ae69-753b-a8de-d77bd690adfd%2Fask-user-full-e2e-qlwaxoau%2Fpi-web-e2e-XtiDMR%2Fproject 200 in 18ms (next.js: 7ms, proxy.ts: 9ms, application-code: 2.0ms)
 GET /api/project-trust?cwd=%2Fhome%2Fxupeng%2F.cache%2Fpi-tmp%2F01a10f47-ae69-753b-a8de-d77bd690adfd%2Fask-user-full-e2e-qlwaxoau%2Fpi-web-e2e-XtiDMR%2Fproject 200 in 22ms (next.js: 10ms, proxy.ts: 9ms, application-code: 3ms)
 GET /api/app-update 200 in 53ms (next.js: 36ms, proxy.ts: 7ms, application-code: 9ms)
 GET /api/models?cwd=%2Fhome%2Fxupeng%2F.cache%2Fpi-tmp%2F01a10f47-ae69-753b-a8de-d77bd690adfd%2Fask-user-full-e2e-qlwaxoau%2Fpi-web-e2e-XtiDMR%2Fproject 200 in 53ms (next.js: 43ms, proxy.ts: 8ms, application-code: 2.0ms)
 GET /api/git/status?cwd=%2Fhome%2Fxupeng%2F.cache%2Fpi-tmp%2F01a10f47-ae69-753b-a8de-d77bd690adfd%2Fask-user-full-e2e-qlwaxoau%2Fpi-web-e2e-XtiDMR%2Fproject 200 in 56ms (next.js: 13ms, proxy.ts: 7ms, application-code: 36ms)
 GET /api/sessions?projectKey=%2Fhome%2Fxupeng%2F.cache%2Fpi-tmp%2F01a10f47-ae69-753b-a8de-d77bd690adfd%2Fask-user-full-e2e-qlwaxoau%2Fpi-web-e2e-XtiDMR%2Fproject 200 in 63ms (next.js: 41ms, proxy.ts: 13ms, application-code: 9ms)
 GET /api/models?cwd=%2Fhome%2Fxupeng%2F.cache%2Fpi-tmp%2F01a10f47-ae69-753b-a8de-d77bd690adfd%2Fask-user-full-e2e-qlwaxoau%2Fpi-web-e2e-XtiDMR%2Fproject 200 in 12ms (next.js: 4ms, proxy.ts: 5ms, application-code: 3ms)
 GET /api/sessions/e2e-branch-session?deferThinking=1&deferMedia=1&tree=summary&force=1 200 in 81ms (next.js: 60ms, proxy.ts: 17ms, application-code: 4ms)
 GET /api/files/home/xupeng/.cache/pi-tmp/01a10f47-ae69-753b-a8de-d77bd690adfd/ask-user-full-e2e-qlwaxoau/pi-web-e2e-XtiDMR/project?type=list 200 in 83ms (next.js: 12ms, proxy.ts: 17ms, application-code: 54ms)
[pi-web] session_start dispatched to extensions for session e2e-branch-session
 GET /api/git/status?cwd=%2Fhome%2Fxupeng%2F.cache%2Fpi-tmp%2F01a10f47-ae69-753b-a8de-d77bd690adfd%2Fask-user-full-e2e-qlwaxoau%2Fpi-web-e2e-XtiDMR%2Fproject 200 in 60ms (next.js: 6ms, proxy.ts: 23ms, application-code: 31ms)
 GET /api/sessions/e2e-branch-session?deferThinking=1&deferMedia=1&tree=summary&force=1 200 in 82ms (next.js: 51ms, proxy.ts: 26ms, application-code: 5ms)
 GET /api/files/home/xupeng/.cache/pi-tmp/01a10f47-ae69-753b-a8de-d77bd690adfd/ask-user-full-e2e-qlwaxoau/pi-web-e2e-XtiDMR/project?type=list 200 in 94ms (next.js: 40ms, proxy.ts: 22ms, application-code: 32ms)
 GET /api/sessions/e2e-branch-session/state 200 in 32ms (next.js: 27ms, proxy.ts: 2ms, application-code: 3ms)
 POST /api/agent/e2e-branch-session 200 in 43ms (next.js: 36ms, proxy.ts: 3ms, application-code: 3ms)
 GET /?session=e2e-rich-session 200 in 48ms (next.js: 4ms, proxy.ts: 2ms, application-code: 42ms)
 GET /api/agent/e2e-branch-session/events 200 in 625ms (next.js: 86ms, proxy.ts: 4ms, application-code: 535ms)
 GET /api/projects 200 in 19ms (next.js: 9ms, proxy.ts: 7ms, application-code: 3ms)
 GET /api/open-in-explorer 200 in 28ms (next.js: 15ms, proxy.ts: 11ms, application-code: 3ms)
 GET /api/agent/running 200 in 30ms (next.js: 13ms, proxy.ts: 14ms, application-code: 3ms)
 GET /api/home 200 in 32ms (next.js: 15ms, proxy.ts: 14ms, application-code: 3ms)
 GET /api/sessions?sessionId=e2e-rich-session 200 in 54ms (next.js: 19ms, proxy.ts: 16ms, application-code: 20ms)
 GET /api/agent/running 200 in 39ms (next.js: 13ms, proxy.ts: 23ms, application-code: 3ms)
 GET /api/open-in-explorer 200 in 27ms (next.js: 14ms, proxy.ts: 10ms, application-code: 3ms)
 GET /api/home 200 in 30ms (next.js: 10ms, proxy.ts: 17ms, application-code: 3ms)
 GET /api/projects?force=1 200 in 62ms (next.js: 15ms, proxy.ts: 19ms, application-code: 28ms)
 GET /api/worktrees?cwd=%2Fhome%2Fxupeng%2F.cache%2Fpi-tmp%2F01a10f47-ae69-753b-a8de-d77bd690adfd%2Fask-user-full-e2e-qlwaxoau%2Fpi-web-e2e-XtiDMR%2Fproject 200 in 55ms (next.js: 13ms, proxy.ts: 6ms, application-code: 37ms)
 GET /api/sessions?projectKey=%2Fhome%2Fxupeng%2F.cache%2Fpi-tmp%2F01a10f47-ae69-753b-a8de-d77bd690adfd%2Fask-user-full-e2e-qlwaxoau%2Fpi-web-e2e-XtiDMR%2Fproject 200 in 125ms (next.js: 37ms, proxy.ts: 39ms, application-code: 49ms)
 GET /api/git/status?cwd=%2Fhome%2Fxupeng%2F.cache%2Fpi-tmp%2F01a10f47-ae69-753b-a8de-d77bd690adfd%2Fask-user-full-e2e-qlwaxoau%2Fpi-web-e2e-XtiDMR%2Fproject 200 in 135ms (next.js: 41ms, proxy.ts: 10ms, application-code: 84ms)
 GET /api/files/home/xupeng/.cache/pi-tmp/01a10f47-ae69-753b-a8de-d77bd690adfd/ask-user-full-e2e-qlwaxoau/pi-web-e2e-XtiDMR/project?type=list 200 in 146ms (next.js: 88ms, proxy.ts: 10ms, application-code: 47ms)
 GET /api/project-trust?cwd=%2Fhome%2Fxupeng%2F.cache%2Fpi-tmp%2F01a10f47-ae69-753b-a8de-d77bd690adfd%2Fask-user-full-e2e-qlwaxoau%2Fpi-web-e2e-XtiDMR%2Fproject 200 in 83ms (next.js: 66ms, proxy.ts: 12ms, application-code: 4ms)
 GET /api/git/status?cwd=%2Fhome%2Fxupeng%2F.cache%2Fpi-tmp%2F01a10f47-ae69-753b-a8de-d77bd690adfd%2Fask-user-full-e2e-qlwaxoau%2Fpi-web-e2e-XtiDMR%2Fproject 200 in 136ms (next.js: 70ms, proxy.ts: 12ms, application-code: 54ms)
 GET /api/file-index?cwd=%2Fhome%2Fxupeng%2F.cache%2Fpi-tmp%2F01a10f47-ae69-753b-a8de-d77bd690adfd%2Fask-user-full-e2e-qlwaxoau%2Fpi-web-e2e-XtiDMR%2Fproject 200 in 140ms (next.js: 10ms, proxy.ts: 12ms, application-code: 118ms)
 GET /api/files/home/xupeng/.cache/pi-tmp/01a10f47-ae69-753b-a8de-d77bd690adfd/ask-user-full-e2e-qlwaxoau/pi-web-e2e-XtiDMR/project?type=list 200 in 215ms (next.js: 162ms, proxy.ts: 11ms, application-code: 42ms)
 GET /api/sessions?projectKey=%2Fhome%2Fxupeng%2F.cache%2Fpi-tmp%2F01a10f47-ae69-753b-a8de-d77bd690adfd%2Fask-user-full-e2e-qlwaxoau%2Fpi-web-e2e-XtiDMR%2Fproject 200 in 100ms (next.js: 9ms, proxy.ts: 78ms, application-code: 14ms)
 GET /api/models?cwd=%2Fhome%2Fxupeng%2F.cache%2Fpi-tmp%2F01a10f47-ae69-753b-a8de-d77bd690adfd%2Fask-user-full-e2e-qlwaxoau%2Fpi-web-e2e-XtiDMR%2Fproject 200 in 100ms (next.js: 15ms, proxy.ts: 80ms, application-code: 6ms)
 GET /api/sessions/e2e-rich-session?deferThinking=1&deferMedia=1&tree=summary&force=1 200 in 142ms (next.js: 112ms, proxy.ts: 6ms, application-code: 25ms)
[pi-web] session_start dispatched to extensions for session e2e-rich-session
 GET /api/git/status?cwd=%2Fhome%2Fxupeng%2F.cache%2Fpi-tmp%2F01a10f47-ae69-753b-a8de-d77bd690adfd%2Fask-user-full-e2e-qlwaxoau%2Fpi-web-e2e-XtiDMR%2Fproject 200 in 97ms (next.js: 17ms, proxy.ts: 38ms, application-code: 42ms)
 GET /api/files/home/xupeng/.cache/pi-tmp/01a10f47-ae69-753b-a8de-d77bd690adfd/ask-user-full-e2e-qlwaxoau/pi-web-e2e-XtiDMR/project?type=list 200 in 146ms (next.js: 64ms, proxy.ts: 44ms, application-code: 38ms)
 GET /api/sessions/e2e-rich-session?deferThinking=1&deferMedia=1&tree=summary&force=1 200 in 98ms (next.js: 46ms, proxy.ts: 46ms, application-code: 7ms)
 GET /api/sessions/e2e-rich-session/state 200 in 10ms (next.js: 3ms, proxy.ts: 3ms, application-code: 3ms)
 POST /api/agent/e2e-rich-session 200 in 10ms (next.js: 4ms, proxy.ts: 3ms, application-code: 4ms)
 GET /api/sessions/e2e-rich-session/entries/call/thinking?blockIndex=1 200 in 1181ms (next.js: 1176ms, proxy.ts: 1.9ms, application-code: 3ms)
 GET /api/sessions/e2e-rich-session/entries/answer/thinking?blockIndex=1 200 in 43ms (next.js: 37ms, proxy.ts: 3ms, application-code: 3ms)
 GET /api/sessions/e2e-rich-session/entries/answer/thinking?blockIndex=3 200 in 8ms (next.js: 3ms, proxy.ts: 3ms, application-code: 3ms)
 GET /api/agent/running 200 in 5ms (next.js: 1.3ms, proxy.ts: 1.7ms, application-code: 1.7ms)
 GET /?session=e2e-compacted-session 200 in 35ms (next.js: 3ms, proxy.ts: 2ms, application-code: 29ms)
 GET /api/agent/e2e-rich-session/events 200 in 2.5s (next.js: 103ms, proxy.ts: 8ms, application-code: 2.4s)
 GET /api/projects 200 in 15ms (next.js: 7ms, proxy.ts: 6ms, application-code: 2ms)
 GET /api/open-in-explorer 200 in 22ms (next.js: 13ms, proxy.ts: 7ms, application-code: 2ms)
 GET /api/agent/running 200 in 26ms (next.js: 16ms, proxy.ts: 8ms, application-code: 1.9ms)
 GET /api/home 200 in 28ms (next.js: 15ms, proxy.ts: 12ms, application-code: 1.6ms)
 GET /api/sessions?sessionId=e2e-compacted-session 200 in 54ms (next.js: 16ms, proxy.ts: 13ms, application-code: 25ms)
 GET /api/agent/running 200 in 39ms (next.js: 22ms, proxy.ts: 16ms, application-code: 1.7ms)
 GET /api/open-in-explorer 200 in 30ms (next.js: 8ms, proxy.ts: 20ms, application-code: 1.5ms)
 GET /api/projects?force=1 200 in 58ms (next.js: 12ms, proxy.ts: 16ms, application-code: 29ms)
 GET /api/home 200 in 32ms (next.js: 9ms, proxy.ts: 22ms, application-code: 1.5ms)
 GET /api/git/status?cwd=%2Fhome%2Fxupeng%2F.cache%2Fpi-tmp%2F01a10f47-ae69-753b-a8de-d77bd690adfd%2Fask-user-full-e2e-qlwaxoau%2Fpi-web-e2e-XtiDMR%2Fproject 200 in 74ms (next.js: 31ms, proxy.ts: 7ms, application-code: 37ms)
 GET /api/worktrees?cwd=%2Fhome%2Fxupeng%2F.cache%2Fpi-tmp%2F01a10f47-ae69-753b-a8de-d77bd690adfd%2Fask-user-full-e2e-qlwaxoau%2Fpi-web-e2e-XtiDMR%2Fproject 200 in 77ms (next.js: 4ms, proxy.ts: 7ms, application-code: 66ms)
 GET /api/sessions?projectKey=%2Fhome%2Fxupeng%2F.cache%2Fpi-tmp%2F01a10f47-ae69-753b-a8de-d77bd690adfd%2Fask-user-full-e2e-qlwaxoau%2Fpi-web-e2e-XtiDMR%2Fproject 200 in 73ms (next.js: 60ms, proxy.ts: 4ms, application-code: 10ms)
 GET /api/files/home/xupeng/.cache/pi-tmp/01a10f47-ae69-753b-a8de-d77bd690adfd/ask-user-full-e2e-qlwaxoau/pi-web-e2e-XtiDMR/project?type=list 200 in 157ms (next.js: 103ms, proxy.ts: 7ms, application-code: 47ms)
 GET /api/file-index?cwd=%2Fhome%2Fxupeng%2F.cache%2Fpi-tmp%2F01a10f47-ae69-753b-a8de-d77bd690adfd%2Fask-user-full-e2e-qlwaxoau%2Fpi-web-e2e-XtiDMR%2Fproject 200 in 20ms (next.js: 9ms, proxy.ts: 8ms, application-code: 3ms)
 GET /api/project-trust?cwd=%2Fhome%2Fxupeng%2F.cache%2Fpi-tmp%2F01a10f47-ae69-753b-a8de-d77bd690adfd%2Fask-user-full-e2e-qlwaxoau%2Fpi-web-e2e-XtiDMR%2Fproject 200 in 25ms (next.js: 12ms, proxy.ts: 9ms, application-code: 4ms)
 GET /api/git/status?cwd=%2Fhome%2Fxupeng%2F.cache%2Fpi-tmp%2F01a10f47-ae69-753b-a8de-d77bd690adfd%2Fask-user-full-e2e-qlwaxoau%2Fpi-web-e2e-XtiDMR%2Fproject 200 in 69ms (next.js: 17ms, proxy.ts: 9ms, application-code: 43ms)
 GET /api/sessions?projectKey=%2Fhome%2Fxupeng%2F.cache%2Fpi-tmp%2F01a10f47-ae69-753b-a8de-d77bd690adfd%2Fask-user-full-e2e-qlwaxoau%2Fpi-web-e2e-XtiDMR%2Fproject 200 in 77ms (next.js: 9ms, proxy.ts: 56ms, application-code: 12ms)
 GET /api/models?cwd=%2Fhome%2Fxupeng%2F.cache%2Fpi-tmp%2F01a10f47-ae69-753b-a8de-d77bd690adfd%2Fask-user-full-e2e-qlwaxoau%2Fpi-web-e2e-XtiDMR%2Fproject 200 in 25ms (next.js: 5ms, proxy.ts: 16ms, application-code: 4ms)
 GET /api/sessions/e2e-compacted-session?deferThinking=1&deferMedia=1&tree=summary&force=1 200 in 150ms (next.js: 59ms, proxy.ts: 10ms, application-code: 81ms)
 GET /api/files/home/xupeng/.cache/pi-tmp/01a10f47-ae69-753b-a8de-d77bd690adfd/ask-user-full-e2e-qlwaxoau/pi-web-e2e-XtiDMR/project?type=list 200 in 155ms (next.js: 64ms, proxy.ts: 10ms, application-code: 81ms)
[pi-web] session_start dispatched to extensions for session e2e-compacted-session
 GET /api/git/status?cwd=%2Fhome%2Fxupeng%2F.cache%2Fpi-tmp%2F01a10f47-ae69-753b-a8de-d77bd690adfd%2Fask-user-full-e2e-qlwaxoau%2Fpi-web-e2e-XtiDMR%2Fproject 200 in 68ms (next.js: 6ms, proxy.ts: 24ms, application-code: 38ms)
 GET /api/sessions/e2e-compacted-session?deferThinking=1&deferMedia=1&tree=summary&force=1 200 in 108ms (next.js: 49ms, proxy.ts: 23ms, application-code: 36ms)
 GET /api/files/home/xupeng/.cache/pi-tmp/01a10f47-ae69-753b-a8de-d77bd690adfd/ask-user-full-e2e-qlwaxoau/pi-web-e2e-XtiDMR/project?type=list 200 in 97ms (next.js: 49ms, proxy.ts: 16ms, application-code: 32ms)
 GET /api/sessions/e2e-compacted-session/state 200 in 44ms (next.js: 39ms, proxy.ts: 2ms, application-code: 3ms)
 POST /api/agent/e2e-compacted-session 200 in 42ms (next.js: 36ms, proxy.ts: 4ms, application-code: 3ms)
 GET /api/models?cwd=%2Fhome%2Fxupeng%2F.cache%2Fpi-tmp%2F01a10f47-ae69-753b-a8de-d77bd690adfd%2Fask-user-full-e2e-qlwaxoau%2Fpi-web-e2e-XtiDMR%2Fproject 200 in 15ms (next.js: 6ms, proxy.ts: 6ms, application-code: 3ms)
 GET /api/sessions/e2e-long-session?deferThinking=1&deferMedia=1&tree=summary&force=1 200 in 75ms (next.js: 15ms, proxy.ts: 4ms, application-code: 56ms)
 GET /api/models?cwd=%2Fhome%2Fxupeng%2F.cache%2Fpi-tmp%2F01a10f47-ae69-753b-a8de-d77bd690adfd%2Fask-user-full-e2e-qlwaxoau%2Fpi-web-e2e-XtiDMR%2Fproject 200 in 30ms (next.js: 4ms, proxy.ts: 23ms, application-code: 3ms)
 GET /api/agent/e2e-compacted-session/events 200 in 1369ms (next.js: 124ms, proxy.ts: 15ms, application-code: 1229ms)
 GET /api/sessions/e2e-long-session?deferThinking=1&deferMedia=1&tree=summary&force=1 200 in 37ms (next.js: 13ms, proxy.ts: 4ms, application-code: 19ms)
 GET /?session=e2e-long-session 200 in 110ms (next.js: 46ms, proxy.ts: 6ms, application-code: 58ms)
 GET /api/sessions/e2e-long-session/state 200 in 11ms (next.js: 3ms, proxy.ts: 2ms, application-code: 6ms)
 POST /api/agent/e2e-long-session 200 in 10ms (next.js: 3ms, proxy.ts: 3ms, application-code: 4ms)
 GET /api/sessions/e2e-long-session/context?deferThinking=1&deferMedia=1&leafId=a1a51dc2&before=e4950 200 in 42ms (next.js: 34ms, proxy.ts: 1.8ms, application-code: 7ms)
 GET /api/sessions/e2e-long-session/context?deferThinking=1&deferMedia=1&leafId=a1a51dc2&before=e4900 200 in 9ms (next.js: 3ms, proxy.ts: 2ms, application-code: 4ms)
 GET /api/agent/running 200 in 6ms (next.js: 1.6ms, proxy.ts: 2ms, application-code: 1.7ms)
 GET /api/models?cwd=%2Fhome%2Fxupeng%2F.cache%2Fpi-tmp%2F01a10f47-ae69-753b-a8de-d77bd690adfd%2Fask-user-full-e2e-qlwaxoau%2Fpi-web-e2e-XtiDMR%2Fproject 200 in 10ms (next.js: 4ms, proxy.ts: 4ms, application-code: 2ms)
 GET /api/sessions/e2e-rich-session?deferThinking=1&deferMedia=1&tree=summary&force=1 200 in 62ms (next.js: 42ms, proxy.ts: 4ms, application-code: 17ms)
 GET /api/models?cwd=%2Fhome%2Fxupeng%2F.cache%2Fpi-tmp%2F01a10f47-ae69-753b-a8de-d77bd690adfd%2Fask-user-full-e2e-qlwaxoau%2Fpi-web-e2e-XtiDMR%2Fproject 200 in 20ms (next.js: 2ms, proxy.ts: 14ms, application-code: 3ms)
 GET /?session=e2e-rich-session 200 in 67ms (next.js: 43ms, proxy.ts: 3ms, application-code: 21ms)
 GET /api/agent/e2e-long-session/events 200 in 1278ms (next.js: 3ms, proxy.ts: 3ms, application-code: 1272ms)
 GET /api/sessions/e2e-rich-session?deferThinking=1&deferMedia=1&tree=summary&force=1 200 in 13ms (next.js: 4ms, proxy.ts: 4ms, application-code: 5ms)
 GET /api/sessions/e2e-rich-session/state 200 in 46ms (next.js: 42ms, proxy.ts: 1.8ms, application-code: 3ms)
 POST /api/agent/e2e-rich-session 200 in 37ms (next.js: 32ms, proxy.ts: 2ms, application-code: 3ms)
 GET /api/models?cwd=%2Fhome%2Fxupeng%2F.cache%2Fpi-tmp%2F01a10f47-ae69-753b-a8de-d77bd690adfd%2Fask-user-full-e2e-qlwaxoau%2Fpi-web-e2e-XtiDMR%2Fproject 200 in 13ms (next.js: 3ms, proxy.ts: 7ms, application-code: 3ms)
 GET /api/sessions/e2e-long-session?deferThinking=1&deferMedia=1&tree=summary&force=1 200 in 42ms (next.js: 11ms, proxy.ts: 6ms, application-code: 25ms)
 GET /api/models?cwd=%2Fhome%2Fxupeng%2F.cache%2Fpi-tmp%2F01a10f47-ae69-753b-a8de-d77bd690adfd%2Fask-user-full-e2e-qlwaxoau%2Fpi-web-e2e-XtiDMR%2Fproject 200 in 9ms (next.js: 3ms, proxy.ts: 4ms, application-code: 3ms)
 GET /?session=e2e-long-session 200 in 49ms (next.js: 20ms, proxy.ts: 5ms, application-code: 24ms)
 GET /api/sessions/e2e-long-session?deferThinking=1&deferMedia=1&tree=summary&force=1 200 in 21ms (next.js: 6ms, proxy.ts: 3ms, application-code: 12ms)
 GET /api/agent/e2e-rich-session/events 200 in 540ms (next.js: 32ms, proxy.ts: 2.0ms, application-code: 506ms)
 GET /api/sessions/e2e-long-session/state 200 in 26ms (next.js: 20ms, proxy.ts: 2ms, application-code: 4ms)
 GET /api/sessions/e2e-long-session/context?deferThinking=1&deferMedia=1&leafId=a1a51dc2&before=e4950 200 in 12ms (next.js: 4ms, proxy.ts: 3ms, application-code: 6ms)
 POST /api/agent/e2e-long-session 200 in 19ms (next.js: 6ms, proxy.ts: 8ms, application-code: 5ms)
 GET /api/models?cwd=%2Fhome%2Fxupeng%2F.cache%2Fpi-tmp%2F01a10f47-ae69-753b-a8de-d77bd690adfd%2Fask-user-full-e2e-qlwaxoau%2Fpi-web-e2e-XtiDMR%2Fproject 200 in 18ms (next.js: 6ms, proxy.ts: 7ms, application-code: 4ms)
 GET /api/agent/e2e-long-session/events 200 in 1041ms (next.js: 3ms, proxy.ts: 3ms, application-code: 1035ms)
 GET /api/sessions/e2e-rich-session?deferThinking=1&deferMedia=1&tree=summary&force=1 200 in 83ms (next.js: 65ms, proxy.ts: 7ms, application-code: 11ms)
 GET /api/models?cwd=%2Fhome%2Fxupeng%2F.cache%2Fpi-tmp%2F01a10f47-ae69-753b-a8de-d77bd690adfd%2Fask-user-full-e2e-qlwaxoau%2Fpi-web-e2e-XtiDMR%2Fproject 200 in 15ms (next.js: 5ms, proxy.ts: 5ms, application-code: 4ms)
 GET /?session=e2e-rich-session 200 in 141ms (next.js: 12ms, proxy.ts: 7ms, application-code: 123ms)
 GET /api/sessions/e2e-rich-session?deferThinking=1&deferMedia=1&tree=summary&force=1 200 in 64ms (next.js: 54ms, proxy.ts: 6ms, application-code: 5ms)
 GET /api/sessions/e2e-rich-session/state 200 in 9ms (next.js: 4ms, proxy.ts: 3ms, application-code: 2ms)
 POST /api/agent/e2e-rich-session 200 in 10ms (next.js: 4ms, proxy.ts: 3ms, application-code: 3ms)
 GET /api/agent/e2e-rich-session/events 200 in 243ms (next.js: 51ms, proxy.ts: 5ms, application-code: 187ms)
 GET /api/models?cwd=%2Fhome%2Fxupeng%2F.cache%2Fpi-tmp%2F01a10f47-ae69-753b-a8de-d77bd690adfd%2Fask-user-full-e2e-qlwaxoau%2Fpi-web-e2e-XtiDMR%2Fproject 200 in 21ms (next.js: 6ms, proxy.ts: 11ms, application-code: 4ms)
 GET /api/sessions/e2e-long-session?deferThinking=1&deferMedia=1&tree=summary&force=1 200 in 59ms (next.js: 29ms, proxy.ts: 9ms, application-code: 21ms)
 GET /api/sessions/e2e-long-session?deferThinking=1&deferMedia=1&tree=summary&force=1 200 in 59ms (next.js: 35ms, proxy.ts: 11ms, application-code: 12ms)
 GET /?session=e2e-long-session 200 in 61ms (next.js: 11ms, proxy.ts: 11ms, application-code: 40ms)
 GET /api/sessions/e2e-long-session/state 200 in 32ms (next.js: 29ms, proxy.ts: 1.6ms, application-code: 2ms)
 GET /api/agent/running 200 in 5ms (next.js: 1.3ms, proxy.ts: 2ms, application-code: 1.9ms)
 GET /api/sessions/e2e-long-session/context?deferThinking=1&deferMedia=1&leafId=alternate 200 in 46ms (next.js: 38ms, proxy.ts: 2ms, application-code: 6ms)
 GET /?session=e2e-compacted-session 200 in 37ms (next.js: 4ms, proxy.ts: 2ms, application-code: 31ms)
 GET /api/agent/e2e-long-session/events 200 in 846ms (next.js: 26ms, proxy.ts: 19ms, application-code: 801ms)
 GET /api/projects 200 in 14ms (next.js: 7ms, proxy.ts: 5ms, application-code: 2ms)
 GET /api/open-in-explorer 200 in 17ms (next.js: 9ms, proxy.ts: 6ms, application-code: 1.7ms)
 GET /api/agent/running 200 in 37ms (next.js: 26ms, proxy.ts: 7ms, application-code: 4ms)
 GET /api/home 200 in 42ms (next.js: 30ms, proxy.ts: 10ms, application-code: 2ms)
 GET /api/agent/running 200 in 25ms (next.js: 7ms, proxy.ts: 15ms, application-code: 2ms)
 GET /api/open-in-explorer 200 in 27ms (next.js: 10ms, proxy.ts: 15ms, application-code: 2ms)
 GET /api/sessions?sessionId=e2e-compacted-session 200 in 64ms (next.js: 17ms, proxy.ts: 26ms, application-code: 21ms)
 GET /api/projects?force=1 200 in 65ms (next.js: 15ms, proxy.ts: 29ms, application-code: 21ms)
 GET /api/home 200 in 22ms (next.js: 7ms, proxy.ts: 14ms, application-code: 1.7ms)
 GET /api/worktrees?cwd=%2Fhome%2Fxupeng%2F.cache%2Fpi-tmp%2F01a10f47-ae69-753b-a8de-d77bd690adfd%2Fask-user-full-e2e-qlwaxoau%2Fpi-web-e2e-XtiDMR%2Fproject 200 in 79ms (next.js: 4ms, proxy.ts: 9ms, application-code: 65ms)
 GET /api/sessions?projectKey=%2Fhome%2Fxupeng%2F.cache%2Fpi-tmp%2F01a10f47-ae69-753b-a8de-d77bd690adfd%2Fask-user-full-e2e-qlwaxoau%2Fpi-web-e2e-XtiDMR%2Fproject 200 in 78ms (next.js: 59ms, proxy.ts: 9ms, application-code: 10ms)
 GET /api/git/status?cwd=%2Fhome%2Fxupeng%2F.cache%2Fpi-tmp%2F01a10f47-ae69-753b-a8de-d77bd690adfd%2Fask-user-full-e2e-qlwaxoau%2Fpi-web-e2e-XtiDMR%2Fproject 200 in 80ms (next.js: 32ms, proxy.ts: 9ms, application-code: 39ms)
 GET /api/files/home/xupeng/.cache/pi-tmp/01a10f47-ae69-753b-a8de-d77bd690adfd/ask-user-full-e2e-qlwaxoau/pi-web-e2e-XtiDMR/project?type=list 200 in 159ms (next.js: 105ms, proxy.ts: 9ms, application-code: 45ms)
 GET /api/file-index?cwd=%2Fhome%2Fxupeng%2F.cache%2Fpi-tmp%2F01a10f47-ae69-753b-a8de-d77bd690adfd%2Fask-user-full-e2e-qlwaxoau%2Fpi-web-e2e-XtiDMR%2Fproject 200 in 21ms (next.js: 8ms, proxy.ts: 11ms, application-code: 2ms)
 GET /api/project-trust?cwd=%2Fhome%2Fxupeng%2F.cache%2Fpi-tmp%2F01a10f47-ae69-753b-a8de-d77bd690adfd%2Fask-user-full-e2e-qlwaxoau%2Fpi-web-e2e-XtiDMR%2Fproject 200 in 23ms (next.js: 10ms, proxy.ts: 10ms, application-code: 3ms)
 GET /api/git/status?cwd=%2Fhome%2Fxupeng%2F.cache%2Fpi-tmp%2F01a10f47-ae69-753b-a8de-d77bd690adfd%2Fask-user-full-e2e-qlwaxoau%2Fpi-web-e2e-XtiDMR%2Fproject 200 in 61ms (next.js: 14ms, proxy.ts: 10ms, application-code: 37ms)
 GET /api/sessions?projectKey=%2Fhome%2Fxupeng%2F.cache%2Fpi-tmp%2F01a10f47-ae69-753b-a8de-d77bd690adfd%2Fask-user-full-e2e-qlwaxoau%2Fpi-web-e2e-XtiDMR%2Fproject 200 in 61ms (next.js: 7ms, proxy.ts: 46ms, application-code: 9ms)
 GET /api/models?cwd=%2Fhome%2Fxupeng%2F.cache%2Fpi-tmp%2F01a10f47-ae69-753b-a8de-d77bd690adfd%2Fask-user-full-e2e-qlwaxoau%2Fpi-web-e2e-XtiDMR%2Fproject 200 in 22ms (next.js: 6ms, proxy.ts: 12ms, application-code: 4ms)
 GET /api/sessions/e2e-compacted-session?deferThinking=1&deferMedia=1&tree=summary&force=1 200 in 99ms (next.js: 48ms, proxy.ts: 8ms, application-code: 43ms)
 GET /api/files/home/xupeng/.cache/pi-tmp/01a10f47-ae69-753b-a8de-d77bd690adfd/ask-user-full-e2e-qlwaxoau/pi-web-e2e-XtiDMR/project?type=list 200 in 100ms (next.js: 53ms, proxy.ts: 8ms, application-code: 39ms)
 GET /api/git/status?cwd=%2Fhome%2Fxupeng%2F.cache%2Fpi-tmp%2F01a10f47-ae69-753b-a8de-d77bd690adfd%2Fask-user-full-e2e-qlwaxoau%2Fpi-web-e2e-XtiDMR%2Fproject 200 in 49ms (next.js: 3ms, proxy.ts: 5ms, application-code: 41ms)
 GET /api/sessions/e2e-compacted-session?deferThinking=1&deferMedia=1&tree=summary&force=1 200 in 59ms (next.js: 47ms, proxy.ts: 6ms, application-code: 6ms)
 GET /api/files/home/xupeng/.cache/pi-tmp/01a10f47-ae69-753b-a8de-d77bd690adfd/ask-user-full-e2e-qlwaxoau/pi-web-e2e-XtiDMR/project?type=list 200 in 101ms (next.js: 53ms, proxy.ts: 4ms, application-code: 43ms)
 GET /api/sessions/e2e-compacted-session/state 200 in 39ms (next.js: 34ms, proxy.ts: 3ms, application-code: 2ms)
 POST /api/agent/e2e-compacted-session 200 in 41ms (next.js: 34ms, proxy.ts: 3ms, application-code: 4ms)
 GET /?session=e2e-rich-session 200 in 34ms (next.js: 3ms, proxy.ts: 1.9ms, application-code: 29ms)
 GET /api/agent/e2e-compacted-session/events 200 in 581ms (next.js: 116ms, proxy.ts: 12ms, application-code: 453ms)
 GET /api/projects 200 in 21ms (next.js: 10ms, proxy.ts: 8ms, application-code: 2ms)
 GET /api/open-in-explorer 200 in 23ms (next.js: 12ms, proxy.ts: 8ms, application-code: 3ms)
 GET /api/agent/running 200 in 28ms (next.js: 15ms, proxy.ts: 10ms, application-code: 3ms)
 GET /api/home 200 in 33ms (next.js: 20ms, proxy.ts: 10ms, application-code: 2ms)
 GET /api/sessions?sessionId=e2e-rich-session 200 in 50ms (next.js: 16ms, proxy.ts: 16ms, application-code: 18ms)
 GET /api/agent/running 200 in 33ms (next.js: 14ms, proxy.ts: 17ms, application-code: 2ms)
 GET /api/projects?force=1 200 in 56ms (next.js: 19ms, proxy.ts: 20ms, application-code: 17ms)
 GET /api/open-in-explorer 200 in 35ms (next.js: 15ms, proxy.ts: 17ms, application-code: 3ms)
 GET /api/home 200 in 28ms (next.js: 9ms, proxy.ts: 16ms, application-code: 3ms)
 GET /api/git/status?cwd=%2Fhome%2Fxupeng%2F.cache%2Fpi-tmp%2F01a10f47-ae69-753b-a8de-d77bd690adfd%2Fask-user-full-e2e-qlwaxoau%2Fpi-web-e2e-XtiDMR%2Fproject 200 in 111ms (next.js: 45ms, proxy.ts: 6ms, application-code: 60ms)
 GET /api/worktrees?cwd=%2Fhome%2Fxupeng%2F.cache%2Fpi-tmp%2F01a10f47-ae69-753b-a8de-d77bd690adfd%2Fask-user-full-e2e-qlwaxoau%2Fpi-web-e2e-XtiDMR%2Fproject 200 in 114ms (next.js: 7ms, proxy.ts: 7ms, application-code: 100ms)
 GET /api/sessions?projectKey=%2Fhome%2Fxupeng%2F.cache%2Fpi-tmp%2F01a10f47-ae69-753b-a8de-d77bd690adfd%2Fask-user-full-e2e-qlwaxoau%2Fpi-web-e2e-XtiDMR%2Fproject 200 in 114ms (next.js: 88ms, proxy.ts: 8ms, application-code: 19ms)
 GET /api/files/home/xupeng/.cache/pi-tmp/01a10f47-ae69-753b-a8de-d77bd690adfd/ask-user-full-e2e-qlwaxoau/pi-web-e2e-XtiDMR/project?type=list 200 in 170ms (next.js: 113ms, proxy.ts: 8ms, application-code: 49ms)
 GET /api/project-trust?cwd=%2Fhome%2Fxupeng%2F.cache%2Fpi-tmp%2F01a10f47-ae69-753b-a8de-d77bd690adfd%2Fask-user-full-e2e-qlwaxoau%2Fpi-web-e2e-XtiDMR%2Fproject 200 in 109ms (next.js: 94ms, proxy.ts: 10ms, application-code: 5ms)
 GET /api/app-update 502 in 117ms (next.js: 88ms, proxy.ts: 10ms, application-code: 19ms)
 GET /api/models?cwd=%2Fhome%2Fxupeng%2F.cache%2Fpi-tmp%2F01a10f47-ae69-753b-a8de-d77bd690adfd%2Fask-user-full-e2e-qlwaxoau%2Fpi-web-e2e-XtiDMR%2Fproject 200 in 118ms (next.js: 86ms, proxy.ts: 9ms, application-code: 22ms)
 GET /api/file-index?cwd=%2Fhome%2Fxupeng%2F.cache%2Fpi-tmp%2F01a10f47-ae69-753b-a8de-d77bd690adfd%2Fask-user-full-e2e-qlwaxoau%2Fpi-web-e2e-XtiDMR%2Fproject 200 in 167ms (next.js: 9ms, proxy.ts: 11ms, application-code: 146ms)
 GET /api/git/status?cwd=%2Fhome%2Fxupeng%2F.cache%2Fpi-tmp%2F01a10f47-ae69-753b-a8de-d77bd690adfd%2Fask-user-full-e2e-qlwaxoau%2Fpi-web-e2e-XtiDMR%2Fproject 200 in 164ms (next.js: 106ms, proxy.ts: 9ms, application-code: 49ms)
 GET /api/sessions?projectKey=%2Fhome%2Fxupeng%2F.cache%2Fpi-tmp%2F01a10f47-ae69-753b-a8de-d77bd690adfd%2Fask-user-full-e2e-qlwaxoau%2Fpi-web-e2e-XtiDMR%2Fproject 200 in 176ms (next.js: 56ms, proxy.ts: 106ms, application-code: 14ms)
 GET /api/models?cwd=%2Fhome%2Fxupeng%2F.cache%2Fpi-tmp%2F01a10f47-ae69-753b-a8de-d77bd690adfd%2Fask-user-full-e2e-qlwaxoau%2Fpi-web-e2e-XtiDMR%2Fproject 200 in 78ms (next.js: 21ms, proxy.ts: 53ms, application-code: 4ms)
 GET /api/sessions/e2e-rich-session?deferThinking=1&deferMedia=1&tree=summary&force=1 200 in 172ms (next.js: 20ms, proxy.ts: 19ms, application-code: 133ms)
 GET /api/git/status?cwd=%2Fhome%2Fxupeng%2F.cache%2Fpi-tmp%2F01a10f47-ae69-753b-a8de-d77bd690adfd%2Fask-user-full-e2e-qlwaxoau%2Fpi-web-e2e-XtiDMR%2Fproject 200 in 154ms (next.js: 9ms, proxy.ts: 11ms, application-code: 135ms)
 GET /api/files/home/xupeng/.cache/pi-tmp/01a10f47-ae69-753b-a8de-d77bd690adfd/ask-user-full-e2e-qlwaxoau/pi-web-e2e-XtiDMR/project?type=list 200 in 178ms (next.js: 102ms, proxy.ts: 19ms, application-code: 56ms)
 GET /api/sessions/e2e-rich-session?deferThinking=1&deferMedia=1&tree=summary&force=1 200 in 20ms (next.js: 6ms, proxy.ts: 9ms, application-code: 5ms)
 GET /api/files/home/xupeng/.cache/pi-tmp/01a10f47-ae69-753b-a8de-d77bd690adfd/ask-user-full-e2e-qlwaxoau/pi-web-e2e-XtiDMR/project?type=list 200 in 47ms (next.js: 9ms, proxy.ts: 3ms, application-code: 35ms)
 GET /api/sessions/e2e-rich-session/state 200 in 10ms (next.js: 4ms, proxy.ts: 3ms, application-code: 2ms)
 POST /api/agent/e2e-rich-session 200 in 9ms (next.js: 3ms, proxy.ts: 3ms, application-code: 4ms)
 GET /api/files/home/xupeng/.cache/pi-tmp/01a10f47-ae69-753b-a8de-d77bd690adfd/ask-user-full-e2e-qlwaxoau/pi-web-e2e-XtiDMR/project/preview.html?type=read 200 in 10ms (next.js: 5ms, proxy.ts: 3ms, application-code: 2ms)
 GET /api/files/home/xupeng/.cache/pi-tmp/01a10f47-ae69-753b-a8de-d77bd690adfd/ask-user-full-e2e-qlwaxoau/pi-web-e2e-XtiDMR/project/preview.html?type=read 200 in 8ms (next.js: 4ms, proxy.ts: 2ms, application-code: 2ms)
 GET /api/git/diff?cwd=%2Fhome%2Fxupeng%2F.cache%2Fpi-tmp%2F01a10f47-ae69-753b-a8de-d77bd690adfd%2Fask-user-full-e2e-qlwaxoau%2Fpi-web-e2e-XtiDMR%2Fproject&path=%2Fhome%2Fxupeng%2F.cache%2Fpi-tmp%2F01a10f47-ae69-753b-a8de-d77bd690adfd%2Fask-user-full-e2e-qlwaxoau%2Fpi-web-e2e-XtiDMR%2Fproject%2Fpreview.html 200 in 146ms (next.js: 103ms, proxy.ts: 3ms, application-code: 40ms)
 GET /api/git/diff?cwd=%2Fhome%2Fxupeng%2F.cache%2Fpi-tmp%2F01a10f47-ae69-753b-a8de-d77bd690adfd%2Fask-user-full-e2e-qlwaxoau%2Fpi-web-e2e-XtiDMR%2Fproject&path=%2Fhome%2Fxupeng%2F.cache%2Fpi-tmp%2F01a10f47-ae69-753b-a8de-d77bd690adfd%2Fask-user-full-e2e-qlwaxoau%2Fpi-web-e2e-XtiDMR%2Fproject%2Fpreview.html 200 in 43ms (next.js: 3ms, proxy.ts: 3ms, application-code: 36ms)
 GET /api/files/home/xupeng/.cache/pi-tmp/01a10f47-ae69-753b-a8de-d77bd690adfd/ask-user-full-e2e-qlwaxoau/pi-web-e2e-XtiDMR/project/preview.html?type=read 200 in 49ms (next.js: 42ms, proxy.ts: 4ms, application-code: 3ms)
 GET /api/git/diff?cwd=%2Fhome%2Fxupeng%2F.cache%2Fpi-tmp%2F01a10f47-ae69-753b-a8de-d77bd690adfd%2Fask-user-full-e2e-qlwaxoau%2Fpi-web-e2e-XtiDMR%2Fproject&path=%2Fhome%2Fxupeng%2F.cache%2Fpi-tmp%2F01a10f47-ae69-753b-a8de-d77bd690adfd%2Fask-user-full-e2e-qlwaxoau%2Fpi-web-e2e-XtiDMR%2Fproject%2Fpreview.html 200 in 38ms (next.js: 1.8ms, proxy.ts: 2ms, application-code: 34ms)
 GET /api/agent/running 200 in 5ms (next.js: 1.5ms, proxy.ts: 1.7ms, application-code: 2ms)
 GET /api/files/home/xupeng/.cache/pi-tmp/01a10f47-ae69-753b-a8de-d77bd690adfd/ask-user-full-e2e-qlwaxoau/pi-web-e2e-XtiDMR/project/preview.html?type=watch 200 in 1798ms (next.js: 4ms, proxy.ts: 2ms, application-code: 1792ms)
 GET /api/git/diff?cwd=%2Fhome%2Fxupeng%2F.cache%2Fpi-tmp%2F01a10f47-ae69-753b-a8de-d77bd690adfd%2Fask-user-full-e2e-qlwaxoau%2Fpi-web-e2e-XtiDMR%2Fproject&path=%2Fhome%2Fxupeng%2F.cache%2Fpi-tmp%2F01a10f47-ae69-753b-a8de-d77bd690adfd%2Fask-user-full-e2e-qlwaxoau%2Fpi-web-e2e-XtiDMR%2Fproject%2Fpreview.html 200 in 43ms (next.js: 2ms, proxy.ts: 6ms, application-code: 35ms)
 GET /api/files/home/xupeng/.cache/pi-tmp/01a10f47-ae69-753b-a8de-d77bd690adfd/ask-user-full-e2e-qlwaxoau/pi-web-e2e-XtiDMR/project/preview.html?type=read 200 in 49ms (next.js: 42ms, proxy.ts: 3ms, application-code: 3ms)
 GET /api/files/home/xupeng/.cache/pi-tmp/01a10f47-ae69-753b-a8de-d77bd690adfd/ask-user-full-e2e-qlwaxoau/pi-web-e2e-XtiDMR/project/preview.html?type=watch 200 in 266ms (next.js: 36ms, proxy.ts: 2ms, application-code: 228ms)
 POST /api/agent/e2e-rich-session 200 in 9ms (next.js: 2ms, proxy.ts: 2ms, application-code: 4ms)
 POST /api/agent/e2e-rich-session 200 in 317ms (next.js: 33ms, proxy.ts: 2ms, application-code: 282ms)
 GET /api/sessions?sessionId=e2e-rich-session 200 in 11ms (next.js: 2ms, proxy.ts: 3ms, application-code: 6ms)
 GET /api/sessions/e2e-rich-session?deferThinking=1&deferMedia=1&tree=summary 200 in 45ms (next.js: 38ms, proxy.ts: 3ms, application-code: 4ms)
 GET /api/sessions?sessionId=e2e-rich-session 200 in 34ms (next.js: 3ms, proxy.ts: 4ms, application-code: 27ms)
 GET /api/git/diff?cwd=%2Fhome%2Fxupeng%2F.cache%2Fpi-tmp%2F01a10f47-ae69-753b-a8de-d77bd690adfd%2Fask-user-full-e2e-qlwaxoau%2Fpi-web-e2e-XtiDMR%2Fproject&path=%2Fhome%2Fxupeng%2F.cache%2Fpi-tmp%2F01a10f47-ae69-753b-a8de-d77bd690adfd%2Fask-user-full-e2e-qlwaxoau%2Fpi-web-e2e-XtiDMR%2Fproject%2Fpreview.html 200 in 106ms (next.js: 5ms, proxy.ts: 26ms, application-code: 75ms)
 GET /api/git/status?cwd=%2Fhome%2Fxupeng%2F.cache%2Fpi-tmp%2F01a10f47-ae69-753b-a8de-d77bd690adfd%2Fask-user-full-e2e-qlwaxoau%2Fpi-web-e2e-XtiDMR%2Fproject 200 in 179ms (next.js: 4ms, proxy.ts: 11ms, application-code: 164ms)
 GET /api/files/home/xupeng/.cache/pi-tmp/01a10f47-ae69-753b-a8de-d77bd690adfd/ask-user-full-e2e-qlwaxoau/pi-web-e2e-XtiDMR/project?type=list 200 in 259ms (next.js: 202ms, proxy.ts: 12ms, application-code: 45ms)
 POST /api/agent/e2e-rich-session 200 in 8ms (next.js: 2ms, proxy.ts: 2ms, application-code: 3ms)
 POST /api/agent/e2e-rich-session 200 in 139ms (next.js: 4ms, proxy.ts: 5ms, application-code: 130ms)
 GET /api/sessions?sessionId=e2e-rich-session 200 in 12ms (next.js: 2ms, proxy.ts: 2ms, application-code: 7ms)
 GET /api/sessions/e2e-rich-session?deferThinking=1&deferMedia=1&tree=summary 200 in 15ms (next.js: 9ms, proxy.ts: 3ms, application-code: 3ms)
 GET /api/sessions?sessionId=e2e-rich-session 200 in 10ms (next.js: 2ms, proxy.ts: 2ms, application-code: 6ms)
 GET /api/git/diff?cwd=%2Fhome%2Fxupeng%2F.cache%2Fpi-tmp%2F01a10f47-ae69-753b-a8de-d77bd690adfd%2Fask-user-full-e2e-qlwaxoau%2Fpi-web-e2e-XtiDMR%2Fproject&path=%2Fhome%2Fxupeng%2F.cache%2Fpi-tmp%2F01a10f47-ae69-753b-a8de-d77bd690adfd%2Fask-user-full-e2e-qlwaxoau%2Fpi-web-e2e-XtiDMR%2Fproject%2Fpreview.html 200 in 43ms (next.js: 2ms, proxy.ts: 6ms, application-code: 35ms)
 GET /api/git/status?cwd=%2Fhome%2Fxupeng%2F.cache%2Fpi-tmp%2F01a10f47-ae69-753b-a8de-d77bd690adfd%2Fask-user-full-e2e-qlwaxoau%2Fpi-web-e2e-XtiDMR%2Fproject 200 in 45ms (next.js: 3ms, proxy.ts: 5ms, application-code: 37ms)
 GET /api/files/home/xupeng/.cache/pi-tmp/01a10f47-ae69-753b-a8de-d77bd690adfd/ask-user-full-e2e-qlwaxoau/pi-web-e2e-XtiDMR/project?type=list 200 in 98ms (next.js: 43ms, proxy.ts: 6ms, application-code: 49ms)
 POST /api/agent/e2e-rich-session 200 in 10ms (next.js: 4ms, proxy.ts: 2ms, application-code: 4ms)
 POST /api/agent/e2e-rich-session 200 in 123ms (next.js: 3ms, proxy.ts: 3ms, application-code: 118ms)
 GET /api/sessions?sessionId=e2e-rich-session 200 in 14ms (next.js: 3ms, proxy.ts: 3ms, application-code: 8ms)
 GET /api/sessions/e2e-rich-session?deferThinking=1&deferMedia=1&tree=summary 200 in 19ms (next.js: 11ms, proxy.ts: 3ms, application-code: 4ms)
 GET /api/sessions?sessionId=e2e-rich-session 200 in 12ms (next.js: 3ms, proxy.ts: 2ms, application-code: 7ms)
 GET /api/git/diff?cwd=%2Fhome%2Fxupeng%2F.cache%2Fpi-tmp%2F01a10f47-ae69-753b-a8de-d77bd690adfd%2Fask-user-full-e2e-qlwaxoau%2Fpi-web-e2e-XtiDMR%2Fproject&path=%2Fhome%2Fxupeng%2F.cache%2Fpi-tmp%2F01a10f47-ae69-753b-a8de-d77bd690adfd%2Fask-user-full-e2e-qlwaxoau%2Fpi-web-e2e-XtiDMR%2Fproject%2Fpreview.html 200 in 52ms (next.js: 4ms, proxy.ts: 8ms, application-code: 40ms)
 GET /api/git/status?cwd=%2Fhome%2Fxupeng%2F.cache%2Fpi-tmp%2F01a10f47-ae69-753b-a8de-d77bd690adfd%2Fask-user-full-e2e-qlwaxoau%2Fpi-web-e2e-XtiDMR%2Fproject 200 in 41ms (next.js: 3ms, proxy.ts: 4ms, application-code: 34ms)
 GET /api/files/home/xupeng/.cache/pi-tmp/01a10f47-ae69-753b-a8de-d77bd690adfd/ask-user-full-e2e-qlwaxoau/pi-web-e2e-XtiDMR/project?type=list 200 in 76ms (next.js: 40ms, proxy.ts: 3ms, application-code: 33ms)
 GET /api/agent/running 200 in 7ms (next.js: 2ms, proxy.ts: 2ms, application-code: 3ms)
 POST /api/agent/e2e-rich-session 200 in 8ms (next.js: 3ms, proxy.ts: 3ms, application-code: 3ms)
 POST /api/agent/e2e-rich-session 200 in 220ms (next.js: 41ms, proxy.ts: 2ms, application-code: 177ms)
 GET /api/sessions?sessionId=e2e-rich-session 200 in 11ms (next.js: 2ms, proxy.ts: 2ms, application-code: 6ms)
 GET /api/sessions/e2e-rich-session?deferThinking=1&deferMedia=1&tree=summary 200 in 48ms (next.js: 40ms, proxy.ts: 3ms, application-code: 5ms)
 GET /api/git/diff?cwd=%2Fhome%2Fxupeng%2F.cache%2Fpi-tmp%2F01a10f47-ae69-753b-a8de-d77bd690adfd%2Fask-user-full-e2e-qlwaxoau%2Fpi-web-e2e-XtiDMR%2Fproject&path=%2Fhome%2Fxupeng%2F.cache%2Fpi-tmp%2F01a10f47-ae69-753b-a8de-d77bd690adfd%2Fask-user-full-e2e-qlwaxoau%2Fpi-web-e2e-XtiDMR%2Fproject%2Fpreview.html 200 in 50ms (next.js: 8ms, proxy.ts: 5ms, application-code: 37ms)
 GET /api/sessions?sessionId=e2e-rich-session 200 in 84ms (next.js: 5ms, proxy.ts: 5ms, application-code: 74ms)
 GET /api/git/status?cwd=%2Fhome%2Fxupeng%2F.cache%2Fpi-tmp%2F01a10f47-ae69-753b-a8de-d77bd690adfd%2Fask-user-full-e2e-qlwaxoau%2Fpi-web-e2e-XtiDMR%2Fproject 200 in 82ms (next.js: 43ms, proxy.ts: 5ms, application-code: 33ms)
 GET /api/files/home/xupeng/.cache/pi-tmp/01a10f47-ae69-753b-a8de-d77bd690adfd/ask-user-full-e2e-qlwaxoau/pi-web-e2e-XtiDMR/project?type=list 200 in 152ms (next.js: 111ms, proxy.ts: 5ms, application-code: 36ms)
 POST /api/agent/e2e-rich-session 200 in 10ms (next.js: 3ms, proxy.ts: 3ms, application-code: 4ms)
 POST /api/agent/e2e-rich-session 200 in 261ms (next.js: 3ms, proxy.ts: 3ms, application-code: 256ms)
 GET /api/sessions?sessionId=e2e-rich-session 200 in 14ms (next.js: 3ms, proxy.ts: 3ms, application-code: 8ms)
 GET /api/sessions/e2e-rich-session?deferThinking=1&deferMedia=1&tree=summary 200 in 18ms (next.js: 11ms, proxy.ts: 3ms, application-code: 4ms)
 GET /api/sessions?sessionId=e2e-rich-session 200 in 58ms (next.js: 3ms, proxy.ts: 4ms, application-code: 50ms)
 GET /api/git/diff?cwd=%2Fhome%2Fxupeng%2F.cache%2Fpi-tmp%2F01a10f47-ae69-753b-a8de-d77bd690adfd%2Fask-user-full-e2e-qlwaxoau%2Fpi-web-e2e-XtiDMR%2Fproject&path=%2Fhome%2Fxupeng%2F.cache%2Fpi-tmp%2F01a10f47-ae69-753b-a8de-d77bd690adfd%2Fask-user-full-e2e-qlwaxoau%2Fpi-web-e2e-XtiDMR%2Fproject%2Fpreview.html 200 in 57ms (next.js: 9ms, proxy.ts: 4ms, application-code: 44ms)
 GET /api/git/status?cwd=%2Fhome%2Fxupeng%2F.cache%2Fpi-tmp%2F01a10f47-ae69-753b-a8de-d77bd690adfd%2Fask-user-full-e2e-qlwaxoau%2Fpi-web-e2e-XtiDMR%2Fproject 200 in 51ms (next.js: 4ms, proxy.ts: 5ms, application-code: 43ms)
 GET /api/files/home/xupeng/.cache/pi-tmp/01a10f47-ae69-753b-a8de-d77bd690adfd/ask-user-full-e2e-qlwaxoau/pi-web-e2e-XtiDMR/project?type=list 200 in 93ms (next.js: 49ms, proxy.ts: 4ms, application-code: 40ms)
 GET /api/agent/running 200 in 7ms (next.js: 1.7ms, proxy.ts: 2ms, application-code: 3ms)
 GET /api/agent/running 200 in 8ms (next.js: 3ms, proxy.ts: 1.6ms, application-code: 3ms)
 GET /api/agent/running 200 in 6ms (next.js: 1.2ms, proxy.ts: 1.7ms, application-code: 3ms)
 POST /api/agent/e2e-rich-session 200 in 53ms (next.js: 45ms, proxy.ts: 2ms, application-code: 5ms)
 POST /api/agent/e2e-rich-session 200 in 8.6s (next.js: 3ms, proxy.ts: 2ms, application-code: 8.6s)
 GET /api/sessions/e2e-rich-session?deferThinking=1&deferMedia=1&tree=summary 200 in 52ms (next.js: 44ms, proxy.ts: 3ms, application-code: 6ms)
 GET /api/sessions?sessionId=e2e-rich-session 200 in 53ms (next.js: 4ms, proxy.ts: 2ms, application-code: 47ms)
 GET /api/sessions?sessionId=e2e-rich-session 200 in 27ms (next.js: 15ms, proxy.ts: 4ms, application-code: 8ms)
 GET /api/git/diff?cwd=%2Fhome%2Fxupeng%2F.cache%2Fpi-tmp%2F01a10f47-ae69-753b-a8de-d77bd690adfd%2Fask-user-full-e2e-qlwaxoau%2Fpi-web-e2e-XtiDMR%2Fproject&path=%2Fhome%2Fxupeng%2F.cache%2Fpi-tmp%2F01a10f47-ae69-753b-a8de-d77bd690adfd%2Fask-user-full-e2e-qlwaxoau%2Fpi-web-e2e-XtiDMR%2Fproject%2Fpreview.html 200 in 73ms (next.js: 11ms, proxy.ts: 15ms, application-code: 47ms)
 GET /api/agent/running 200 in 16ms (next.js: 5ms, proxy.ts: 10ms, application-code: 1.8ms)
 GET /api/git/status?cwd=%2Fhome%2Fxupeng%2F.cache%2Fpi-tmp%2F01a10f47-ae69-753b-a8de-d77bd690adfd%2Fask-user-full-e2e-qlwaxoau%2Fpi-web-e2e-XtiDMR%2Fproject 200 in 127ms (next.js: 6ms, proxy.ts: 6ms, application-code: 114ms)
 GET /api/files/home/xupeng/.cache/pi-tmp/01a10f47-ae69-753b-a8de-d77bd690adfd/ask-user-full-e2e-qlwaxoau/pi-web-e2e-XtiDMR/project?type=list 200 in 132ms (next.js: 85ms, proxy.ts: 9ms, application-code: 39ms)
 GET /?session=e2e-ask-user-session 200 in 58ms (next.js: 23ms, proxy.ts: 1.8ms, application-code: 33ms)
 GET /api/agent/e2e-rich-session/events 200 in 15.3s (next.js: 148ms, proxy.ts: 18ms, application-code: 15.2s)
 GET /api/projects 200 in 20ms (next.js: 9ms, proxy.ts: 8ms, application-code: 3ms)
 GET /api/open-in-explorer 200 in 24ms (next.js: 12ms, proxy.ts: 9ms, application-code: 4ms)
 GET /api/home 200 in 27ms (next.js: 16ms, proxy.ts: 9ms, application-code: 3ms)
 GET /api/open-in-explorer 200 in 39ms (next.js: 27ms, proxy.ts: 10ms, application-code: 2ms)
 GET /api/projects?force=1 200 in 48ms (next.js: 25ms, proxy.ts: 10ms, application-code: 14ms)
 GET /api/sessions?sessionId=e2e-ask-user-session 200 in 50ms (next.js: 19ms, proxy.ts: 9ms, application-code: 22ms)
 GET /api/agent/running 200 in 13ms (next.js: 3ms, proxy.ts: 8ms, application-code: 2ms)
 GET /api/home 200 in 15ms (next.js: 5ms, proxy.ts: 7ms, application-code: 2ms)
 GET /api/worktrees?cwd=%2Fhome%2Fxupeng%2F.cache%2Fpi-tmp%2F01a10f47-ae69-753b-a8de-d77bd690adfd%2Fask-user-full-e2e-qlwaxoau%2Fpi-web-e2e-XtiDMR%2Fproject 200 in 176ms (next.js: 11ms, proxy.ts: 8ms, application-code: 157ms)
 GET /api/sessions?projectKey=%2Fhome%2Fxupeng%2F.cache%2Fpi-tmp%2F01a10f47-ae69-753b-a8de-d77bd690adfd%2Fask-user-full-e2e-qlwaxoau%2Fpi-web-e2e-XtiDMR%2Fproject 200 in 176ms (next.js: 117ms, proxy.ts: 10ms, application-code: 49ms)
 GET /api/git/status?cwd=%2Fhome%2Fxupeng%2F.cache%2Fpi-tmp%2F01a10f47-ae69-753b-a8de-d77bd690adfd%2Fask-user-full-e2e-qlwaxoau%2Fpi-web-e2e-XtiDMR%2Fproject 200 in 177ms (next.js: 121ms, proxy.ts: 12ms, application-code: 44ms)
 GET /api/git/status?cwd=%2Fhome%2Fxupeng%2F.cache%2Fpi-tmp%2F01a10f47-ae69-753b-a8de-d77bd690adfd%2Fask-user-full-e2e-qlwaxoau%2Fpi-web-e2e-XtiDMR%2Fproject 200 in 179ms (next.js: 64ms, proxy.ts: 9ms, application-code: 106ms)
 GET /api/files/home/xupeng/.cache/pi-tmp/01a10f47-ae69-753b-a8de-d77bd690adfd/ask-user-full-e2e-qlwaxoau/pi-web-e2e-XtiDMR/project?type=list 200 in 303ms (next.js: 214ms, proxy.ts: 9ms, application-code: 81ms)
 GET /api/files/home/xupeng/.cache/pi-tmp/01a10f47-ae69-753b-a8de-d77bd690adfd/ask-user-full-e2e-qlwaxoau/pi-web-e2e-XtiDMR/project?type=list 200 in 305ms (next.js: 250ms, proxy.ts: 11ms, application-code: 44ms)
 GET /api/project-trust?cwd=%2Fhome%2Fxupeng%2F.cache%2Fpi-tmp%2F01a10f47-ae69-753b-a8de-d77bd690adfd%2Fask-user-full-e2e-qlwaxoau%2Fpi-web-e2e-XtiDMR%2Fproject 200 in 128ms (next.js: 75ms, proxy.ts: 48ms, application-code: 4ms)
 GET /api/file-index?cwd=%2Fhome%2Fxupeng%2F.cache%2Fpi-tmp%2F01a10f47-ae69-753b-a8de-d77bd690adfd%2Fask-user-full-e2e-qlwaxoau%2Fpi-web-e2e-XtiDMR%2Fproject 200 in 140ms (next.js: 10ms, proxy.ts: 48ms, application-code: 82ms)
 GET /api/sessions?projectKey=%2Fhome%2Fxupeng%2F.cache%2Fpi-tmp%2F01a10f47-ae69-753b-a8de-d77bd690adfd%2Fask-user-full-e2e-qlwaxoau%2Fpi-web-e2e-XtiDMR%2Fproject 200 in 101ms (next.js: 81ms, proxy.ts: 10ms, application-code: 11ms)
 GET /api/models?cwd=%2Fhome%2Fxupeng%2F.cache%2Fpi-tmp%2F01a10f47-ae69-753b-a8de-d77bd690adfd%2Fask-user-full-e2e-qlwaxoau%2Fpi-web-e2e-XtiDMR%2Fproject 200 in 97ms (next.js: 7ms, proxy.ts: 86ms, application-code: 3ms)
 GET /api/sessions/e2e-ask-user-session?deferThinking=1&deferMedia=1&tree=summary&force=1 200 in 143ms (next.js: 56ms, proxy.ts: 79ms, application-code: 8ms)
 GET /api/sessions/e2e-ask-user-session?deferThinking=1&deferMedia=1&tree=summary&force=1 200 in 141ms (next.js: 53ms, proxy.ts: 84ms, application-code: 4ms)
[pi-web] session_start dispatched to extensions for session e2e-ask-user-session
 GET /api/sessions/e2e-ask-user-session/state 200 in 68ms (next.js: 42ms, proxy.ts: 23ms, application-code: 4ms)
 POST /api/agent/e2e-ask-user-session 200 in 54ms (next.js: 46ms, proxy.ts: 4ms, application-code: 4ms)
 GET /?session=e2e-ask-user-session 200 in 53ms (next.js: 4ms, proxy.ts: 2.0ms, application-code: 47ms)
 GET /api/agent/e2e-ask-user-session/events 200 in 1662ms (next.js: 92ms, proxy.ts: 5ms, application-code: 1564ms)
 GET /api/projects 200 in 21ms (next.js: 9ms, proxy.ts: 9ms, application-code: 3ms)
 GET /api/open-in-explorer 200 in 24ms (next.js: 12ms, proxy.ts: 9ms, application-code: 3ms)
 GET /api/home 200 in 27ms (next.js: 15ms, proxy.ts: 9ms, application-code: 2ms)
 GET /api/open-in-explorer 200 in 38ms (next.js: 25ms, proxy.ts: 10ms, application-code: 2ms)
 GET /api/sessions?sessionId=e2e-ask-user-session 200 in 54ms (next.js: 18ms, proxy.ts: 10ms, application-code: 27ms)
 GET /api/projects?force=1 200 in 58ms (next.js: 23ms, proxy.ts: 10ms, application-code: 24ms)
 GET /api/agent/running 200 in 11ms (next.js: 4ms, proxy.ts: 6ms, application-code: 1.6ms)
 GET /api/home 200 in 13ms (next.js: 5ms, proxy.ts: 6ms, application-code: 2ms)
 GET /api/worktrees?cwd=%2Fhome%2Fxupeng%2F.cache%2Fpi-tmp%2F01a10f47-ae69-753b-a8de-d77bd690adfd%2Fask-user-full-e2e-qlwaxoau%2Fpi-web-e2e-XtiDMR%2Fproject 200 in 137ms (next.js: 9ms, proxy.ts: 8ms, application-code: 119ms)
 GET /api/sessions?projectKey=%2Fhome%2Fxupeng%2F.cache%2Fpi-tmp%2F01a10f47-ae69-753b-a8de-d77bd690adfd%2Fask-user-full-e2e-qlwaxoau%2Fpi-web-e2e-XtiDMR%2Fproject 200 in 137ms (next.js: 84ms, proxy.ts: 9ms, application-code: 43ms)
 GET /api/git/status?cwd=%2Fhome%2Fxupeng%2F.cache%2Fpi-tmp%2F01a10f47-ae69-753b-a8de-d77bd690adfd%2Fask-user-full-e2e-qlwaxoau%2Fpi-web-e2e-XtiDMR%2Fproject 200 in 139ms (next.js: 51ms, proxy.ts: 9ms, application-code: 78ms)
 GET /api/git/status?cwd=%2Fhome%2Fxupeng%2F.cache%2Fpi-tmp%2F01a10f47-ae69-753b-a8de-d77bd690adfd%2Fask-user-full-e2e-qlwaxoau%2Fpi-web-e2e-XtiDMR%2Fproject 200 in 206ms (next.js: 88ms, proxy.ts: 10ms, application-code: 107ms)
 GET /api/files/home/xupeng/.cache/pi-tmp/01a10f47-ae69-753b-a8de-d77bd690adfd/ask-user-full-e2e-qlwaxoau/pi-web-e2e-XtiDMR/project?type=list 200 in 249ms (next.js: 164ms, proxy.ts: 9ms, application-code: 76ms)
 GET /api/files/home/xupeng/.cache/pi-tmp/01a10f47-ae69-753b-a8de-d77bd690adfd/ask-user-full-e2e-qlwaxoau/pi-web-e2e-XtiDMR/project?type=list 200 in 249ms (next.js: 199ms, proxy.ts: 10ms, application-code: 40ms)
 GET /api/file-index?cwd=%2Fhome%2Fxupeng%2F.cache%2Fpi-tmp%2F01a10f47-ae69-753b-a8de-d77bd690adfd%2Fask-user-full-e2e-qlwaxoau%2Fpi-web-e2e-XtiDMR%2Fproject 200 in 54ms (next.js: 8ms, proxy.ts: 44ms, application-code: 2ms)
 GET /api/project-trust?cwd=%2Fhome%2Fxupeng%2F.cache%2Fpi-tmp%2F01a10f47-ae69-753b-a8de-d77bd690adfd%2Fask-user-full-e2e-qlwaxoau%2Fpi-web-e2e-XtiDMR%2Fproject 200 in 58ms (next.js: 11ms, proxy.ts: 44ms, application-code: 3ms)
 GET /api/sessions?projectKey=%2Fhome%2Fxupeng%2F.cache%2Fpi-tmp%2F01a10f47-ae69-753b-a8de-d77bd690adfd%2Fask-user-full-e2e-qlwaxoau%2Fpi-web-e2e-XtiDMR%2Fproject 200 in 31ms (next.js: 13ms, proxy.ts: 9ms, application-code: 9ms)
 GET /api/models?cwd=%2Fhome%2Fxupeng%2F.cache%2Fpi-tmp%2F01a10f47-ae69-753b-a8de-d77bd690adfd%2Fask-user-full-e2e-qlwaxoau%2Fpi-web-e2e-XtiDMR%2Fproject 200 in 21ms (next.js: 5ms, proxy.ts: 13ms, application-code: 3ms)
 GET /api/sessions/e2e-ask-user-session?deferThinking=1&deferMedia=1&tree=summary&force=1 200 in 79ms (next.js: 56ms, proxy.ts: 14ms, application-code: 9ms)
 GET /api/sessions/e2e-ask-user-session?deferThinking=1&deferMedia=1&tree=summary&force=1 200 in 78ms (next.js: 53ms, proxy.ts: 19ms, application-code: 5ms)
 GET /api/sessions/e2e-ask-user-session/state 200 in 52ms (next.js: 45ms, proxy.ts: 4ms, application-code: 3ms)
 POST /api/agent/e2e-ask-user-session 200 in 58ms (next.js: 51ms, proxy.ts: 3ms, application-code: 4ms)
 GET /?session=e2e-status-tail-session 200 in 39ms (next.js: 4ms, proxy.ts: 3ms, application-code: 33ms)
 GET /api/agent/e2e-ask-user-session/events 200 in 750ms (next.js: 96ms, proxy.ts: 7ms, application-code: 647ms)
 GET /api/projects 200 in 23ms (next.js: 11ms, proxy.ts: 9ms, application-code: 3ms)
 GET /api/open-in-explorer 200 in 25ms (next.js: 13ms, proxy.ts: 9ms, application-code: 2ms)
 GET /api/home 200 in 27ms (next.js: 16ms, proxy.ts: 9ms, application-code: 2ms)
 GET /api/open-in-explorer 200 in 40ms (next.js: 25ms, proxy.ts: 12ms, application-code: 3ms)
 GET /api/sessions?sessionId=e2e-status-tail-session 200 in 50ms (next.js: 18ms, proxy.ts: 10ms, application-code: 22ms)
 GET /api/projects?force=1 200 in 51ms (next.js: 23ms, proxy.ts: 11ms, application-code: 17ms)
 GET /api/agent/running 200 in 16ms (next.js: 3ms, proxy.ts: 10ms, application-code: 2ms)
 GET /api/home 200 in 19ms (next.js: 6ms, proxy.ts: 10ms, application-code: 2ms)
 GET /api/worktrees?cwd=%2Fhome%2Fxupeng%2F.cache%2Fpi-tmp%2F01a10f47-ae69-753b-a8de-d77bd690adfd%2Fask-user-full-e2e-qlwaxoau%2Fpi-web-e2e-XtiDMR%2Fproject 200 in 115ms (next.js: 9ms, proxy.ts: 11ms, application-code: 94ms)
 GET /api/sessions?projectKey=%2Fhome%2Fxupeng%2F.cache%2Fpi-tmp%2F01a10f47-ae69-753b-a8de-d77bd690adfd%2Fask-user-full-e2e-qlwaxoau%2Fpi-web-e2e-XtiDMR%2Fproject 200 in 114ms (next.js: 50ms, proxy.ts: 11ms, application-code: 53ms)
 GET /api/git/status?cwd=%2Fhome%2Fxupeng%2F.cache%2Fpi-tmp%2F01a10f47-ae69-753b-a8de-d77bd690adfd%2Fask-user-full-e2e-qlwaxoau%2Fpi-web-e2e-XtiDMR%2Fproject 200 in 117ms (next.js: 29ms, proxy.ts: 11ms, application-code: 77ms)
 GET /api/git/status?cwd=%2Fhome%2Fxupeng%2F.cache%2Fpi-tmp%2F01a10f47-ae69-753b-a8de-d77bd690adfd%2Fask-user-full-e2e-qlwaxoau%2Fpi-web-e2e-XtiDMR%2Fproject 200 in 164ms (next.js: 69ms, proxy.ts: 12ms, application-code: 83ms)
 GET /api/files/home/xupeng/.cache/pi-tmp/01a10f47-ae69-753b-a8de-d77bd690adfd/ask-user-full-e2e-qlwaxoau/pi-web-e2e-XtiDMR/project?type=list 200 in 201ms (next.js: 133ms, proxy.ts: 10ms, application-code: 58ms)
 GET /api/files/home/xupeng/.cache/pi-tmp/01a10f47-ae69-753b-a8de-d77bd690adfd/ask-user-full-e2e-qlwaxoau/pi-web-e2e-XtiDMR/project?type=list 200 in 201ms (next.js: 157ms, proxy.ts: 11ms, application-code: 33ms)
 GET /api/file-index?cwd=%2Fhome%2Fxupeng%2F.cache%2Fpi-tmp%2F01a10f47-ae69-753b-a8de-d77bd690adfd%2Fask-user-full-e2e-qlwaxoau%2Fpi-web-e2e-XtiDMR%2Fproject 200 in 28ms (next.js: 14ms, proxy.ts: 10ms, application-code: 3ms)
 GET /api/project-trust?cwd=%2Fhome%2Fxupeng%2F.cache%2Fpi-tmp%2F01a10f47-ae69-753b-a8de-d77bd690adfd%2Fask-user-full-e2e-qlwaxoau%2Fpi-web-e2e-XtiDMR%2Fproject 200 in 34ms (next.js: 18ms, proxy.ts: 11ms, application-code: 5ms)
 GET /api/sessions?projectKey=%2Fhome%2Fxupeng%2F.cache%2Fpi-tmp%2F01a10f47-ae69-753b-a8de-d77bd690adfd%2Fask-user-full-e2e-qlwaxoau%2Fpi-web-e2e-XtiDMR%2Fproject 200 in 43ms (next.js: 24ms, proxy.ts: 11ms, application-code: 8ms)
 GET /api/models?cwd=%2Fhome%2Fxupeng%2F.cache%2Fpi-tmp%2F01a10f47-ae69-753b-a8de-d77bd690adfd%2Fask-user-full-e2e-qlwaxoau%2Fpi-web-e2e-XtiDMR%2Fproject 200 in 34ms (next.js: 5ms, proxy.ts: 26ms, application-code: 3ms)
 GET /api/sessions/e2e-status-tail-session?deferThinking=1&deferMedia=1&tree=summary&force=1 200 in 69ms (next.js: 38ms, proxy.ts: 23ms, application-code: 8ms)
 GET /api/sessions/e2e-status-tail-session?deferThinking=1&deferMedia=1&tree=summary&force=1 200 in 67ms (next.js: 41ms, proxy.ts: 22ms, application-code: 5ms)
 GET /api/agent/running 200 in 5ms (next.js: 1.3ms, proxy.ts: 1.7ms, application-code: 1.6ms)
 GET /?session=e2e-rich-session 200 in 46ms (next.js: 5ms, proxy.ts: 2ms, application-code: 39ms)
 GET /api/projects 200 in 24ms (next.js: 12ms, proxy.ts: 10ms, application-code: 3ms)
 GET /api/open-in-explorer 200 in 28ms (next.js: 15ms, proxy.ts: 10ms, application-code: 3ms)
 GET /api/home 200 in 31ms (next.js: 18ms, proxy.ts: 10ms, application-code: 3ms)
 GET /api/open-in-explorer 200 in 45ms (next.js: 29ms, proxy.ts: 12ms, application-code: 4ms)
 GET /api/projects?force=1 200 in 53ms (next.js: 27ms, proxy.ts: 12ms, application-code: 14ms)
 GET /api/sessions?sessionId=e2e-rich-session 200 in 55ms (next.js: 21ms, proxy.ts: 11ms, application-code: 23ms)
 GET /api/agent/running 200 in 9ms (next.js: 2ms, proxy.ts: 6ms, application-code: 1.6ms)
 GET /api/home 200 in 11ms (next.js: 4ms, proxy.ts: 6ms, application-code: 1.7ms)
 GET /api/git/status?cwd=%2Fhome%2Fxupeng%2F.cache%2Fpi-tmp%2F01a10f47-ae69-753b-a8de-d77bd690adfd%2Fask-user-full-e2e-qlwaxoau%2Fpi-web-e2e-XtiDMR%2Fproject 200 in 83ms (next.js: 29ms, proxy.ts: 11ms, application-code: 43ms)
 GET /api/worktrees?cwd=%2Fhome%2Fxupeng%2F.cache%2Fpi-tmp%2F01a10f47-ae69-753b-a8de-d77bd690adfd%2Fask-user-full-e2e-qlwaxoau%2Fpi-web-e2e-XtiDMR%2Fproject 200 in 86ms (next.js: 10ms, proxy.ts: 10ms, application-code: 66ms)
 GET /api/sessions?projectKey=%2Fhome%2Fxupeng%2F.cache%2Fpi-tmp%2F01a10f47-ae69-753b-a8de-d77bd690adfd%2Fask-user-full-e2e-qlwaxoau%2Fpi-web-e2e-XtiDMR%2Fproject 200 in 86ms (next.js: 45ms, proxy.ts: 12ms, application-code: 29ms)
 GET /api/git/status?cwd=%2Fhome%2Fxupeng%2F.cache%2Fpi-tmp%2F01a10f47-ae69-753b-a8de-d77bd690adfd%2Fask-user-full-e2e-qlwaxoau%2Fpi-web-e2e-XtiDMR%2Fproject 200 in 85ms (next.js: 50ms, proxy.ts: 11ms, application-code: 24ms)
 GET /api/files/home/xupeng/.cache/pi-tmp/01a10f47-ae69-753b-a8de-d77bd690adfd/ask-user-full-e2e-qlwaxoau/pi-web-e2e-XtiDMR/project?type=list 200 in 150ms (next.js: 98ms, proxy.ts: 11ms, application-code: 41ms)
 GET /api/files/home/xupeng/.cache/pi-tmp/01a10f47-ae69-753b-a8de-d77bd690adfd/ask-user-full-e2e-qlwaxoau/pi-web-e2e-XtiDMR/project?type=list 200 in 151ms (next.js: 117ms, proxy.ts: 12ms, application-code: 23ms)
 GET /api/project-trust?cwd=%2Fhome%2Fxupeng%2F.cache%2Fpi-tmp%2F01a10f47-ae69-753b-a8de-d77bd690adfd%2Fask-user-full-e2e-qlwaxoau%2Fpi-web-e2e-XtiDMR%2Fproject 200 in 72ms (next.js: 42ms, proxy.ts: 26ms, application-code: 4ms)
 GET /api/file-index?cwd=%2Fhome%2Fxupeng%2F.cache%2Fpi-tmp%2F01a10f47-ae69-753b-a8de-d77bd690adfd%2Fask-user-full-e2e-qlwaxoau%2Fpi-web-e2e-XtiDMR%2Fproject 200 in 86ms (next.js: 10ms, proxy.ts: 26ms, application-code: 51ms)
 GET /api/sessions?projectKey=%2Fhome%2Fxupeng%2F.cache%2Fpi-tmp%2F01a10f47-ae69-753b-a8de-d77bd690adfd%2Fask-user-full-e2e-qlwaxoau%2Fpi-web-e2e-XtiDMR%2Fproject 200 in 68ms (next.js: 46ms, proxy.ts: 9ms, application-code: 13ms)
 GET /api/models?cwd=%2Fhome%2Fxupeng%2F.cache%2Fpi-tmp%2F01a10f47-ae69-753b-a8de-d77bd690adfd%2Fask-user-full-e2e-qlwaxoau%2Fpi-web-e2e-XtiDMR%2Fproject 200 in 66ms (next.js: 6ms, proxy.ts: 55ms, application-code: 4ms)
 GET /api/sessions/e2e-rich-session?deferThinking=1&deferMedia=1&tree=summary&force=1 200 in 97ms (next.js: 42ms, proxy.ts: 45ms, application-code: 10ms)
 GET /api/sessions/e2e-rich-session?deferThinking=1&deferMedia=1&tree=summary&force=1 200 in 98ms (next.js: 40ms, proxy.ts: 52ms, application-code: 6ms)
 GET /api/sessions/e2e-rich-session/state 200 in 30ms (next.js: 23ms, proxy.ts: 3ms, application-code: 4ms)
 POST /api/agent/e2e-rich-session 200 in 30ms (next.js: 22ms, proxy.ts: 3ms, application-code: 5ms)
 GET /?session=e2e-rich-session 200 in 53ms (next.js: 4ms, proxy.ts: 2ms, application-code: 46ms)
 GET /api/agent/e2e-rich-session/events 200 in 497ms (next.js: 51ms, proxy.ts: 8ms, application-code: 437ms)
 GET /api/projects 200 in 37ms (next.js: 11ms, proxy.ts: 20ms, application-code: 5ms)
 GET /api/open-in-explorer 200 in 42ms (next.js: 17ms, proxy.ts: 21ms, application-code: 4ms)
 GET /api/home 200 in 44ms (next.js: 26ms, proxy.ts: 16ms, application-code: 2ms)
 GET /api/open-in-explorer 200 in 45ms (next.js: 29ms, proxy.ts: 14ms, application-code: 2ms)
 GET /api/projects?force=1 200 in 53ms (next.js: 28ms, proxy.ts: 13ms, application-code: 12ms)
 GET /api/sessions?sessionId=e2e-rich-session 200 in 58ms (next.js: 21ms, proxy.ts: 14ms, application-code: 23ms)
 GET /api/agent/running 200 in 15ms (next.js: 4ms, proxy.ts: 8ms, application-code: 3ms)
 GET /api/home 200 in 15ms (next.js: 6ms, proxy.ts: 7ms, application-code: 1.9ms)
 GET /api/worktrees?cwd=%2Fhome%2Fxupeng%2F.cache%2Fpi-tmp%2F01a10f47-ae69-753b-a8de-d77bd690adfd%2Fask-user-full-e2e-qlwaxoau%2Fpi-web-e2e-XtiDMR%2Fproject 200 in 119ms (next.js: 14ms, proxy.ts: 10ms, application-code: 96ms)
 GET /api/sessions?projectKey=%2Fhome%2Fxupeng%2F.cache%2Fpi-tmp%2F01a10f47-ae69-753b-a8de-d77bd690adfd%2Fask-user-full-e2e-qlwaxoau%2Fpi-web-e2e-XtiDMR%2Fproject 200 in 119ms (next.js: 60ms, proxy.ts: 15ms, application-code: 45ms)
 GET /api/git/status?cwd=%2Fhome%2Fxupeng%2F.cache%2Fpi-tmp%2F01a10f47-ae69-753b-a8de-d77bd690adfd%2Fask-user-full-e2e-qlwaxoau%2Fpi-web-e2e-XtiDMR%2Fproject 200 in 120ms (next.js: 67ms, proxy.ts: 15ms, application-code: 38ms)
 GET /api/git/status?cwd=%2Fhome%2Fxupeng%2F.cache%2Fpi-tmp%2F01a10f47-ae69-753b-a8de-d77bd690adfd%2Fask-user-full-e2e-qlwaxoau%2Fpi-web-e2e-XtiDMR%2Fproject 200 in 123ms (next.js: 33ms, proxy.ts: 14ms, application-code: 75ms)
 GET /api/files/home/xupeng/.cache/pi-tmp/01a10f47-ae69-753b-a8de-d77bd690adfd/ask-user-full-e2e-qlwaxoau/pi-web-e2e-XtiDMR/project?type=list 200 in 206ms (next.js: 138ms, proxy.ts: 11ms, application-code: 56ms)
 GET /api/files/home/xupeng/.cache/pi-tmp/01a10f47-ae69-753b-a8de-d77bd690adfd/ask-user-full-e2e-qlwaxoau/pi-web-e2e-XtiDMR/project?type=list 200 in 207ms (next.js: 158ms, proxy.ts: 15ms, application-code: 34ms)
 GET /api/file-index?cwd=%2Fhome%2Fxupeng%2F.cache%2Fpi-tmp%2F01a10f47-ae69-753b-a8de-d77bd690adfd%2Fask-user-full-e2e-qlwaxoau%2Fpi-web-e2e-XtiDMR%2Fproject 200 in 58ms (next.js: 16ms, proxy.ts: 39ms, application-code: 3ms)
 GET /api/project-trust?cwd=%2Fhome%2Fxupeng%2F.cache%2Fpi-tmp%2F01a10f47-ae69-753b-a8de-d77bd690adfd%2Fask-user-full-e2e-qlwaxoau%2Fpi-web-e2e-XtiDMR%2Fproject 200 in 65ms (next.js: 20ms, proxy.ts: 39ms, application-code: 6ms)
 GET /api/sessions?projectKey=%2Fhome%2Fxupeng%2F.cache%2Fpi-tmp%2F01a10f47-ae69-753b-a8de-d77bd690adfd%2Fask-user-full-e2e-qlwaxoau%2Fpi-web-e2e-XtiDMR%2Fproject 200 in 60ms (next.js: 26ms, proxy.ts: 13ms, application-code: 21ms)
 GET /api/sessions/e2e-rich-session?deferThinking=1&deferMedia=1&tree=summary&force=1 200 in 128ms (next.js: 78ms, proxy.ts: 24ms, application-code: 26ms)
 GET /api/sessions/e2e-rich-session?deferThinking=1&deferMedia=1&tree=summary&force=1 200 in 138ms (next.js: 72ms, proxy.ts: 32ms, application-code: 33ms)
 GET /api/models?cwd=%2Fhome%2Fxupeng%2F.cache%2Fpi-tmp%2F01a10f47-ae69-753b-a8de-d77bd690adfd%2Fask-user-full-e2e-qlwaxoau%2Fpi-web-e2e-XtiDMR%2Fproject 200 in 144ms (next.js: 16ms, proxy.ts: 33ms, application-code: 95ms)
 GET /api/sessions/e2e-rich-session/state 200 in 31ms (next.js: 24ms, proxy.ts: 3ms, application-code: 3ms)
 POST /api/agent/e2e-rich-session 200 in 25ms (next.js: 19ms, proxy.ts: 3ms, application-code: 3ms)
 GET /?session=e2e-rich-session 200 in 50ms (next.js: 6ms, proxy.ts: 2ms, application-code: 42ms)
 GET /api/agent/e2e-rich-session/events 200 in 2.2s (next.js: 117ms, proxy.ts: 14ms, application-code: 2.1s)
 GET /api/projects 200 in 16ms (next.js: 6ms, proxy.ts: 8ms, application-code: 1.8ms)
 GET /api/open-in-explorer 200 in 18ms (next.js: 8ms, proxy.ts: 8ms, application-code: 1.7ms)
 GET /api/home 200 in 20ms (next.js: 10ms, proxy.ts: 8ms, application-code: 1.6ms)
 GET /api/open-in-explorer 200 in 28ms (next.js: 18ms, proxy.ts: 8ms, application-code: 2ms)
 GET /api/projects?force=1 200 in 34ms (next.js: 16ms, proxy.ts: 8ms, application-code: 11ms)
 GET /api/sessions?sessionId=e2e-rich-session 200 in 37ms (next.js: 12ms, proxy.ts: 8ms, application-code: 17ms)
 GET /api/agent/running 200 in 10ms (next.js: 3ms, proxy.ts: 6ms, application-code: 1.7ms)
 GET /api/home 200 in 13ms (next.js: 4ms, proxy.ts: 6ms, application-code: 2.0ms)
 GET /api/worktrees?cwd=%2Fhome%2Fxupeng%2F.cache%2Fpi-tmp%2F01a10f47-ae69-753b-a8de-d77bd690adfd%2Fask-user-full-e2e-qlwaxoau%2Fpi-web-e2e-XtiDMR%2Fproject 200 in 83ms (next.js: 9ms, proxy.ts: 7ms, application-code: 68ms)
 GET /api/sessions?projectKey=%2Fhome%2Fxupeng%2F.cache%2Fpi-tmp%2F01a10f47-ae69-753b-a8de-d77bd690adfd%2Fask-user-full-e2e-qlwaxoau%2Fpi-web-e2e-XtiDMR%2Fproject 200 in 84ms (next.js: 26ms, proxy.ts: 7ms, application-code: 51ms)
 GET /api/git/status?cwd=%2Fhome%2Fxupeng%2F.cache%2Fpi-tmp%2F01a10f47-ae69-753b-a8de-d77bd690adfd%2Fask-user-full-e2e-qlwaxoau%2Fpi-web-e2e-XtiDMR%2Fproject 200 in 84ms (next.js: 51ms, proxy.ts: 9ms, application-code: 24ms)
 GET /api/git/status?cwd=%2Fhome%2Fxupeng%2F.cache%2Fpi-tmp%2F01a10f47-ae69-753b-a8de-d77bd690adfd%2Fask-user-full-e2e-qlwaxoau%2Fpi-web-e2e-XtiDMR%2Fproject 200 in 85ms (next.js: 32ms, proxy.ts: 8ms, application-code: 45ms)
 GET /api/files/home/xupeng/.cache/pi-tmp/01a10f47-ae69-753b-a8de-d77bd690adfd/ask-user-full-e2e-qlwaxoau/pi-web-e2e-XtiDMR/project?type=list 200 in 166ms (next.js: 102ms, proxy.ts: 7ms, application-code: 57ms)
 GET /api/files/home/xupeng/.cache/pi-tmp/01a10f47-ae69-753b-a8de-d77bd690adfd/ask-user-full-e2e-qlwaxoau/pi-web-e2e-XtiDMR/project?type=list 200 in 167ms (next.js: 127ms, proxy.ts: 8ms, application-code: 32ms)
 GET /api/file-index?cwd=%2Fhome%2Fxupeng%2F.cache%2Fpi-tmp%2F01a10f47-ae69-753b-a8de-d77bd690adfd%2Fask-user-full-e2e-qlwaxoau%2Fpi-web-e2e-XtiDMR%2Fproject 200 in 49ms (next.js: 11ms, proxy.ts: 35ms, application-code: 3ms)
 GET /api/project-trust?cwd=%2Fhome%2Fxupeng%2F.cache%2Fpi-tmp%2F01a10f47-ae69-753b-a8de-d77bd690adfd%2Fask-user-full-e2e-qlwaxoau%2Fpi-web-e2e-XtiDMR%2Fproject 200 in 28ms (next.js: 12ms, proxy.ts: 11ms, application-code: 5ms)
 GET /api/sessions?projectKey=%2Fhome%2Fxupeng%2F.cache%2Fpi-tmp%2F01a10f47-ae69-753b-a8de-d77bd690adfd%2Fask-user-full-e2e-qlwaxoau%2Fpi-web-e2e-XtiDMR%2Fproject 200 in 44ms (next.js: 17ms, proxy.ts: 11ms, application-code: 15ms)
 GET /api/models?cwd=%2Fhome%2Fxupeng%2F.cache%2Fpi-tmp%2F01a10f47-ae69-753b-a8de-d77bd690adfd%2Fask-user-full-e2e-qlwaxoau%2Fpi-web-e2e-XtiDMR%2Fproject 200 in 42ms (next.js: 8ms, proxy.ts: 28ms, application-code: 5ms)
 GET /api/sessions/e2e-rich-session?deferThinking=1&deferMedia=1&tree=summary&force=1 200 in 84ms (next.js: 43ms, proxy.ts: 26ms, application-code: 15ms)
 GET /api/sessions/e2e-rich-session?deferThinking=1&deferMedia=1&tree=summary&force=1 200 in 84ms (next.js: 48ms, proxy.ts: 26ms, application-code: 10ms)
 GET /api/sessions/e2e-rich-session/state 200 in 28ms (next.js: 23ms, proxy.ts: 2ms, application-code: 3ms)
 POST /api/agent/e2e-rich-session 200 in 27ms (next.js: 20ms, proxy.ts: 4ms, application-code: 3ms)
 GET /?session=e2e-rich-session 200 in 43ms (next.js: 4ms, proxy.ts: 2ms, application-code: 37ms)
 GET /api/agent/e2e-rich-session/events 200 in 644ms (next.js: 68ms, proxy.ts: 10ms, application-code: 566ms)
 GET /api/projects 200 in 49ms (next.js: 14ms, proxy.ts: 32ms, application-code: 3ms)
 GET /api/open-in-explorer 200 in 44ms (next.js: 16ms, proxy.ts: 24ms, application-code: 4ms)
 GET /api/home 200 in 48ms (next.js: 21ms, proxy.ts: 22ms, application-code: 5ms)
 GET /api/open-in-explorer 200 in 59ms (next.js: 38ms, proxy.ts: 20ms, application-code: 2ms)
 GET /api/projects?force=1 200 in 67ms (next.js: 35ms, proxy.ts: 19ms, application-code: 13ms)
 GET /api/sessions?sessionId=e2e-rich-session 200 in 70ms (next.js: 27ms, proxy.ts: 19ms, application-code: 24ms)
 GET /api/agent/running 200 in 12ms (next.js: 3ms, proxy.ts: 7ms, application-code: 2ms)
 GET /api/home 200 in 15ms (next.js: 6ms, proxy.ts: 7ms, application-code: 2ms)
 GET /api/worktrees?cwd=%2Fhome%2Fxupeng%2F.cache%2Fpi-tmp%2F01a10f47-ae69-753b-a8de-d77bd690adfd%2Fask-user-full-e2e-qlwaxoau%2Fpi-web-e2e-XtiDMR%2Fproject 200 in 46ms (next.js: 12ms, proxy.ts: 4ms, application-code: 30ms)
 GET /api/git/status?cwd=%2Fhome%2Fxupeng%2F.cache%2Fpi-tmp%2F01a10f47-ae69-753b-a8de-d77bd690adfd%2Fask-user-full-e2e-qlwaxoau%2Fpi-web-e2e-XtiDMR%2Fproject 200 in 117ms (next.js: 12ms, proxy.ts: 33ms, application-code: 72ms)
 GET /api/sessions?projectKey=%2Fhome%2Fxupeng%2F.cache%2Fpi-tmp%2F01a10f47-ae69-753b-a8de-d77bd690adfd%2Fask-user-full-e2e-qlwaxoau%2Fpi-web-e2e-XtiDMR%2Fproject 200 in 120ms (next.js: 49ms, proxy.ts: 33ms, application-code: 38ms)
 GET /api/git/status?cwd=%2Fhome%2Fxupeng%2F.cache%2Fpi-tmp%2F01a10f47-ae69-753b-a8de-d77bd690adfd%2Fask-user-full-e2e-qlwaxoau%2Fpi-web-e2e-XtiDMR%2Fproject 200 in 184ms (next.js: 54ms, proxy.ts: 36ms, application-code: 94ms)
 GET /api/files/home/xupeng/.cache/pi-tmp/01a10f47-ae69-753b-a8de-d77bd690adfd/ask-user-full-e2e-qlwaxoau/pi-web-e2e-XtiDMR/project?type=list 200 in 215ms (next.js: 130ms, proxy.ts: 32ms, application-code: 53ms)
 GET /api/files/home/xupeng/.cache/pi-tmp/01a10f47-ae69-753b-a8de-d77bd690adfd/ask-user-full-e2e-qlwaxoau/pi-web-e2e-XtiDMR/project?type=list 200 in 215ms (next.js: 156ms, proxy.ts: 33ms, application-code: 27ms)
 GET /api/file-index?cwd=%2Fhome%2Fxupeng%2F.cache%2Fpi-tmp%2F01a10f47-ae69-753b-a8de-d77bd690adfd%2Fask-user-full-e2e-qlwaxoau%2Fpi-web-e2e-XtiDMR%2Fproject 200 in 45ms (next.js: 11ms, proxy.ts: 32ms, application-code: 2.0ms)
 GET /api/project-trust?cwd=%2Fhome%2Fxupeng%2F.cache%2Fpi-tmp%2F01a10f47-ae69-753b-a8de-d77bd690adfd%2Fask-user-full-e2e-qlwaxoau%2Fpi-web-e2e-XtiDMR%2Fproject 200 in 50ms (next.js: 13ms, proxy.ts: 33ms, application-code: 5ms)
 GET /api/sessions?projectKey=%2Fhome%2Fxupeng%2F.cache%2Fpi-tmp%2F01a10f47-ae69-753b-a8de-d77bd690adfd%2Fask-user-full-e2e-qlwaxoau%2Fpi-web-e2e-XtiDMR%2Fproject 200 in 63ms (next.js: 18ms, proxy.ts: 33ms, application-code: 12ms)
 GET /api/models?cwd=%2Fhome%2Fxupeng%2F.cache%2Fpi-tmp%2F01a10f47-ae69-753b-a8de-d77bd690adfd%2Fask-user-full-e2e-qlwaxoau%2Fpi-web-e2e-XtiDMR%2Fproject 200 in 35ms (next.js: 8ms, proxy.ts: 24ms, application-code: 3ms)
 GET /api/sessions/e2e-rich-session?deferThinking=1&deferMedia=1&tree=summary&force=1 200 in 75ms (next.js: 57ms, proxy.ts: 11ms, application-code: 6ms)
 GET /api/sessions/e2e-rich-session?deferThinking=1&deferMedia=1&tree=summary&force=1 200 in 74ms (next.js: 43ms, proxy.ts: 25ms, application-code: 5ms)
 GET /api/sessions/e2e-rich-session/state 200 in 37ms (next.js: 29ms, proxy.ts: 5ms, application-code: 3ms)
 POST /api/agent/e2e-rich-session 200 in 28ms (next.js: 22ms, proxy.ts: 2ms, application-code: 4ms)
 GET /api/web-auth 200 in 245ms (next.js: 230ms, proxy.ts: 11ms, application-code: 4ms)
 GET /api/web-auth 200 in 251ms (next.js: 240ms, proxy.ts: 9ms, application-code: 3ms)
 GET /api/extension-ui/settings 200 in 274ms (next.js: 265ms, proxy.ts: 6ms, application-code: 4ms)
 GET /api/extension-ui/settings 200 in 292ms (next.js: 279ms, proxy.ts: 10ms, application-code: 3ms)
 GET /api/tools/settings 200 in 333ms (next.js: 318ms, proxy.ts: 10ms, application-code: 5ms)
 GET /api/tools/settings 200 in 12ms (next.js: 4ms, proxy.ts: 5ms, application-code: 3ms)
 GET /api/models?cwd=%2Fhome%2Fxupeng%2F.cache%2Fpi-tmp%2F01a10f47-ae69-753b-a8de-d77bd690adfd%2Fask-user-full-e2e-qlwaxoau%2Fpi-web-e2e-XtiDMR%2Fproject 200 in 19ms (next.js: 8ms, proxy.ts: 6ms, application-code: 5ms)
 GET /api/web-auth 200 in 35ms (next.js: 13ms, proxy.ts: 18ms, application-code: 5ms)
 GET /api/extension-ui/settings 200 in 39ms (next.js: 18ms, proxy.ts: 18ms, application-code: 3ms)
 GET /api/tools/settings 200 in 37ms (next.js: 21ms, proxy.ts: 13ms, application-code: 3ms)
 GET /api/web-auth 200 in 41ms (next.js: 24ms, proxy.ts: 14ms, application-code: 3ms)
 GET /api/extension-ui/settings 200 in 45ms (next.js: 27ms, proxy.ts: 15ms, application-code: 3ms)
 GET /api/tools/settings 200 in 8ms (next.js: 2ms, proxy.ts: 3ms, application-code: 3ms)
 GET /api/models?cwd=%2Fhome%2Fxupeng%2F.cache%2Fpi-tmp%2F01a10f47-ae69-753b-a8de-d77bd690adfd%2Fask-user-full-e2e-qlwaxoau%2Fpi-web-e2e-XtiDMR%2Fproject 200 in 8ms (next.js: 2ms, proxy.ts: 3ms, application-code: 3ms)
 GET /api/web-auth 200 in 18ms (next.js: 8ms, proxy.ts: 7ms, application-code: 3ms)
 GET /api/extension-ui/settings 200 in 25ms (next.js: 12ms, proxy.ts: 8ms, application-code: 5ms)
 GET /api/tools/settings 200 in 33ms (next.js: 17ms, proxy.ts: 9ms, application-code: 7ms)
 GET /api/web-auth 200 in 39ms (next.js: 25ms, proxy.ts: 9ms, application-code: 4ms)
 GET /api/extension-ui/settings 200 in 46ms (next.js: 30ms, proxy.ts: 10ms, application-code: 6ms)
 GET /api/tools/settings 200 in 8ms (next.js: 2ms, proxy.ts: 3ms, application-code: 3ms)
 GET /api/models?cwd=%2Fhome%2Fxupeng%2F.cache%2Fpi-tmp%2F01a10f47-ae69-753b-a8de-d77bd690adfd%2Fask-user-full-e2e-qlwaxoau%2Fpi-web-e2e-XtiDMR%2Fproject 200 in 7ms (next.js: 1.6ms, proxy.ts: 2ms, application-code: 3ms)
 GET /api/web-auth 200 in 13ms (next.js: 6ms, proxy.ts: 5ms, application-code: 2ms)
 GET /api/extension-ui/settings 200 in 16ms (next.js: 8ms, proxy.ts: 6ms, application-code: 2ms)
 GET /api/tools/settings 200 in 18ms (next.js: 10ms, proxy.ts: 6ms, application-code: 2.0ms)
 GET /api/web-auth 200 in 21ms (next.js: 13ms, proxy.ts: 6ms, application-code: 2ms)
 GET /api/extension-ui/settings 200 in 23ms (next.js: 15ms, proxy.ts: 6ms, application-code: 1.9ms)
 GET /api/tools/settings 200 in 6ms (next.js: 1.9ms, proxy.ts: 2ms, application-code: 1.8ms)
 GET /api/agent/running 200 in 9ms (next.js: 4ms, proxy.ts: 2ms, application-code: 2ms)
 GET /api/models?cwd=%2Fhome%2Fxupeng%2F.cache%2Fpi-tmp%2F01a10f47-ae69-753b-a8de-d77bd690adfd%2Fask-user-full-e2e-qlwaxoau%2Fpi-web-e2e-XtiDMR%2Fproject 200 in 7ms (next.js: 1.6ms, proxy.ts: 2ms, application-code: 3ms)
 GET /?session=e2e-rich-session 200 in 34ms (next.js: 3ms, proxy.ts: 1.6ms, application-code: 30ms)
 GET /api/agent/e2e-rich-session/events 200 in 2.9s (next.js: 68ms, proxy.ts: 6ms, application-code: 2.9s)
 GET /api/projects 200 in 15ms (next.js: 6ms, proxy.ts: 6ms, application-code: 2ms)
 GET /api/open-in-explorer 200 in 18ms (next.js: 9ms, proxy.ts: 6ms, application-code: 2ms)
 GET /api/home 200 in 20ms (next.js: 12ms, proxy.ts: 7ms, application-code: 1.8ms)
 GET /api/open-in-explorer 200 in 28ms (next.js: 20ms, proxy.ts: 6ms, application-code: 1.6ms)
 GET /api/projects?force=1 200 in 34ms (next.js: 18ms, proxy.ts: 7ms, application-code: 10ms)
 GET /api/sessions?sessionId=e2e-rich-session 200 in 37ms (next.js: 14ms, proxy.ts: 7ms, application-code: 16ms)
 GET /api/agent/running 200 in 11ms (next.js: 3ms, proxy.ts: 7ms, application-code: 1.7ms)
 GET /api/home 200 in 14ms (next.js: 5ms, proxy.ts: 7ms, application-code: 1.7ms)
 GET /api/worktrees?cwd=%2Fhome%2Fxupeng%2F.cache%2Fpi-tmp%2F01a10f47-ae69-753b-a8de-d77bd690adfd%2Fask-user-full-e2e-qlwaxoau%2Fpi-web-e2e-XtiDMR%2Fproject 200 in 107ms (next.js: 9ms, proxy.ts: 7ms, application-code: 91ms)
 GET /api/sessions?projectKey=%2Fhome%2Fxupeng%2F.cache%2Fpi-tmp%2F01a10f47-ae69-753b-a8de-d77bd690adfd%2Fask-user-full-e2e-qlwaxoau%2Fpi-web-e2e-XtiDMR%2Fproject 200 in 107ms (next.js: 66ms, proxy.ts: 9ms, application-code: 33ms)
 GET /api/git/status?cwd=%2Fhome%2Fxupeng%2F.cache%2Fpi-tmp%2F01a10f47-ae69-753b-a8de-d77bd690adfd%2Fask-user-full-e2e-qlwaxoau%2Fpi-web-e2e-XtiDMR%2Fproject 200 in 107ms (next.js: 71ms, proxy.ts: 9ms, application-code: 27ms)
 GET /api/git/status?cwd=%2Fhome%2Fxupeng%2F.cache%2Fpi-tmp%2F01a10f47-ae69-753b-a8de-d77bd690adfd%2Fask-user-full-e2e-qlwaxoau%2Fpi-web-e2e-XtiDMR%2Fproject 200 in 109ms (next.js: 36ms, proxy.ts: 8ms, application-code: 65ms)
 GET /api/files/home/xupeng/.cache/pi-tmp/01a10f47-ae69-753b-a8de-d77bd690adfd/ask-user-full-e2e-qlwaxoau/pi-web-e2e-XtiDMR/project?type=list 200 in 189ms (next.js: 125ms, proxy.ts: 8ms, application-code: 56ms)
 GET /api/files/home/xupeng/.cache/pi-tmp/01a10f47-ae69-753b-a8de-d77bd690adfd/ask-user-full-e2e-qlwaxoau/pi-web-e2e-XtiDMR/project?type=list 200 in 190ms (next.js: 151ms, proxy.ts: 9ms, application-code: 30ms)
 GET /api/project-trust?cwd=%2Fhome%2Fxupeng%2F.cache%2Fpi-tmp%2F01a10f47-ae69-753b-a8de-d77bd690adfd%2Fask-user-full-e2e-qlwaxoau%2Fpi-web-e2e-XtiDMR%2Fproject 200 in 101ms (next.js: 63ms, proxy.ts: 34ms, application-code: 3ms)
 GET /api/file-index?cwd=%2Fhome%2Fxupeng%2F.cache%2Fpi-tmp%2F01a10f47-ae69-753b-a8de-d77bd690adfd%2Fask-user-full-e2e-qlwaxoau%2Fpi-web-e2e-XtiDMR%2Fproject 200 in 113ms (next.js: 14ms, proxy.ts: 33ms, application-code: 66ms)
 GET /api/sessions?projectKey=%2Fhome%2Fxupeng%2F.cache%2Fpi-tmp%2F01a10f47-ae69-753b-a8de-d77bd690adfd%2Fask-user-full-e2e-qlwaxoau%2Fpi-web-e2e-XtiDMR%2Fproject 200 in 87ms (next.js: 67ms, proxy.ts: 9ms, application-code: 10ms)
 GET /api/models?cwd=%2Fhome%2Fxupeng%2F.cache%2Fpi-tmp%2F01a10f47-ae69-753b-a8de-d77bd690adfd%2Fask-user-full-e2e-qlwaxoau%2Fpi-web-e2e-XtiDMR%2Fproject 200 in 25ms (next.js: 6ms, proxy.ts: 15ms, application-code: 4ms)
 GET /api/sessions/e2e-rich-session?deferThinking=1&deferMedia=1&tree=summary&force=1 200 in 123ms (next.js: 48ms, proxy.ts: 65ms, application-code: 10ms)
 GET /api/sessions/e2e-rich-session?deferThinking=1&deferMedia=1&tree=summary&force=1 200 in 120ms (next.js: 45ms, proxy.ts: 69ms, application-code: 6ms)
 GET /api/sessions/e2e-rich-session/state 200 in 37ms (next.js: 31ms, proxy.ts: 3ms, application-code: 3ms)
 POST /api/agent/e2e-rich-session 200 in 36ms (next.js: 29ms, proxy.ts: 4ms, application-code: 3ms)
 GET /api/web-auth 200 in 25ms (next.js: 11ms, proxy.ts: 10ms, application-code: 3ms)
 GET /api/extension-ui/settings 200 in 31ms (next.js: 16ms, proxy.ts: 11ms, application-code: 4ms)
 GET /api/tools/settings 200 in 37ms (next.js: 22ms, proxy.ts: 12ms, application-code: 3ms)
 GET /api/web-auth 200 in 41ms (next.js: 26ms, proxy.ts: 12ms, application-code: 3ms)
 GET /api/extension-ui/settings 200 in 37ms (next.js: 5ms, proxy.ts: 29ms, application-code: 3ms)
 GET /api/tools/settings 200 in 19ms (next.js: 4ms, proxy.ts: 10ms, application-code: 5ms)
 GET /api/models?cwd=%2Fhome%2Fxupeng%2F.cache%2Fpi-tmp%2F01a10f47-ae69-753b-a8de-d77bd690adfd%2Fask-user-full-e2e-qlwaxoau%2Fpi-web-e2e-XtiDMR%2Fproject 200 in 6ms (next.js: 1.5ms, proxy.ts: 2ms, application-code: 3ms)
 GET /api/agent/running 200 in 7ms (next.js: 2ms, proxy.ts: 2ms, application-code: 3ms)
 GET /api/web-auth 200 in 14ms (next.js: 7ms, proxy.ts: 5ms, application-code: 2ms)
 GET /api/extension-ui/settings 200 in 17ms (next.js: 9ms, proxy.ts: 6ms, application-code: 2ms)
 GET /api/tools/settings 200 in 20ms (next.js: 12ms, proxy.ts: 6ms, application-code: 2ms)
 GET /api/web-auth 200 in 25ms (next.js: 15ms, proxy.ts: 7ms, application-code: 4ms)
 GET /api/extension-ui/settings 200 in 30ms (next.js: 19ms, proxy.ts: 7ms, application-code: 3ms)
 GET /api/tools/settings 200 in 8ms (next.js: 2ms, proxy.ts: 3ms, application-code: 3ms)
 GET /?session=e2e-rich-session 200 in 47ms (next.js: 3ms, proxy.ts: 1.7ms, application-code: 42ms)
 GET /api/agent/e2e-rich-session/events 200 in 3.0s (next.js: 68ms, proxy.ts: 6ms, application-code: 2.9s)
 GET /api/projects 200 in 15ms (next.js: 7ms, proxy.ts: 7ms, application-code: 2ms)
 GET /api/open-in-explorer 200 in 18ms (next.js: 9ms, proxy.ts: 7ms, application-code: 2ms)
 GET /api/home 200 in 20ms (next.js: 12ms, proxy.ts: 7ms, application-code: 1.9ms)
 GET /api/open-in-explorer 200 in 30ms (next.js: 20ms, proxy.ts: 7ms, application-code: 3ms)
 GET /api/projects?force=1 200 in 37ms (next.js: 18ms, proxy.ts: 7ms, application-code: 12ms)
 GET /api/sessions?sessionId=e2e-rich-session 200 in 39ms (next.js: 14ms, proxy.ts: 7ms, application-code: 18ms)
 GET /api/agent/running 200 in 10ms (next.js: 2ms, proxy.ts: 6ms, application-code: 1.8ms)
 GET /api/home 200 in 12ms (next.js: 4ms, proxy.ts: 6ms, application-code: 1.6ms)
 GET /api/sessions?projectKey=%2Fhome%2Fxupeng%2F.cache%2Fpi-tmp%2F01a10f47-ae69-753b-a8de-d77bd690adfd%2Fask-user-full-e2e-qlwaxoau%2Fpi-web-e2e-XtiDMR%2Fproject 200 in 96ms (next.js: 56ms, proxy.ts: 8ms, application-code: 31ms)
 GET /api/git/status?cwd=%2Fhome%2Fxupeng%2F.cache%2Fpi-tmp%2F01a10f47-ae69-753b-a8de-d77bd690adfd%2Fask-user-full-e2e-qlwaxoau%2Fpi-web-e2e-XtiDMR%2Fproject 200 in 98ms (next.js: 33ms, proxy.ts: 8ms, application-code: 57ms)
 GET /api/worktrees?cwd=%2Fhome%2Fxupeng%2F.cache%2Fpi-tmp%2F01a10f47-ae69-753b-a8de-d77bd690adfd%2Fask-user-full-e2e-qlwaxoau%2Fpi-web-e2e-XtiDMR%2Fproject 200 in 99ms (next.js: 8ms, proxy.ts: 7ms, application-code: 85ms)
 GET /api/git/status?cwd=%2Fhome%2Fxupeng%2F.cache%2Fpi-tmp%2F01a10f47-ae69-753b-a8de-d77bd690adfd%2Fask-user-full-e2e-qlwaxoau%2Fpi-web-e2e-XtiDMR%2Fproject 200 in 100ms (next.js: 61ms, proxy.ts: 9ms, application-code: 30ms)
 GET /api/files/home/xupeng/.cache/pi-tmp/01a10f47-ae69-753b-a8de-d77bd690adfd/ask-user-full-e2e-qlwaxoau/pi-web-e2e-XtiDMR/project?type=list 200 in 184ms (next.js: 123ms, proxy.ts: 7ms, application-code: 53ms)
 GET /api/files/home/xupeng/.cache/pi-tmp/01a10f47-ae69-753b-a8de-d77bd690adfd/ask-user-full-e2e-qlwaxoau/pi-web-e2e-XtiDMR/project?type=list 200 in 185ms (next.js: 147ms, proxy.ts: 8ms, application-code: 29ms)
 GET /api/file-index?cwd=%2Fhome%2Fxupeng%2F.cache%2Fpi-tmp%2F01a10f47-ae69-753b-a8de-d77bd690adfd%2Fask-user-full-e2e-qlwaxoau%2Fpi-web-e2e-XtiDMR%2Fproject 200 in 48ms (next.js: 12ms, proxy.ts: 33ms, application-code: 3ms)
 GET /api/project-trust?cwd=%2Fhome%2Fxupeng%2F.cache%2Fpi-tmp%2F01a10f47-ae69-753b-a8de-d77bd690adfd%2Fask-user-full-e2e-qlwaxoau%2Fpi-web-e2e-XtiDMR%2Fproject 200 in 53ms (next.js: 16ms, proxy.ts: 33ms, application-code: 4ms)
 GET /api/sessions?projectKey=%2Fhome%2Fxupeng%2F.cache%2Fpi-tmp%2F01a10f47-ae69-753b-a8de-d77bd690adfd%2Fask-user-full-e2e-qlwaxoau%2Fpi-web-e2e-XtiDMR%2Fproject 200 in 44ms (next.js: 21ms, proxy.ts: 10ms, application-code: 14ms)
 GET /api/models?cwd=%2Fhome%2Fxupeng%2F.cache%2Fpi-tmp%2F01a10f47-ae69-753b-a8de-d77bd690adfd%2Fask-user-full-e2e-qlwaxoau%2Fpi-web-e2e-XtiDMR%2Fproject 200 in 40ms (next.js: 9ms, proxy.ts: 26ms, application-code: 5ms)
 GET /api/sessions/e2e-rich-session?deferThinking=1&deferMedia=1&tree=summary&force=1 200 in 86ms (next.js: 56ms, proxy.ts: 19ms, application-code: 11ms)
 GET /api/sessions/e2e-rich-session?deferThinking=1&deferMedia=1&tree=summary&force=1 200 in 84ms (next.js: 51ms, proxy.ts: 26ms, application-code: 6ms)
 GET /api/sessions/e2e-rich-session/state 200 in 36ms (next.js: 31ms, proxy.ts: 3ms, application-code: 3ms)
 POST /api/agent/e2e-rich-session 200 in 41ms (next.js: 34ms, proxy.ts: 3ms, application-code: 3ms)
 GET /api/web-auth 200 in 21ms (next.js: 11ms, proxy.ts: 7ms, application-code: 3ms)
 GET /api/extension-ui/settings 200 in 25ms (next.js: 14ms, proxy.ts: 7ms, application-code: 3ms)
 GET /api/tools/settings 200 in 30ms (next.js: 18ms, proxy.ts: 8ms, application-code: 5ms)
 GET /api/web-auth 200 in 34ms (next.js: 22ms, proxy.ts: 9ms, application-code: 3ms)
 GET /api/extension-ui/settings 200 in 32ms (next.js: 5ms, proxy.ts: 24ms, application-code: 2ms)
 GET /api/tools/settings 200 in 15ms (next.js: 6ms, proxy.ts: 6ms, application-code: 3ms)
 GET /api/models?cwd=%2Fhome%2Fxupeng%2F.cache%2Fpi-tmp%2F01a10f47-ae69-753b-a8de-d77bd690adfd%2Fask-user-full-e2e-qlwaxoau%2Fpi-web-e2e-XtiDMR%2Fproject 200 in 7ms (next.js: 1.8ms, proxy.ts: 2ms, application-code: 3ms)
 GET /api/agent/running 200 in 6ms (next.js: 1.7ms, proxy.ts: 1.8ms, application-code: 2ms)
 GET /api/agent/e2e-rich-session/events 200 in 3.7s (next.js: 79ms, proxy.ts: 7ms, application-code: 3.6s)
 GET /?session=e2e-mcp-codemode 200 in 51ms (next.js: 4ms, proxy.ts: 2ms, application-code: 44ms)
 GET /api/projects 200 in 11ms (next.js: 6ms, proxy.ts: 3ms, application-code: 2ms)
 GET /api/open-in-explorer 200 in 15ms (next.js: 9ms, proxy.ts: 5ms, application-code: 1.5ms)
 GET /api/agent/running 200 in 19ms (next.js: 12ms, proxy.ts: 6ms, application-code: 2ms)
 GET /api/home 200 in 22ms (next.js: 11ms, proxy.ts: 9ms, application-code: 1.6ms)
 GET /api/agent/running 200 in 19ms (next.js: 6ms, proxy.ts: 12ms, application-code: 1.5ms)
 GET /api/sessions?sessionId=e2e-mcp-codemode 200 in 35ms (next.js: 11ms, proxy.ts: 12ms, application-code: 13ms)
 GET /api/projects?force=1 200 in 29ms (next.js: 9ms, proxy.ts: 11ms, application-code: 9ms)
 GET /api/open-in-explorer 200 in 22ms (next.js: 11ms, proxy.ts: 9ms, application-code: 1.9ms)
 GET /api/home 200 in 18ms (next.js: 7ms, proxy.ts: 10ms, application-code: 2ms)
 GET /api/worktrees?cwd=%2Fhome%2Fxupeng%2F.cache%2Fpi-tmp%2F01a10f47-ae69-753b-a8de-d77bd690adfd%2Fask-user-full-e2e-qlwaxoau%2Fpi-web-e2e-XtiDMR%2Fproject 200 in 31ms (next.js: 3ms, proxy.ts: 2ms, application-code: 26ms)
 GET /api/git/status?cwd=%2Fhome%2Fxupeng%2F.cache%2Fpi-tmp%2F01a10f47-ae69-753b-a8de-d77bd690adfd%2Fask-user-full-e2e-qlwaxoau%2Fpi-web-e2e-XtiDMR%2Fproject 200 in 109ms (next.js: 8ms, proxy.ts: 26ms, application-code: 75ms)
 GET /api/sessions?projectKey=%2Fhome%2Fxupeng%2F.cache%2Fpi-tmp%2F01a10f47-ae69-753b-a8de-d77bd690adfd%2Fask-user-full-e2e-qlwaxoau%2Fpi-web-e2e-XtiDMR%2Fproject 200 in 86ms (next.js: 71ms, proxy.ts: 6ms, application-code: 9ms)
 GET /api/files/home/xupeng/.cache/pi-tmp/01a10f47-ae69-753b-a8de-d77bd690adfd/ask-user-full-e2e-qlwaxoau/pi-web-e2e-XtiDMR/project?type=list 200 in 115ms (next.js: 57ms, proxy.ts: 25ms, application-code: 33ms)
 GET /api/file-index?cwd=%2Fhome%2Fxupeng%2F.cache%2Fpi-tmp%2F01a10f47-ae69-753b-a8de-d77bd690adfd%2Fask-user-full-e2e-qlwaxoau%2Fpi-web-e2e-XtiDMR%2Fproject 200 in 64ms (next.js: 7ms, proxy.ts: 55ms, application-code: 1.8ms)
 GET /api/sessions/e2e-mcp-codemode?deferThinking=1&deferMedia=1&tree=summary&force=1 200 in 122ms (next.js: 108ms, proxy.ts: 6ms, application-code: 8ms)
 GET /api/project-trust?cwd=%2Fhome%2Fxupeng%2F.cache%2Fpi-tmp%2F01a10f47-ae69-753b-a8de-d77bd690adfd%2Fask-user-full-e2e-qlwaxoau%2Fpi-web-e2e-XtiDMR%2Fproject 200 in 46ms (next.js: 34ms, proxy.ts: 8ms, application-code: 3ms)
 GET /api/models?cwd=%2Fhome%2Fxupeng%2F.cache%2Fpi-tmp%2F01a10f47-ae69-753b-a8de-d77bd690adfd%2Fask-user-full-e2e-qlwaxoau%2Fpi-web-e2e-XtiDMR%2Fproject 200 in 47ms (next.js: 11ms, proxy.ts: 32ms, application-code: 3ms)
 GET /api/git/status?cwd=%2Fhome%2Fxupeng%2F.cache%2Fpi-tmp%2F01a10f47-ae69-753b-a8de-d77bd690adfd%2Fask-user-full-e2e-qlwaxoau%2Fpi-web-e2e-XtiDMR%2Fproject 200 in 44ms (next.js: 7ms, proxy.ts: 12ms, application-code: 25ms)
 GET /api/files/home/xupeng/.cache/pi-tmp/01a10f47-ae69-753b-a8de-d77bd690adfd/ask-user-full-e2e-qlwaxoau/pi-web-e2e-XtiDMR/project?type=list 200 in 99ms (next.js: 57ms, proxy.ts: 12ms, application-code: 30ms)
 GET /api/sessions/e2e-mcp-codemode?deferThinking=1&deferMedia=1&tree=summary&force=1 200 in 92ms (next.js: 58ms, proxy.ts: 29ms, application-code: 6ms)
 GET /api/git/status?cwd=%2Fhome%2Fxupeng%2F.cache%2Fpi-tmp%2F01a10f47-ae69-753b-a8de-d77bd690adfd%2Fask-user-full-e2e-qlwaxoau%2Fpi-web-e2e-XtiDMR%2Fproject 200 in 37ms (next.js: 4ms, proxy.ts: 8ms, application-code: 25ms)
 GET /api/files/home/xupeng/.cache/pi-tmp/01a10f47-ae69-753b-a8de-d77bd690adfd/ask-user-full-e2e-qlwaxoau/pi-web-e2e-XtiDMR/project?type=list 200 in 57ms (next.js: 5ms, proxy.ts: 27ms, application-code: 25ms)
 GET /api/sessions/e2e-mcp-codemode/state 200 in 54ms (next.js: 48ms, proxy.ts: 4ms, application-code: 2ms)
 POST /api/agent/e2e-mcp-codemode 200 in 31ms (next.js: 26ms, proxy.ts: 3ms, application-code: 2ms)
 GET /?session=e2e-extension-queues 200 in 49ms (next.js: 4ms, proxy.ts: 1.8ms, application-code: 43ms)
 GET /api/agent/e2e-mcp-codemode/events 200 in 1375ms (next.js: 56ms, proxy.ts: 12ms, application-code: 1306ms)
 GET /api/projects 200 in 14ms (next.js: 6ms, proxy.ts: 5ms, application-code: 2ms)
 GET /api/open-in-explorer 200 in 16ms (next.js: 9ms, proxy.ts: 6ms, application-code: 1.9ms)
 GET /api/home 200 in 19ms (next.js: 11ms, proxy.ts: 6ms, application-code: 1.8ms)
 GET /api/open-in-explorer 200 in 27ms (next.js: 19ms, proxy.ts: 6ms, application-code: 1.8ms)
 GET /api/projects?force=1 200 in 34ms (next.js: 17ms, proxy.ts: 6ms, application-code: 11ms)
 GET /api/sessions?sessionId=e2e-extension-queues 200 in 36ms (next.js: 14ms, proxy.ts: 6ms, application-code: 17ms)
 GET /api/agent/running 200 in 11ms (next.js: 2ms, proxy.ts: 7ms, application-code: 1.5ms)
 GET /api/home 200 in 12ms (next.js: 4ms, proxy.ts: 6ms, application-code: 1.6ms)
 GET /api/worktrees?cwd=%2Fhome%2Fxupeng%2F.cache%2Fpi-tmp%2F01a10f47-ae69-753b-a8de-d77bd690adfd%2Fask-user-full-e2e-qlwaxoau%2Fpi-web-e2e-XtiDMR%2Fproject 200 in 87ms (next.js: 6ms, proxy.ts: 5ms, application-code: 76ms)
 GET /api/sessions?projectKey=%2Fhome%2Fxupeng%2F.cache%2Fpi-tmp%2F01a10f47-ae69-753b-a8de-d77bd690adfd%2Fask-user-full-e2e-qlwaxoau%2Fpi-web-e2e-XtiDMR%2Fproject 200 in 87ms (next.js: 51ms, proxy.ts: 6ms, application-code: 30ms)
 GET /api/git/status?cwd=%2Fhome%2Fxupeng%2F.cache%2Fpi-tmp%2F01a10f47-ae69-753b-a8de-d77bd690adfd%2Fask-user-full-e2e-qlwaxoau%2Fpi-web-e2e-XtiDMR%2Fproject 200 in 87ms (next.js: 55ms, proxy.ts: 6ms, application-code: 26ms)
 GET /api/git/status?cwd=%2Fhome%2Fxupeng%2F.cache%2Fpi-tmp%2F01a10f47-ae69-753b-a8de-d77bd690adfd%2Fask-user-full-e2e-qlwaxoau%2Fpi-web-e2e-XtiDMR%2Fproject 200 in 89ms (next.js: 29ms, proxy.ts: 6ms, application-code: 55ms)
 GET /api/files/home/xupeng/.cache/pi-tmp/01a10f47-ae69-753b-a8de-d77bd690adfd/ask-user-full-e2e-qlwaxoau/pi-web-e2e-XtiDMR/project?type=list 200 in 162ms (next.js: 107ms, proxy.ts: 5ms, application-code: 50ms)
 GET /api/files/home/xupeng/.cache/pi-tmp/01a10f47-ae69-753b-a8de-d77bd690adfd/ask-user-full-e2e-qlwaxoau/pi-web-e2e-XtiDMR/project?type=list 200 in 163ms (next.js: 131ms, proxy.ts: 6ms, application-code: 26ms)
 GET /api/project-trust?cwd=%2Fhome%2Fxupeng%2F.cache%2Fpi-tmp%2F01a10f47-ae69-753b-a8de-d77bd690adfd%2Fask-user-full-e2e-qlwaxoau%2Fpi-web-e2e-XtiDMR%2Fproject 200 in 81ms (next.js: 49ms, proxy.ts: 29ms, application-code: 3ms)
 GET /api/file-index?cwd=%2Fhome%2Fxupeng%2F.cache%2Fpi-tmp%2F01a10f47-ae69-753b-a8de-d77bd690adfd%2Fask-user-full-e2e-qlwaxoau%2Fpi-web-e2e-XtiDMR%2Fproject 200 in 91ms (next.js: 8ms, proxy.ts: 29ms, application-code: 54ms)
 GET /api/sessions?projectKey=%2Fhome%2Fxupeng%2F.cache%2Fpi-tmp%2F01a10f47-ae69-753b-a8de-d77bd690adfd%2Fask-user-full-e2e-qlwaxoau%2Fpi-web-e2e-XtiDMR%2Fproject 200 in 68ms (next.js: 53ms, proxy.ts: 7ms, application-code: 9ms)
 GET /api/models?cwd=%2Fhome%2Fxupeng%2F.cache%2Fpi-tmp%2F01a10f47-ae69-753b-a8de-d77bd690adfd%2Fask-user-full-e2e-qlwaxoau%2Fpi-web-e2e-XtiDMR%2Fproject 200 in 19ms (next.js: 4ms, proxy.ts: 12ms, application-code: 2ms)
 GET /api/sessions/e2e-extension-queues?deferThinking=1&deferMedia=1&tree=summary&force=1 200 in 95ms (next.js: 40ms, proxy.ts: 51ms, application-code: 4ms)
 GET /api/sessions/e2e-extension-queues?deferThinking=1&deferMedia=1&tree=summary&force=1 200 in 96ms (next.js: 36ms, proxy.ts: 57ms, application-code: 3ms)
 GET /api/agent/running 200 in 5ms (next.js: 1.4ms, proxy.ts: 1.6ms, application-code: 1.6ms)
 GET /api/agent/running 200 in 5ms (next.js: 1.3ms, proxy.ts: 1.7ms, application-code: 1.8ms)
 GET /?session=e2e-mcp-codemode 200 in 38ms (next.js: 4ms, proxy.ts: 1.7ms, application-code: 32ms)
 GET /api/projects 200 in 14ms (next.js: 7ms, proxy.ts: 4ms, application-code: 2ms)
 GET /api/open-in-explorer 200 in 20ms (next.js: 11ms, proxy.ts: 6ms, application-code: 2ms)
 GET /api/agent/running 200 in 24ms (next.js: 14ms, proxy.ts: 7ms, application-code: 2ms)
 GET /api/home 200 in 25ms (next.js: 13ms, proxy.ts: 11ms, application-code: 2ms)
 GET /api/agent/running 200 in 30ms (next.js: 13ms, proxy.ts: 15ms, application-code: 1.4ms)
 GET /api/sessions?sessionId=e2e-mcp-codemode 200 in 43ms (next.js: 15ms, proxy.ts: 14ms, application-code: 14ms)
 GET /api/projects?force=1 200 in 39ms (next.js: 13ms, proxy.ts: 16ms, application-code: 10ms)
 GET /api/open-in-explorer 200 in 24ms (next.js: 8ms, proxy.ts: 14ms, application-code: 1.6ms)
 GET /api/home 200 in 24ms (next.js: 10ms, proxy.ts: 12ms, application-code: 1.5ms)
 GET /api/worktrees?cwd=%2Fhome%2Fxupeng%2F.cache%2Fpi-tmp%2F01a10f47-ae69-753b-a8de-d77bd690adfd%2Fask-user-full-e2e-qlwaxoau%2Fpi-web-e2e-XtiDMR%2Fproject 200 in 30ms (next.js: 3ms, proxy.ts: 3ms, application-code: 24ms)
 GET /api/git/status?cwd=%2Fhome%2Fxupeng%2F.cache%2Fpi-tmp%2F01a10f47-ae69-753b-a8de-d77bd690adfd%2Fask-user-full-e2e-qlwaxoau%2Fpi-web-e2e-XtiDMR%2Fproject 200 in 55ms (next.js: 4ms, proxy.ts: 26ms, application-code: 25ms)
 GET /api/sessions?projectKey=%2Fhome%2Fxupeng%2F.cache%2Fpi-tmp%2F01a10f47-ae69-753b-a8de-d77bd690adfd%2Fask-user-full-e2e-qlwaxoau%2Fpi-web-e2e-XtiDMR%2Fproject 200 in 88ms (next.js: 73ms, proxy.ts: 4ms, application-code: 11ms)
 GET /api/files/home/xupeng/.cache/pi-tmp/01a10f47-ae69-753b-a8de-d77bd690adfd/ask-user-full-e2e-qlwaxoau/pi-web-e2e-XtiDMR/project?type=list 200 in 117ms (next.js: 75ms, proxy.ts: 3ms, application-code: 39ms)
 GET /api/file-index?cwd=%2Fhome%2Fxupeng%2F.cache%2Fpi-tmp%2F01a10f47-ae69-753b-a8de-d77bd690adfd%2Fask-user-full-e2e-qlwaxoau%2Fpi-web-e2e-XtiDMR%2Fproject 200 in 18ms (next.js: 8ms, proxy.ts: 9ms, application-code: 1.7ms)
 GET /api/project-trust?cwd=%2Fhome%2Fxupeng%2F.cache%2Fpi-tmp%2F01a10f47-ae69-753b-a8de-d77bd690adfd%2Fask-user-full-e2e-qlwaxoau%2Fpi-web-e2e-XtiDMR%2Fproject 200 in 20ms (next.js: 11ms, proxy.ts: 7ms, application-code: 3ms)
 GET /api/git/status?cwd=%2Fhome%2Fxupeng%2F.cache%2Fpi-tmp%2F01a10f47-ae69-753b-a8de-d77bd690adfd%2Fask-user-full-e2e-qlwaxoau%2Fpi-web-e2e-XtiDMR%2Fproject 200 in 55ms (next.js: 12ms, proxy.ts: 8ms, application-code: 35ms)
 GET /api/sessions?projectKey=%2Fhome%2Fxupeng%2F.cache%2Fpi-tmp%2F01a10f47-ae69-753b-a8de-d77bd690adfd%2Fask-user-full-e2e-qlwaxoau%2Fpi-web-e2e-XtiDMR%2Fproject 200 in 55ms (next.js: 36ms, proxy.ts: 10ms, application-code: 9ms)
 GET /api/models?cwd=%2Fhome%2Fxupeng%2F.cache%2Fpi-tmp%2F01a10f47-ae69-753b-a8de-d77bd690adfd%2Fask-user-full-e2e-qlwaxoau%2Fpi-web-e2e-XtiDMR%2Fproject 200 in 20ms (next.js: 12ms, proxy.ts: 5ms, application-code: 3ms)
 GET /api/sessions/e2e-mcp-codemode?deferThinking=1&deferMedia=1&tree=summary&force=1 200 in 81ms (next.js: 39ms, proxy.ts: 15ms, application-code: 27ms)
 GET /api/files/home/xupeng/.cache/pi-tmp/01a10f47-ae69-753b-a8de-d77bd690adfd/ask-user-full-e2e-qlwaxoau/pi-web-e2e-XtiDMR/project?type=list 200 in 106ms (next.js: 43ms, proxy.ts: 15ms, application-code: 49ms)
 GET /api/sessions/e2e-mcp-codemode?deferThinking=1&deferMedia=1&tree=summary&force=1 200 in 35ms (next.js: 3ms, proxy.ts: 27ms, application-code: 5ms)
 GET /api/git/status?cwd=%2Fhome%2Fxupeng%2F.cache%2Fpi-tmp%2F01a10f47-ae69-753b-a8de-d77bd690adfd%2Fask-user-full-e2e-qlwaxoau%2Fpi-web-e2e-XtiDMR%2Fproject 200 in 65ms (next.js: 2ms, proxy.ts: 3ms, application-code: 59ms)
 GET /api/files/home/xupeng/.cache/pi-tmp/01a10f47-ae69-753b-a8de-d77bd690adfd/ask-user-full-e2e-qlwaxoau/pi-web-e2e-XtiDMR/project?type=list 200 in 68ms (next.js: 34ms, proxy.ts: 3ms, application-code: 31ms)
 GET /api/sessions/e2e-mcp-codemode/state 200 in 71ms (next.js: 34ms, proxy.ts: 34ms, application-code: 3ms)
 POST /api/agent/e2e-mcp-codemode 200 in 36ms (next.js: 30ms, proxy.ts: 3ms, application-code: 4ms)
 GET /api/sessions/e2e-mcp-codemode 200 in 8ms (next.js: 2ms, proxy.ts: 1.9ms, application-code: 3ms)
 GET /api/sessions/e2e-mcp-codemode 200 in 11ms (next.js: 4ms, proxy.ts: 3ms, application-code: 5ms)
 GET /?session=e2e-mcp-codemode 200 in 43ms (next.js: 3ms, proxy.ts: 2ms, application-code: 38ms)
 GET /api/agent/e2e-mcp-codemode/events 200 in 838ms (next.js: 86ms, proxy.ts: 4ms, application-code: 748ms)
 GET /api/projects 200 in 24ms (next.js: 9ms, proxy.ts: 11ms, application-code: 4ms)
 GET /api/open-in-explorer 200 in 27ms (next.js: 13ms, proxy.ts: 11ms, application-code: 3ms)
 GET /api/home 200 in 30ms (next.js: 17ms, proxy.ts: 11ms, application-code: 3ms)
 GET /api/open-in-explorer 200 in 42ms (next.js: 28ms, proxy.ts: 12ms, application-code: 2ms)
 GET /api/projects?force=1 200 in 51ms (next.js: 25ms, proxy.ts: 12ms, application-code: 14ms)
 GET /api/sessions?sessionId=e2e-mcp-codemode 200 in 54ms (next.js: 20ms, proxy.ts: 11ms, application-code: 23ms)
 GET /api/agent/running 200 in 15ms (next.js: 3ms, proxy.ts: 9ms, application-code: 3ms)
 GET /api/home 200 in 19ms (next.js: 7ms, proxy.ts: 9ms, application-code: 3ms)
 GET /api/worktrees?cwd=%2Fhome%2Fxupeng%2F.cache%2Fpi-tmp%2F01a10f47-ae69-753b-a8de-d77bd690adfd%2Fask-user-full-e2e-qlwaxoau%2Fpi-web-e2e-XtiDMR%2Fproject 200 in 93ms (next.js: 9ms, proxy.ts: 9ms, application-code: 75ms)
 GET /api/sessions?projectKey=%2Fhome%2Fxupeng%2F.cache%2Fpi-tmp%2F01a10f47-ae69-753b-a8de-d77bd690adfd%2Fask-user-full-e2e-qlwaxoau%2Fpi-web-e2e-XtiDMR%2Fproject 200 in 92ms (next.js: 52ms, proxy.ts: 9ms, application-code: 31ms)
 GET /api/git/status?cwd=%2Fhome%2Fxupeng%2F.cache%2Fpi-tmp%2F01a10f47-ae69-753b-a8de-d77bd690adfd%2Fask-user-full-e2e-qlwaxoau%2Fpi-web-e2e-XtiDMR%2Fproject 200 in 93ms (next.js: 56ms, proxy.ts: 10ms, application-code: 27ms)
 GET /api/git/status?cwd=%2Fhome%2Fxupeng%2F.cache%2Fpi-tmp%2F01a10f47-ae69-753b-a8de-d77bd690adfd%2Fask-user-full-e2e-qlwaxoau%2Fpi-web-e2e-XtiDMR%2Fproject 200 in 96ms (next.js: 32ms, proxy.ts: 9ms, application-code: 55ms)
 GET /api/files/home/xupeng/.cache/pi-tmp/01a10f47-ae69-753b-a8de-d77bd690adfd/ask-user-full-e2e-qlwaxoau/pi-web-e2e-XtiDMR/project?type=list 200 in 166ms (next.js: 109ms, proxy.ts: 9ms, application-code: 48ms)
 GET /api/files/home/xupeng/.cache/pi-tmp/01a10f47-ae69-753b-a8de-d77bd690adfd/ask-user-full-e2e-qlwaxoau/pi-web-e2e-XtiDMR/project?type=list 200 in 167ms (next.js: 130ms, proxy.ts: 10ms, application-code: 27ms)
 GET /api/file-index?cwd=%2Fhome%2Fxupeng%2F.cache%2Fpi-tmp%2F01a10f47-ae69-753b-a8de-d77bd690adfd%2Fask-user-full-e2e-qlwaxoau%2Fpi-web-e2e-XtiDMR%2Fproject 200 in 15ms (next.js: 7ms, proxy.ts: 7ms, application-code: 1.8ms)
 GET /api/project-trust?cwd=%2Fhome%2Fxupeng%2F.cache%2Fpi-tmp%2F01a10f47-ae69-753b-a8de-d77bd690adfd%2Fask-user-full-e2e-qlwaxoau%2Fpi-web-e2e-XtiDMR%2Fproject 200 in 19ms (next.js: 9ms, proxy.ts: 7ms, application-code: 3ms)
 GET /api/sessions?projectKey=%2Fhome%2Fxupeng%2F.cache%2Fpi-tmp%2F01a10f47-ae69-753b-a8de-d77bd690adfd%2Fask-user-full-e2e-qlwaxoau%2Fpi-web-e2e-XtiDMR%2Fproject 200 in 31ms (next.js: 12ms, proxy.ts: 7ms, application-code: 12ms)
 GET /api/models?cwd=%2Fhome%2Fxupeng%2F.cache%2Fpi-tmp%2F01a10f47-ae69-753b-a8de-d77bd690adfd%2Fask-user-full-e2e-qlwaxoau%2Fpi-web-e2e-XtiDMR%2Fproject 200 in 34ms (next.js: 9ms, proxy.ts: 21ms, application-code: 4ms)
 GET /api/sessions/e2e-mcp-codemode?deferThinking=1&deferMedia=1&tree=summary&force=1 200 in 75ms (next.js: 43ms, proxy.ts: 19ms, application-code: 13ms)
 GET /api/sessions/e2e-mcp-codemode?deferThinking=1&deferMedia=1&tree=summary&force=1 200 in 78ms (next.js: 49ms, proxy.ts: 21ms, application-code: 8ms)
 GET /api/git/status?cwd=%2Fhome%2Fxupeng%2F.cache%2Fpi-tmp%2F01a10f47-ae69-753b-a8de-d77bd690adfd%2Fask-user-full-e2e-qlwaxoau%2Fpi-web-e2e-XtiDMR%2Fproject 200 in 173ms (next.js: 42ms, proxy.ts: 10ms, application-code: 121ms)
 GET /api/files/home/xupeng/.cache/pi-tmp/01a10f47-ae69-753b-a8de-d77bd690adfd/ask-user-full-e2e-qlwaxoau/pi-web-e2e-XtiDMR/project?type=list 200 in 180ms (next.js: 141ms, proxy.ts: 7ms, application-code: 32ms)
 GET /api/sessions/e2e-mcp-codemode/state 200 in 37ms (next.js: 26ms, proxy.ts: 6ms, application-code: 5ms)
 GET /api/sessions/e2e-mcp-codemode 200 in 40ms (next.js: 31ms, proxy.ts: 4ms, application-code: 5ms)
 POST /api/agent/e2e-mcp-codemode 200 in 30ms (next.js: 25ms, proxy.ts: 3ms, application-code: 3ms)
 POST /api/agent/e2e-mcp-codemode 200 in 9ms (next.js: 3ms, proxy.ts: 2ms, application-code: 4ms)
 GET /api/sessions/e2e-mcp-codemode?deferThinking=1&deferMedia=1&tree=summary 200 in 8ms (next.js: 3ms, proxy.ts: 1.9ms, application-code: 3ms)
 GET /api/sessions/e2e-mcp-codemode 200 in 11ms (next.js: 4ms, proxy.ts: 3ms, application-code: 4ms)
 POST /api/agent/e2e-mcp-codemode 200 in 8ms (next.js: 3ms, proxy.ts: 2.0ms, application-code: 4ms)
 GET /?session=e2e-long-session 200 in 44ms (next.js: 4ms, proxy.ts: 2.0ms, application-code: 38ms)
 GET /api/agent/e2e-mcp-codemode/events 200 in 725ms (next.js: 138ms, proxy.ts: 7ms, application-code: 580ms)
 GET /api/projects 200 in 13ms (next.js: 8ms, proxy.ts: 3ms, application-code: 1.9ms)
 GET /api/open-in-explorer 200 in 18ms (next.js: 12ms, proxy.ts: 5ms, application-code: 1.6ms)
 GET /api/agent/running 200 in 22ms (next.js: 10ms, proxy.ts: 11ms, application-code: 1.6ms)
 GET /api/home 200 in 23ms (next.js: 12ms, proxy.ts: 10ms, application-code: 1.6ms)
 GET /api/agent/running 200 in 28ms (next.js: 17ms, proxy.ts: 10ms, application-code: 1.8ms)
 GET /api/projects?force=1 200 in 42ms (next.js: 14ms, proxy.ts: 10ms, application-code: 18ms)
 GET /api/open-in-explorer 200 in 35ms (next.js: 19ms, proxy.ts: 14ms, application-code: 2.0ms)
 GET /api/home 200 in 32ms (next.js: 13ms, proxy.ts: 17ms, application-code: 1.6ms)
 GET /api/sessions?sessionId=e2e-long-session 200 in 76ms (next.js: 11ms, proxy.ts: 12ms, application-code: 54ms)
 GET /api/worktrees?cwd=%2Fhome%2Fxupeng%2F.cache%2Fpi-tmp%2F01a10f47-ae69-753b-a8de-d77bd690adfd%2Fask-user-full-e2e-qlwaxoau%2Fpi-web-e2e-XtiDMR%2Fproject 200 in 44ms (next.js: 6ms, proxy.ts: 4ms, application-code: 34ms)
 GET /api/git/status?cwd=%2Fhome%2Fxupeng%2F.cache%2Fpi-tmp%2F01a10f47-ae69-753b-a8de-d77bd690adfd%2Fask-user-full-e2e-qlwaxoau%2Fpi-web-e2e-XtiDMR%2Fproject 200 in 153ms (next.js: 7ms, proxy.ts: 37ms, application-code: 110ms)
 GET /api/sessions?projectKey=%2Fhome%2Fxupeng%2F.cache%2Fpi-tmp%2F01a10f47-ae69-753b-a8de-d77bd690adfd%2Fask-user-full-e2e-qlwaxoau%2Fpi-web-e2e-XtiDMR%2Fproject 200 in 154ms (next.js: 39ms, proxy.ts: 36ms, application-code: 78ms)
 GET /api/files/home/xupeng/.cache/pi-tmp/01a10f47-ae69-753b-a8de-d77bd690adfd/ask-user-full-e2e-qlwaxoau/pi-web-e2e-XtiDMR/project?type=list 200 in 164ms (next.js: 114ms, proxy.ts: 6ms, application-code: 44ms)
 GET /api/file-index?cwd=%2Fhome%2Fxupeng%2F.cache%2Fpi-tmp%2F01a10f47-ae69-753b-a8de-d77bd690adfd%2Fask-user-full-e2e-qlwaxoau%2Fpi-web-e2e-XtiDMR%2Fproject 200 in 28ms (next.js: 12ms, proxy.ts: 13ms, application-code: 3ms)
 GET /api/project-trust?cwd=%2Fhome%2Fxupeng%2F.cache%2Fpi-tmp%2F01a10f47-ae69-753b-a8de-d77bd690adfd%2Fask-user-full-e2e-qlwaxoau%2Fpi-web-e2e-XtiDMR%2Fproject 200 in 33ms (next.js: 17ms, proxy.ts: 11ms, application-code: 5ms)
 GET /api/models?cwd=%2Fhome%2Fxupeng%2F.cache%2Fpi-tmp%2F01a10f47-ae69-753b-a8de-d77bd690adfd%2Fask-user-full-e2e-qlwaxoau%2Fpi-web-e2e-XtiDMR%2Fproject 200 in 34ms (next.js: 15ms, proxy.ts: 10ms, application-code: 9ms)
 GET /api/app-update 200 in 57ms (next.js: 22ms, proxy.ts: 11ms, application-code: 25ms)
 GET /api/sessions?projectKey=%2Fhome%2Fxupeng%2F.cache%2Fpi-tmp%2F01a10f47-ae69-753b-a8de-d77bd690adfd%2Fask-user-full-e2e-qlwaxoau%2Fpi-web-e2e-XtiDMR%2Fproject 200 in 61ms (next.js: 36ms, proxy.ts: 11ms, application-code: 14ms)
 GET /api/models?cwd=%2Fhome%2Fxupeng%2F.cache%2Fpi-tmp%2F01a10f47-ae69-753b-a8de-d77bd690adfd%2Fask-user-full-e2e-qlwaxoau%2Fpi-web-e2e-XtiDMR%2Fproject 200 in 102ms (next.js: 55ms, proxy.ts: 10ms, application-code: 36ms)
 GET /api/sessions/e2e-long-session?deferThinking=1&deferMedia=1&tree=summary&force=1 200 in 157ms (next.js: 85ms, proxy.ts: 14ms, application-code: 57ms)
 GET /api/git/status?cwd=%2Fhome%2Fxupeng%2F.cache%2Fpi-tmp%2F01a10f47-ae69-753b-a8de-d77bd690adfd%2Fask-user-full-e2e-qlwaxoau%2Fpi-web-e2e-XtiDMR%2Fproject 200 in 112ms (next.js: 60ms, proxy.ts: 11ms, application-code: 41ms)
 GET /api/files/home/xupeng/.cache/pi-tmp/01a10f47-ae69-753b-a8de-d77bd690adfd/ask-user-full-e2e-qlwaxoau/pi-web-e2e-XtiDMR/project?type=list 200 in 147ms (next.js: 108ms, proxy.ts: 9ms, application-code: 31ms)
 GET /api/sessions/e2e-long-session?deferThinking=1&deferMedia=1&tree=summary&force=1 200 in 99ms (next.js: 63ms, proxy.ts: 9ms, application-code: 26ms)
 GET /api/git/status?cwd=%2Fhome%2Fxupeng%2F.cache%2Fpi-tmp%2F01a10f47-ae69-753b-a8de-d77bd690adfd%2Fask-user-full-e2e-qlwaxoau%2Fpi-web-e2e-XtiDMR%2Fproject 200 in 61ms (next.js: 3ms, proxy.ts: 4ms, application-code: 54ms)
 GET /api/files/home/xupeng/.cache/pi-tmp/01a10f47-ae69-753b-a8de-d77bd690adfd/ask-user-full-e2e-qlwaxoau/pi-web-e2e-XtiDMR/project?type=list 200 in 91ms (next.js: 5ms, proxy.ts: 57ms, application-code: 29ms)
 GET /api/sessions/e2e-long-session/state 200 in 63ms (next.js: 28ms, proxy.ts: 32ms, application-code: 4ms)
 POST /api/agent/e2e-long-session 200 in 33ms (next.js: 27ms, proxy.ts: 3ms, application-code: 3ms)
 GET /api/sessions/e2e-long-session/context?deferThinking=1&deferMedia=1&leafId=a1a51dc2&before=e4950 200 in 39ms (next.js: 30ms, proxy.ts: 3ms, application-code: 6ms)
 GET /api/sessions/e2e-long-session/context?deferThinking=1&deferMedia=1&leafId=a1a51dc2&before=e4900 200 in 15ms (next.js: 5ms, proxy.ts: 3ms, application-code: 7ms)
 GET /api/sessions/e2e-long-session/context?deferThinking=1&deferMedia=1&leafId=a1a51dc2&before=e4850 200 in 10ms (next.js: 3ms, proxy.ts: 1.9ms, application-code: 6ms)
 GET /api/sessions/e2e-long-session/context?deferThinking=1&deferMedia=1&leafId=a1a51dc2&before=e4800 200 in 10ms (next.js: 3ms, proxy.ts: 2ms, application-code: 4ms)
 GET /api/agent/running 200 in 5ms (next.js: 1.4ms, proxy.ts: 2ms, application-code: 1.8ms)
 GET /?session=e2e-branch-session 200 in 34ms (next.js: 4ms, proxy.ts: 1.7ms, application-code: 28ms)
 GET /api/agent/e2e-long-session/events 200 in 2.4s (next.js: 106ms, proxy.ts: 10ms, application-code: 2.3s)
 GET /api/projects 200 in 13ms (next.js: 7ms, proxy.ts: 4ms, application-code: 1.9ms)
 GET /api/open-in-explorer 200 in 17ms (next.js: 9ms, proxy.ts: 6ms, application-code: 1.6ms)
 GET /api/agent/running 200 in 20ms (next.js: 11ms, proxy.ts: 7ms, application-code: 1.7ms)
 GET /api/home 200 in 24ms (next.js: 12ms, proxy.ts: 10ms, application-code: 2ms)
 GET /api/sessions?sessionId=e2e-branch-session 200 in 37ms (next.js: 13ms, proxy.ts: 12ms, application-code: 12ms)
 GET /api/projects?force=1 200 in 35ms (next.js: 13ms, proxy.ts: 12ms, application-code: 10ms)
 GET /api/agent/running 200 in 29ms (next.js: 12ms, proxy.ts: 14ms, application-code: 3ms)
 GET /api/open-in-explorer 200 in 29ms (next.js: 14ms, proxy.ts: 12ms, application-code: 3ms)
 GET /api/home 200 in 22ms (next.js: 7ms, proxy.ts: 14ms, application-code: 1.9ms)
 GET /api/worktrees?cwd=%2Fhome%2Fxupeng%2F.cache%2Fpi-tmp%2F01a10f47-ae69-753b-a8de-d77bd690adfd%2Fask-user-full-e2e-qlwaxoau%2Fpi-web-e2e-XtiDMR%2Fproject 200 in 37ms (next.js: 4ms, proxy.ts: 3ms, application-code: 30ms)
 GET /api/git/status?cwd=%2Fhome%2Fxupeng%2F.cache%2Fpi-tmp%2F01a10f47-ae69-753b-a8de-d77bd690adfd%2Fask-user-full-e2e-qlwaxoau%2Fpi-web-e2e-XtiDMR%2Fproject 200 in 117ms (next.js: 4ms, proxy.ts: 32ms, application-code: 81ms)
 GET /api/files/home/xupeng/.cache/pi-tmp/01a10f47-ae69-753b-a8de-d77bd690adfd/ask-user-full-e2e-qlwaxoau/pi-web-e2e-XtiDMR/project?type=list 200 in 130ms (next.js: 87ms, proxy.ts: 4ms, application-code: 40ms)
 GET /api/sessions?projectKey=%2Fhome%2Fxupeng%2F.cache%2Fpi-tmp%2F01a10f47-ae69-753b-a8de-d77bd690adfd%2Fask-user-full-e2e-qlwaxoau%2Fpi-web-e2e-XtiDMR%2Fproject 200 in 101ms (next.js: 62ms, proxy.ts: 28ms, application-code: 12ms)
 GET /api/project-trust?cwd=%2Fhome%2Fxupeng%2F.cache%2Fpi-tmp%2F01a10f47-ae69-753b-a8de-d77bd690adfd%2Fask-user-full-e2e-qlwaxoau%2Fpi-web-e2e-XtiDMR%2Fproject 200 in 69ms (next.js: 58ms, proxy.ts: 7ms, application-code: 4ms)
 GET /api/models?cwd=%2Fhome%2Fxupeng%2F.cache%2Fpi-tmp%2F01a10f47-ae69-753b-a8de-d77bd690adfd%2Fask-user-full-e2e-qlwaxoau%2Fpi-web-e2e-XtiDMR%2Fproject 200 in 71ms (next.js: 55ms, proxy.ts: 7ms, application-code: 8ms)
 GET /api/file-index?cwd=%2Fhome%2Fxupeng%2F.cache%2Fpi-tmp%2F01a10f47-ae69-753b-a8de-d77bd690adfd%2Fask-user-full-e2e-qlwaxoau%2Fpi-web-e2e-XtiDMR%2Fproject 200 in 94ms (next.js: 7ms, proxy.ts: 15ms, application-code: 72ms)
 GET /api/sessions?projectKey=%2Fhome%2Fxupeng%2F.cache%2Fpi-tmp%2F01a10f47-ae69-753b-a8de-d77bd690adfd%2Fask-user-full-e2e-qlwaxoau%2Fpi-web-e2e-XtiDMR%2Fproject 200 in 85ms (next.js: 64ms, proxy.ts: 7ms, application-code: 14ms)
 GET /api/sessions/e2e-branch-session?deferThinking=1&deferMedia=1&tree=summary&force=1 200 in 165ms (next.js: 69ms, proxy.ts: 64ms, application-code: 32ms)
 GET /api/git/status?cwd=%2Fhome%2Fxupeng%2F.cache%2Fpi-tmp%2F01a10f47-ae69-753b-a8de-d77bd690adfd%2Fask-user-full-e2e-qlwaxoau%2Fpi-web-e2e-XtiDMR%2Fproject 200 in 88ms (next.js: 38ms, proxy.ts: 23ms, application-code: 28ms)
 GET /api/models?cwd=%2Fhome%2Fxupeng%2F.cache%2Fpi-tmp%2F01a10f47-ae69-753b-a8de-d77bd690adfd%2Fask-user-full-e2e-qlwaxoau%2Fpi-web-e2e-XtiDMR%2Fproject 200 in 74ms (next.js: 63ms, proxy.ts: 8ms, application-code: 3ms)
 GET /api/files/home/xupeng/.cache/pi-tmp/01a10f47-ae69-753b-a8de-d77bd690adfd/ask-user-full-e2e-qlwaxoau/pi-web-e2e-XtiDMR/project?type=list 200 in 134ms (next.js: 97ms, proxy.ts: 7ms, application-code: 30ms)
 GET /api/git/status?cwd=%2Fhome%2Fxupeng%2F.cache%2Fpi-tmp%2F01a10f47-ae69-753b-a8de-d77bd690adfd%2Fask-user-full-e2e-qlwaxoau%2Fpi-web-e2e-XtiDMR%2Fproject 200 in 64ms (next.js: 4ms, proxy.ts: 34ms, application-code: 27ms)
 GET /api/sessions/e2e-branch-session?deferThinking=1&deferMedia=1&tree=summary&force=1 200 in 71ms (next.js: 35ms, proxy.ts: 32ms, application-code: 4ms)
 GET /api/files/home/xupeng/.cache/pi-tmp/01a10f47-ae69-753b-a8de-d77bd690adfd/ask-user-full-e2e-qlwaxoau/pi-web-e2e-XtiDMR/project?type=list 200 in 66ms (next.js: 9ms, proxy.ts: 28ms, application-code: 29ms)
 GET /api/sessions/e2e-branch-session/state 200 in 35ms (next.js: 28ms, proxy.ts: 3ms, application-code: 3ms)
 POST /api/agent/e2e-branch-session 200 in 37ms (next.js: 30ms, proxy.ts: 3ms, application-code: 4ms)
 GET /?session=e2e-rich-session 200 in 41ms (next.js: 3ms, proxy.ts: 2.0ms, application-code: 36ms)
 GET /api/agent/e2e-branch-session/events 200 in 631ms (next.js: 94ms, proxy.ts: 23ms, application-code: 515ms)
 GET /api/projects 200 in 20ms (next.js: 10ms, proxy.ts: 5ms, application-code: 5ms)
 GET /api/open-in-explorer 200 in 30ms (next.js: 16ms, proxy.ts: 10ms, application-code: 4ms)
 GET /api/agent/running 200 in 41ms (next.js: 19ms, proxy.ts: 17ms, application-code: 4ms)
 GET /api/home 200 in 46ms (next.js: 25ms, proxy.ts: 17ms, application-code: 3ms)
 GET /api/agent/running 200 in 42ms (next.js: 17ms, proxy.ts: 22ms, application-code: 4ms)
 GET /api/sessions?sessionId=e2e-rich-session 200 in 67ms (next.js: 21ms, proxy.ts: 24ms, application-code: 23ms)
 GET /api/open-in-explorer 200 in 38ms (next.js: 18ms, proxy.ts: 17ms, application-code: 3ms)
 GET /api/projects?force=1 200 in 66ms (next.js: 19ms, proxy.ts: 24ms, application-code: 23ms)
 GET /api/home 200 in 26ms (next.js: 1.9ms, proxy.ts: 22ms, application-code: 2ms)
 GET /api/worktrees?cwd=%2Fhome%2Fxupeng%2F.cache%2Fpi-tmp%2F01a10f47-ae69-753b-a8de-d77bd690adfd%2Fask-user-full-e2e-qlwaxoau%2Fpi-web-e2e-XtiDMR%2Fproject 200 in 65ms (next.js: 10ms, proxy.ts: 7ms, application-code: 49ms)
 GET /api/git/status?cwd=%2Fhome%2Fxupeng%2F.cache%2Fpi-tmp%2F01a10f47-ae69-753b-a8de-d77bd690adfd%2Fask-user-full-e2e-qlwaxoau%2Fpi-web-e2e-XtiDMR%2Fproject 200 in 146ms (next.js: 54ms, proxy.ts: 7ms, application-code: 85ms)
 GET /api/sessions?projectKey=%2Fhome%2Fxupeng%2F.cache%2Fpi-tmp%2F01a10f47-ae69-753b-a8de-d77bd690adfd%2Fask-user-full-e2e-qlwaxoau%2Fpi-web-e2e-XtiDMR%2Fproject 200 in 144ms (next.js: 47ms, proxy.ts: 51ms, application-code: 47ms)
 GET /api/files/home/xupeng/.cache/pi-tmp/01a10f47-ae69-753b-a8de-d77bd690adfd/ask-user-full-e2e-qlwaxoau/pi-web-e2e-XtiDMR/project?type=list 200 in 159ms (next.js: 111ms, proxy.ts: 7ms, application-code: 41ms)
 GET /api/file-index?cwd=%2Fhome%2Fxupeng%2F.cache%2Fpi-tmp%2F01a10f47-ae69-753b-a8de-d77bd690adfd%2Fask-user-full-e2e-qlwaxoau%2Fpi-web-e2e-XtiDMR%2Fproject 200 in 62ms (next.js: 13ms, proxy.ts: 46ms, application-code: 3ms)
 GET /api/project-trust?cwd=%2Fhome%2Fxupeng%2F.cache%2Fpi-tmp%2F01a10f47-ae69-753b-a8de-d77bd690adfd%2Fask-user-full-e2e-qlwaxoau%2Fpi-web-e2e-XtiDMR%2Fproject 200 in 29ms (next.js: 15ms, proxy.ts: 10ms, application-code: 5ms)
 GET /api/sessions?projectKey=%2Fhome%2Fxupeng%2F.cache%2Fpi-tmp%2F01a10f47-ae69-753b-a8de-d77bd690adfd%2Fask-user-full-e2e-qlwaxoau%2Fpi-web-e2e-XtiDMR%2Fproject 200 in 47ms (next.js: 18ms, proxy.ts: 14ms, application-code: 15ms)
 GET /api/git/status?cwd=%2Fhome%2Fxupeng%2F.cache%2Fpi-tmp%2F01a10f47-ae69-753b-a8de-d77bd690adfd%2Fask-user-full-e2e-qlwaxoau%2Fpi-web-e2e-XtiDMR%2Fproject 200 in 75ms (next.js: 21ms, proxy.ts: 15ms, application-code: 38ms)
 GET /api/models?cwd=%2Fhome%2Fxupeng%2F.cache%2Fpi-tmp%2F01a10f47-ae69-753b-a8de-d77bd690adfd%2Fask-user-full-e2e-qlwaxoau%2Fpi-web-e2e-XtiDMR%2Fproject 200 in 58ms (next.js: 9ms, proxy.ts: 45ms, application-code: 3ms)
 GET /api/files/home/xupeng/.cache/pi-tmp/01a10f47-ae69-753b-a8de-d77bd690adfd/ask-user-full-e2e-qlwaxoau/pi-web-e2e-XtiDMR/project?type=list 200 in 167ms (next.js: 96ms, proxy.ts: 25ms, application-code: 47ms)
 GET /api/sessions/e2e-rich-session?deferThinking=1&deferMedia=1&tree=summary&force=1 200 in 158ms (next.js: 131ms, proxy.ts: 21ms, application-code: 6ms)
 GET /api/sessions/e2e-rich-session?deferThinking=1&deferMedia=1&tree=summary&force=1 200 in 12ms (next.js: 4ms, proxy.ts: 4ms, application-code: 5ms)
 GET /api/sessions/e2e-rich-session/state 200 in 14ms (next.js: 8ms, proxy.ts: 2ms, application-code: 4ms)
 POST /api/agent/e2e-rich-session 200 in 11ms (next.js: 3ms, proxy.ts: 3ms, application-code: 4ms)
 GET /api/git/status?cwd=%2Fhome%2Fxupeng%2F.cache%2Fpi-tmp%2F01a10f47-ae69-753b-a8de-d77bd690adfd%2Fask-user-full-e2e-qlwaxoau%2Fpi-web-e2e-XtiDMR%2Fproject 200 in 43ms (next.js: 3ms, proxy.ts: 3ms, application-code: 36ms)
 GET /api/files/home/xupeng/.cache/pi-tmp/01a10f47-ae69-753b-a8de-d77bd690adfd/ask-user-full-e2e-qlwaxoau/pi-web-e2e-XtiDMR/project?type=list 200 in 95ms (next.js: 42ms, proxy.ts: 3ms, application-code: 50ms)
 GET /api/sessions/e2e-rich-session/entries/call/thinking?blockIndex=1 200 in 35ms (next.js: 30ms, proxy.ts: 2ms, application-code: 3ms)
 GET /api/sessions/e2e-rich-session/entries/answer/thinking?blockIndex=1 200 in 9ms (next.js: 4ms, proxy.ts: 3ms, application-code: 2ms)
 GET /api/sessions/e2e-rich-session/entries/answer/thinking?blockIndex=3 200 in 8ms (next.js: 3ms, proxy.ts: 2ms, application-code: 3ms)
 GET /?session=e2e-compacted-session 200 in 38ms (next.js: 3ms, proxy.ts: 1.8ms, application-code: 33ms)
 GET /api/agent/e2e-rich-session/events 200 in 1402ms (next.js: 57ms, proxy.ts: 25ms, application-code: 1320ms)
 GET /api/projects 200 in 12ms (next.js: 7ms, proxy.ts: 4ms, application-code: 1.9ms)
 GET /api/open-in-explorer 200 in 16ms (next.js: 9ms, proxy.ts: 5ms, application-code: 1.7ms)
 GET /api/agent/running 200 in 19ms (next.js: 11ms, proxy.ts: 6ms, application-code: 1.7ms)
 GET /api/home 200 in 23ms (next.js: 8ms, proxy.ts: 12ms, application-code: 3ms)
 GET /api/sessions?sessionId=e2e-compacted-session 200 in 36ms (next.js: 12ms, proxy.ts: 10ms, application-code: 13ms)
 GET /api/agent/running 200 in 28ms (next.js: 9ms, proxy.ts: 16ms, application-code: 2ms)
 GET /api/open-in-explorer 200 in 33ms (next.js: 14ms, proxy.ts: 17ms, application-code: 2ms)
 GET /api/projects?force=1 200 in 39ms (next.js: 7ms, proxy.ts: 16ms, application-code: 16ms)
 GET /api/home 200 in 25ms (next.js: 10ms, proxy.ts: 13ms, application-code: 2ms)
 GET /api/worktrees?cwd=%2Fhome%2Fxupeng%2F.cache%2Fpi-tmp%2F01a10f47-ae69-753b-a8de-d77bd690adfd%2Fask-user-full-e2e-qlwaxoau%2Fpi-web-e2e-XtiDMR%2Fproject 200 in 39ms (next.js: 6ms, proxy.ts: 4ms, application-code: 29ms)
 GET /api/git/status?cwd=%2Fhome%2Fxupeng%2F.cache%2Fpi-tmp%2F01a10f47-ae69-753b-a8de-d77bd690adfd%2Fask-user-full-e2e-qlwaxoau%2Fpi-web-e2e-XtiDMR%2Fproject 200 in 133ms (next.js: 10ms, proxy.ts: 32ms, application-code: 92ms)
 GET /api/sessions?projectKey=%2Fhome%2Fxupeng%2F.cache%2Fpi-tmp%2F01a10f47-ae69-753b-a8de-d77bd690adfd%2Fask-user-full-e2e-qlwaxoau%2Fpi-web-e2e-XtiDMR%2Fproject 200 in 133ms (next.js: 34ms, proxy.ts: 33ms, application-code: 66ms)
 GET /api/files/home/xupeng/.cache/pi-tmp/01a10f47-ae69-753b-a8de-d77bd690adfd/ask-user-full-e2e-qlwaxoau/pi-web-e2e-XtiDMR/project?type=list 200 in 142ms (next.js: 96ms, proxy.ts: 6ms, application-code: 40ms)
 GET /api/file-index?cwd=%2Fhome%2Fxupeng%2F.cache%2Fpi-tmp%2F01a10f47-ae69-753b-a8de-d77bd690adfd%2Fask-user-full-e2e-qlwaxoau%2Fpi-web-e2e-XtiDMR%2Fproject 200 in 106ms (next.js: 36ms, proxy.ts: 68ms, application-code: 1.9ms)
 GET /api/project-trust?cwd=%2Fhome%2Fxupeng%2F.cache%2Fpi-tmp%2F01a10f47-ae69-753b-a8de-d77bd690adfd%2Fask-user-full-e2e-qlwaxoau%2Fpi-web-e2e-XtiDMR%2Fproject 200 in 110ms (next.js: 37ms, proxy.ts: 71ms, application-code: 3ms)
 GET /api/sessions/e2e-compacted-session?deferThinking=1&deferMedia=1&tree=summary&force=1 200 in 152ms (next.js: 128ms, proxy.ts: 10ms, application-code: 14ms)
 GET /api/sessions?projectKey=%2Fhome%2Fxupeng%2F.cache%2Fpi-tmp%2F01a10f47-ae69-753b-a8de-d77bd690adfd%2Fask-user-full-e2e-qlwaxoau%2Fpi-web-e2e-XtiDMR%2Fproject 200 in 55ms (next.js: 12ms, proxy.ts: 35ms, application-code: 8ms)
 GET /api/models?cwd=%2Fhome%2Fxupeng%2F.cache%2Fpi-tmp%2F01a10f47-ae69-753b-a8de-d77bd690adfd%2Fask-user-full-e2e-qlwaxoau%2Fpi-web-e2e-XtiDMR%2Fproject 200 in 28ms (next.js: 13ms, proxy.ts: 13ms, application-code: 2ms)
 GET /api/git/status?cwd=%2Fhome%2Fxupeng%2F.cache%2Fpi-tmp%2F01a10f47-ae69-753b-a8de-d77bd690adfd%2Fask-user-full-e2e-qlwaxoau%2Fpi-web-e2e-XtiDMR%2Fproject 200 in 75ms (next.js: 9ms, proxy.ts: 11ms, application-code: 54ms)
 GET /api/sessions/e2e-compacted-session?deferThinking=1&deferMedia=1&tree=summary&force=1 200 in 112ms (next.js: 94ms, proxy.ts: 12ms, application-code: 6ms)
 GET /api/files/home/xupeng/.cache/pi-tmp/01a10f47-ae69-753b-a8de-d77bd690adfd/ask-user-full-e2e-qlwaxoau/pi-web-e2e-XtiDMR/project?type=list 200 in 114ms (next.js: 65ms, proxy.ts: 11ms, application-code: 37ms)
 GET /api/git/status?cwd=%2Fhome%2Fxupeng%2F.cache%2Fpi-tmp%2F01a10f47-ae69-753b-a8de-d77bd690adfd%2Fask-user-full-e2e-qlwaxoau%2Fpi-web-e2e-XtiDMR%2Fproject 200 in 38ms (next.js: 4ms, proxy.ts: 5ms, application-code: 29ms)
 GET /api/sessions/e2e-compacted-session/state 200 in 87ms (next.js: 55ms, proxy.ts: 29ms, application-code: 2.0ms)
 GET /api/files/home/xupeng/.cache/pi-tmp/01a10f47-ae69-753b-a8de-d77bd690adfd/ask-user-full-e2e-qlwaxoau/pi-web-e2e-XtiDMR/project?type=list 200 in 89ms (next.js: 8ms, proxy.ts: 29ms, application-code: 52ms)
 POST /api/agent/e2e-compacted-session 200 in 33ms (next.js: 28ms, proxy.ts: 2.0ms, application-code: 4ms)
 GET /api/agent/e2e-compacted-session/events 200 in 532ms (next.js: 70ms, proxy.ts: 40ms, application-code: 422ms)
 GET /?session=e2e-rich-session 200 in 59ms (next.js: 4ms, proxy.ts: 1.8ms, application-code: 54ms)
 GET /api/projects 200 in 21ms (next.js: 12ms, proxy.ts: 7ms, application-code: 3ms)
 GET /api/open-in-explorer 200 in 32ms (next.js: 20ms, proxy.ts: 10ms, application-code: 3ms)
 GET /api/agent/running 200 in 37ms (next.js: 23ms, proxy.ts: 11ms, application-code: 3ms)
 GET /api/home 200 in 39ms (next.js: 21ms, proxy.ts: 15ms, application-code: 4ms)
 GET /api/sessions?sessionId=e2e-rich-session 200 in 65ms (next.js: 27ms, proxy.ts: 16ms, application-code: 21ms)
 GET /api/agent/running 200 in 43ms (next.js: 15ms, proxy.ts: 25ms, application-code: 3ms)
 GET /api/projects?force=1 200 in 69ms (next.js: 23ms, proxy.ts: 26ms, application-code: 20ms)
 GET /api/open-in-explorer 200 in 38ms (next.js: 18ms, proxy.ts: 18ms, application-code: 3ms)
 GET /api/home 200 in 31ms (next.js: 9ms, proxy.ts: 19ms, application-code: 2ms)
 GET /api/worktrees?cwd=%2Fhome%2Fxupeng%2F.cache%2Fpi-tmp%2F01a10f47-ae69-753b-a8de-d77bd690adfd%2Fask-user-full-e2e-qlwaxoau%2Fpi-web-e2e-XtiDMR%2Fproject 200 in 52ms (next.js: 12ms, proxy.ts: 4ms, application-code: 36ms)
 GET /api/git/status?cwd=%2Fhome%2Fxupeng%2F.cache%2Fpi-tmp%2F01a10f47-ae69-753b-a8de-d77bd690adfd%2Fask-user-full-e2e-qlwaxoau%2Fpi-web-e2e-XtiDMR%2Fproject 200 in 134ms (next.js: 13ms, proxy.ts: 38ms, application-code: 84ms)
 GET /api/files/home/xupeng/.cache/pi-tmp/01a10f47-ae69-753b-a8de-d77bd690adfd/ask-user-full-e2e-qlwaxoau/pi-web-e2e-XtiDMR/project?type=list 200 in 150ms (next.js: 91ms, proxy.ts: 10ms, application-code: 49ms)
 GET /api/sessions?projectKey=%2Fhome%2Fxupeng%2F.cache%2Fpi-tmp%2F01a10f47-ae69-753b-a8de-d77bd690adfd%2Fask-user-full-e2e-qlwaxoau%2Fpi-web-e2e-XtiDMR%2Fproject 200 in 140ms (next.js: 88ms, proxy.ts: 40ms, application-code: 12ms)
 GET /api/file-index?cwd=%2Fhome%2Fxupeng%2F.cache%2Fpi-tmp%2F01a10f47-ae69-753b-a8de-d77bd690adfd%2Fask-user-full-e2e-qlwaxoau%2Fpi-web-e2e-XtiDMR%2Fproject 200 in 25ms (next.js: 12ms, proxy.ts: 11ms, application-code: 2ms)
 GET /api/project-trust?cwd=%2Fhome%2Fxupeng%2F.cache%2Fpi-tmp%2F01a10f47-ae69-753b-a8de-d77bd690adfd%2Fask-user-full-e2e-qlwaxoau%2Fpi-web-e2e-XtiDMR%2Fproject 200 in 28ms (next.js: 16ms, proxy.ts: 9ms, application-code: 3ms)
 GET /api/models?cwd=%2Fhome%2Fxupeng%2F.cache%2Fpi-tmp%2F01a10f47-ae69-753b-a8de-d77bd690adfd%2Fask-user-full-e2e-qlwaxoau%2Fpi-web-e2e-XtiDMR%2Fproject 200 in 30ms (next.js: 15ms, proxy.ts: 9ms, application-code: 7ms)
 GET /api/sessions?projectKey=%2Fhome%2Fxupeng%2F.cache%2Fpi-tmp%2F01a10f47-ae69-753b-a8de-d77bd690adfd%2Fask-user-full-e2e-qlwaxoau%2Fpi-web-e2e-XtiDMR%2Fproject 200 in 39ms (next.js: 18ms, proxy.ts: 10ms, application-code: 10ms)
 GET /api/app-update 502 in 71ms (next.js: 23ms, proxy.ts: 14ms, application-code: 34ms)
 GET /api/git/status?cwd=%2Fhome%2Fxupeng%2F.cache%2Fpi-tmp%2F01a10f47-ae69-753b-a8de-d77bd690adfd%2Fask-user-full-e2e-qlwaxoau%2Fpi-web-e2e-XtiDMR%2Fproject 200 in 76ms (next.js: 26ms, proxy.ts: 15ms, application-code: 35ms)
 GET /api/sessions/e2e-rich-session?deferThinking=1&deferMedia=1&tree=summary&force=1 200 in 124ms (next.js: 76ms, proxy.ts: 39ms, application-code: 10ms)
 GET /api/models?cwd=%2Fhome%2Fxupeng%2F.cache%2Fpi-tmp%2F01a10f47-ae69-753b-a8de-d77bd690adfd%2Fask-user-full-e2e-qlwaxoau%2Fpi-web-e2e-XtiDMR%2Fproject 200 in 84ms (next.js: 72ms, proxy.ts: 5ms, application-code: 7ms)
 GET /api/files/home/xupeng/.cache/pi-tmp/01a10f47-ae69-753b-a8de-d77bd690adfd/ask-user-full-e2e-qlwaxoau/pi-web-e2e-XtiDMR/project?type=list 200 in 133ms (next.js: 40ms, proxy.ts: 41ms, application-code: 52ms)
 GET /api/sessions/e2e-rich-session?deferThinking=1&deferMedia=1&tree=summary&force=1 200 in 19ms (next.js: 4ms, proxy.ts: 9ms, application-code: 7ms)
 GET /api/sessions/e2e-rich-session/state 200 in 11ms (next.js: 3ms, proxy.ts: 3ms, application-code: 4ms)
 POST /api/agent/e2e-rich-session 200 in 13ms (next.js: 5ms, proxy.ts: 3ms, application-code: 5ms)
 GET /api/git/status?cwd=%2Fhome%2Fxupeng%2F.cache%2Fpi-tmp%2F01a10f47-ae69-753b-a8de-d77bd690adfd%2Fask-user-full-e2e-qlwaxoau%2Fpi-web-e2e-XtiDMR%2Fproject 200 in 38ms (next.js: 2ms, proxy.ts: 4ms, application-code: 32ms)
 GET /api/files/home/xupeng/.cache/pi-tmp/01a10f47-ae69-753b-a8de-d77bd690adfd/ask-user-full-e2e-qlwaxoau/pi-web-e2e-XtiDMR/project?type=list 200 in 73ms (next.js: 38ms, proxy.ts: 7ms, application-code: 29ms)
 GET /api/git/diff?cwd=%2Fhome%2Fxupeng%2F.cache%2Fpi-tmp%2F01a10f47-ae69-753b-a8de-d77bd690adfd%2Fask-user-full-e2e-qlwaxoau%2Fpi-web-e2e-XtiDMR%2Fproject&path=%2Fhome%2Fxupeng%2F.cache%2Fpi-tmp%2F01a10f47-ae69-753b-a8de-d77bd690adfd%2Fask-user-full-e2e-qlwaxoau%2Fpi-web-e2e-XtiDMR%2Fproject%2Fpreview.html 200 in 34ms (next.js: 3ms, proxy.ts: 3ms, application-code: 28ms)
 GET /api/files/home/xupeng/.cache/pi-tmp/01a10f47-ae69-753b-a8de-d77bd690adfd/ask-user-full-e2e-qlwaxoau/pi-web-e2e-XtiDMR/project/preview.html?type=read 200 in 39ms (next.js: 34ms, proxy.ts: 3ms, application-code: 2ms)
 GET /api/git/diff?cwd=%2Fhome%2Fxupeng%2F.cache%2Fpi-tmp%2F01a10f47-ae69-753b-a8de-d77bd690adfd%2Fask-user-full-e2e-qlwaxoau%2Fpi-web-e2e-XtiDMR%2Fproject&path=%2Fhome%2Fxupeng%2F.cache%2Fpi-tmp%2F01a10f47-ae69-753b-a8de-d77bd690adfd%2Fask-user-full-e2e-qlwaxoau%2Fpi-web-e2e-XtiDMR%2Fproject%2Fpreview.html 200 in 32ms (next.js: 2ms, proxy.ts: 2ms, application-code: 27ms)
 GET /api/files/home/xupeng/.cache/pi-tmp/01a10f47-ae69-753b-a8de-d77bd690adfd/ask-user-full-e2e-qlwaxoau/pi-web-e2e-XtiDMR/project/preview.html?type=read 200 in 36ms (next.js: 31ms, proxy.ts: 2ms, application-code: 2ms)
 GET /api/git/diff?cwd=%2Fhome%2Fxupeng%2F.cache%2Fpi-tmp%2F01a10f47-ae69-753b-a8de-d77bd690adfd%2Fask-user-full-e2e-qlwaxoau%2Fpi-web-e2e-XtiDMR%2Fproject&path=%2Fhome%2Fxupeng%2F.cache%2Fpi-tmp%2F01a10f47-ae69-753b-a8de-d77bd690adfd%2Fask-user-full-e2e-qlwaxoau%2Fpi-web-e2e-XtiDMR%2Fproject%2Fpreview.html 200 in 38ms (next.js: 3ms, proxy.ts: 3ms, application-code: 32ms)
 GET /api/files/home/xupeng/.cache/pi-tmp/01a10f47-ae69-753b-a8de-d77bd690adfd/ask-user-full-e2e-qlwaxoau/pi-web-e2e-XtiDMR/project/preview.html?type=read 200 in 44ms (next.js: 38ms, proxy.ts: 2ms, application-code: 4ms)
 GET /api/files/home/xupeng/.cache/pi-tmp/01a10f47-ae69-753b-a8de-d77bd690adfd/ask-user-full-e2e-qlwaxoau/pi-web-e2e-XtiDMR/project/preview.html?type=watch 200 in 280ms (next.js: 3ms, proxy.ts: 7ms, application-code: 270ms)
 POST /api/agent/e2e-rich-session 200 in 11ms (next.js: 3ms, proxy.ts: 3ms, application-code: 5ms)
 POST /api/agent/e2e-rich-session 200 in 313ms (next.js: 28ms, proxy.ts: 3ms, application-code: 283ms)
 GET /api/sessions?sessionId=e2e-rich-session 200 in 31ms (next.js: 4ms, proxy.ts: 4ms, application-code: 23ms)
 GET /api/sessions/e2e-rich-session?deferThinking=1&deferMedia=1&tree=summary 200 in 68ms (next.js: 57ms, proxy.ts: 5ms, application-code: 7ms)
 GET /api/git/diff?cwd=%2Fhome%2Fxupeng%2F.cache%2Fpi-tmp%2F01a10f47-ae69-753b-a8de-d77bd690adfd%2Fask-user-full-e2e-qlwaxoau%2Fpi-web-e2e-XtiDMR%2Fproject&path=%2Fhome%2Fxupeng%2F.cache%2Fpi-tmp%2F01a10f47-ae69-753b-a8de-d77bd690adfd%2Fask-user-full-e2e-qlwaxoau%2Fpi-web-e2e-XtiDMR%2Fproject%2Fpreview.html 200 in 48ms (next.js: 9ms, proxy.ts: 4ms, application-code: 36ms)
 GET /api/sessions?sessionId=e2e-rich-session 200 in 50ms (next.js: 3ms, proxy.ts: 4ms, application-code: 43ms)
 GET /api/git/status?cwd=%2Fhome%2Fxupeng%2F.cache%2Fpi-tmp%2F01a10f47-ae69-753b-a8de-d77bd690adfd%2Fask-user-full-e2e-qlwaxoau%2Fpi-web-e2e-XtiDMR%2Fproject 200 in 48ms (next.js: 4ms, proxy.ts: 7ms, application-code: 37ms)
 GET /api/files/home/xupeng/.cache/pi-tmp/01a10f47-ae69-753b-a8de-d77bd690adfd/ask-user-full-e2e-qlwaxoau/pi-web-e2e-XtiDMR/project?type=list 200 in 114ms (next.js: 72ms, proxy.ts: 6ms, application-code: 36ms)
 GET /api/agent/running 200 in 10ms (next.js: 3ms, proxy.ts: 5ms, application-code: 3ms)
 POST /api/agent/e2e-rich-session 200 in 13ms (next.js: 3ms, proxy.ts: 3ms, application-code: 6ms)
 POST /api/agent/e2e-rich-session 200 in 264ms (next.js: 3ms, proxy.ts: 3ms, application-code: 258ms)
 GET /api/sessions?sessionId=e2e-rich-session 200 in 13ms (next.js: 3ms, proxy.ts: 4ms, application-code: 6ms)
 GET /api/sessions/e2e-rich-session?deferThinking=1&deferMedia=1&tree=summary 200 in 17ms (next.js: 9ms, proxy.ts: 4ms, application-code: 4ms)
 GET /api/sessions?sessionId=e2e-rich-session 200 in 16ms (next.js: 3ms, proxy.ts: 3ms, application-code: 9ms)
 GET /api/git/diff?cwd=%2Fhome%2Fxupeng%2F.cache%2Fpi-tmp%2F01a10f47-ae69-753b-a8de-d77bd690adfd%2Fask-user-full-e2e-qlwaxoau%2Fpi-web-e2e-XtiDMR%2Fproject&path=%2Fhome%2Fxupeng%2F.cache%2Fpi-tmp%2F01a10f47-ae69-753b-a8de-d77bd690adfd%2Fask-user-full-e2e-qlwaxoau%2Fpi-web-e2e-XtiDMR%2Fproject%2Fpreview.html 200 in 52ms (next.js: 5ms, proxy.ts: 9ms, application-code: 38ms)
 GET /api/git/status?cwd=%2Fhome%2Fxupeng%2F.cache%2Fpi-tmp%2F01a10f47-ae69-753b-a8de-d77bd690adfd%2Fask-user-full-e2e-qlwaxoau%2Fpi-web-e2e-XtiDMR%2Fproject 200 in 41ms (next.js: 3ms, proxy.ts: 5ms, application-code: 32ms)
 GET /api/files/home/xupeng/.cache/pi-tmp/01a10f47-ae69-753b-a8de-d77bd690adfd/ask-user-full-e2e-qlwaxoau/pi-web-e2e-XtiDMR/project?type=list 200 in 76ms (next.js: 39ms, proxy.ts: 4ms, application-code: 33ms)
 POST /api/agent/e2e-rich-session 200 in 19ms (next.js: 5ms, proxy.ts: 8ms, application-code: 5ms)
 POST /api/agent/e2e-rich-session 200 in 101ms (next.js: 4ms, proxy.ts: 3ms, application-code: 94ms)
 GET /api/sessions?sessionId=e2e-rich-session 200 in 19ms (next.js: 4ms, proxy.ts: 6ms, application-code: 8ms)
 GET /api/sessions/e2e-rich-session?deferThinking=1&deferMedia=1&tree=summary 200 in 22ms (next.js: 12ms, proxy.ts: 6ms, application-code: 4ms)
 GET /api/sessions?sessionId=e2e-rich-session 200 in 11ms (next.js: 3ms, proxy.ts: 1.9ms, application-code: 6ms)
 GET /api/git/diff?cwd=%2Fhome%2Fxupeng%2F.cache%2Fpi-tmp%2F01a10f47-ae69-753b-a8de-d77bd690adfd%2Fask-user-full-e2e-qlwaxoau%2Fpi-web-e2e-XtiDMR%2Fproject&path=%2Fhome%2Fxupeng%2F.cache%2Fpi-tmp%2F01a10f47-ae69-753b-a8de-d77bd690adfd%2Fask-user-full-e2e-qlwaxoau%2Fpi-web-e2e-XtiDMR%2Fproject%2Fpreview.html 200 in 51ms (next.js: 3ms, proxy.ts: 7ms, application-code: 41ms)
 GET /api/git/status?cwd=%2Fhome%2Fxupeng%2F.cache%2Fpi-tmp%2F01a10f47-ae69-753b-a8de-d77bd690adfd%2Fask-user-full-e2e-qlwaxoau%2Fpi-web-e2e-XtiDMR%2Fproject 200 in 53ms (next.js: 2ms, proxy.ts: 9ms, application-code: 41ms)
 GET /api/files/home/xupeng/.cache/pi-tmp/01a10f47-ae69-753b-a8de-d77bd690adfd/ask-user-full-e2e-qlwaxoau/pi-web-e2e-XtiDMR/project?type=list 200 in 91ms (next.js: 50ms, proxy.ts: 8ms, application-code: 34ms)
 POST /api/agent/e2e-rich-session 200 in 7ms (next.js: 2ms, proxy.ts: 2ms, application-code: 3ms)
 POST /api/agent/e2e-rich-session 200 in 312ms (next.js: 34ms, proxy.ts: 3ms, application-code: 274ms)
 GET /api/sessions?sessionId=e2e-rich-session 200 in 10ms (next.js: 2ms, proxy.ts: 2ms, application-code: 5ms)
 GET /api/sessions/e2e-rich-session?deferThinking=1&deferMedia=1&tree=summary 200 in 37ms (next.js: 30ms, proxy.ts: 3ms, application-code: 4ms)
 GET /api/sessions?sessionId=e2e-rich-session 200 in 37ms (next.js: 3ms, proxy.ts: 2ms, application-code: 32ms)
 GET /api/git/diff?cwd=%2Fhome%2Fxupeng%2F.cache%2Fpi-tmp%2F01a10f47-ae69-753b-a8de-d77bd690adfd%2Fask-user-full-e2e-qlwaxoau%2Fpi-web-e2e-XtiDMR%2Fproject&path=%2Fhome%2Fxupeng%2F.cache%2Fpi-tmp%2F01a10f47-ae69-753b-a8de-d77bd690adfd%2Fask-user-full-e2e-qlwaxoau%2Fpi-web-e2e-XtiDMR%2Fproject%2Fpreview.html 200 in 36ms (next.js: 1.8ms, proxy.ts: 7ms, application-code: 26ms)
 GET /api/git/status?cwd=%2Fhome%2Fxupeng%2F.cache%2Fpi-tmp%2F01a10f47-ae69-753b-a8de-d77bd690adfd%2Fask-user-full-e2e-qlwaxoau%2Fpi-web-e2e-XtiDMR%2Fproject 200 in 40ms (next.js: 3ms, proxy.ts: 4ms, application-code: 32ms)
 GET /api/files/home/xupeng/.cache/pi-tmp/01a10f47-ae69-753b-a8de-d77bd690adfd/ask-user-full-e2e-qlwaxoau/pi-web-e2e-XtiDMR/project?type=list 200 in 102ms (next.js: 65ms, proxy.ts: 4ms, application-code: 33ms)
 POST /api/agent/e2e-rich-session 200 in 9ms (next.js: 3ms, proxy.ts: 3ms, application-code: 4ms)
 POST /api/agent/e2e-rich-session 200 in 329ms (next.js: 4ms, proxy.ts: 4ms, application-code: 321ms)
 GET /api/sessions?sessionId=e2e-rich-session 200 in 12ms (next.js: 3ms, proxy.ts: 4ms, application-code: 5ms)
 GET /api/sessions/e2e-rich-session?deferThinking=1&deferMedia=1&tree=summary 200 in 17ms (next.js: 9ms, proxy.ts: 4ms, application-code: 4ms)
 GET /api/git/diff?cwd=%2Fhome%2Fxupeng%2F.cache%2Fpi-tmp%2F01a10f47-ae69-753b-a8de-d77bd690adfd%2Fask-user-full-e2e-qlwaxoau%2Fpi-web-e2e-XtiDMR%2Fproject&path=%2Fhome%2Fxupeng%2F.cache%2Fpi-tmp%2F01a10f47-ae69-753b-a8de-d77bd690adfd%2Fask-user-full-e2e-qlwaxoau%2Fpi-web-e2e-XtiDMR%2Fproject%2Fpreview.html 200 in 67ms (next.js: 26ms, proxy.ts: 3ms, application-code: 38ms)
 GET /api/sessions?sessionId=e2e-rich-session 200 in 71ms (next.js: 3ms, proxy.ts: 4ms, application-code: 64ms)
 GET /api/git/status?cwd=%2Fhome%2Fxupeng%2F.cache%2Fpi-tmp%2F01a10f47-ae69-753b-a8de-d77bd690adfd%2Fask-user-full-e2e-qlwaxoau%2Fpi-web-e2e-XtiDMR%2Fproject 200 in 43ms (next.js: 5ms, proxy.ts: 6ms, application-code: 32ms)
 GET /api/files/home/xupeng/.cache/pi-tmp/01a10f47-ae69-753b-a8de-d77bd690adfd/ask-user-full-e2e-qlwaxoau/pi-web-e2e-XtiDMR/project?type=list 200 in 73ms (next.js: 40ms, proxy.ts: 6ms, application-code: 27ms)
 GET /api/agent/running 200 in 13ms (next.js: 3ms, proxy.ts: 7ms, application-code: 3ms)
 GET /api/agent/running 200 in 7ms (next.js: 3ms, proxy.ts: 2ms, application-code: 2ms)
 GET /api/agent/running 200 in 6ms (next.js: 1.5ms, proxy.ts: 2ms, application-code: 2ms)
 GET /api/agent/running 200 in 5ms (next.js: 1.5ms, proxy.ts: 2.0ms, application-code: 1.8ms)
 POST /api/agent/e2e-rich-session 200 in 28ms (next.js: 22ms, proxy.ts: 2ms, application-code: 4ms)
 POST /api/agent/e2e-rich-session 200 in 8.6s (next.js: 4ms, proxy.ts: 4ms, application-code: 8.6s)
 GET /api/sessions?sessionId=e2e-rich-session 200 in 47ms (next.js: 5ms, proxy.ts: 3ms, application-code: 39ms)
 GET /api/sessions/e2e-rich-session?deferThinking=1&deferMedia=1&tree=summary 200 in 48ms (next.js: 34ms, proxy.ts: 5ms, application-code: 9ms)
 GET /api/sessions?sessionId=e2e-rich-session 200 in 18ms (next.js: 4ms, proxy.ts: 4ms, application-code: 10ms)
 GET /api/git/diff?cwd=%2Fhome%2Fxupeng%2F.cache%2Fpi-tmp%2F01a10f47-ae69-753b-a8de-d77bd690adfd%2Fask-user-full-e2e-qlwaxoau%2Fpi-web-e2e-XtiDMR%2Fproject&path=%2Fhome%2Fxupeng%2F.cache%2Fpi-tmp%2F01a10f47-ae69-753b-a8de-d77bd690adfd%2Fask-user-full-e2e-qlwaxoau%2Fpi-web-e2e-XtiDMR%2Fproject%2Fpreview.html 200 in 41ms (next.js: 12ms, proxy.ts: 4ms, application-code: 25ms)
 GET /api/git/status?cwd=%2Fhome%2Fxupeng%2F.cache%2Fpi-tmp%2F01a10f47-ae69-753b-a8de-d77bd690adfd%2Fask-user-full-e2e-qlwaxoau%2Fpi-web-e2e-XtiDMR%2Fproject 200 in 73ms (next.js: 4ms, proxy.ts: 4ms, application-code: 65ms)
 GET /api/files/home/xupeng/.cache/pi-tmp/01a10f47-ae69-753b-a8de-d77bd690adfd/ask-user-full-e2e-qlwaxoau/pi-web-e2e-XtiDMR/project?type=list 200 in 75ms (next.js: 46ms, proxy.ts: 4ms, application-code: 26ms)
 GET /?session=e2e-ask-user-session 200 in 56ms (next.js: 18ms, proxy.ts: 2ms, application-code: 35ms)
 GET /api/agent/e2e-rich-session/events 200 in 14.0s (next.js: 86ms, proxy.ts: 4ms, application-code: 13.9s)
 GET /api/projects 200 in 23ms (next.js: 10ms, proxy.ts: 10ms, application-code: 3ms)
 GET /api/open-in-explorer 200 in 26ms (next.js: 13ms, proxy.ts: 10ms, application-code: 3ms)
 GET /api/home 200 in 30ms (next.js: 17ms, proxy.ts: 11ms, application-code: 3ms)
 GET /api/open-in-explorer 200 in 41ms (next.js: 28ms, proxy.ts: 10ms, application-code: 3ms)
 GET /api/projects?force=1 200 in 53ms (next.js: 26ms, proxy.ts: 12ms, application-code: 16ms)
 GET /api/sessions?sessionId=e2e-ask-user-session 200 in 56ms (next.js: 20ms, proxy.ts: 11ms, application-code: 25ms)
 GET /api/agent/running 200 in 18ms (next.js: 5ms, proxy.ts: 11ms, application-code: 2ms)
 GET /api/home 200 in 19ms (next.js: 8ms, proxy.ts: 9ms, application-code: 2ms)
 GET /api/git/status?cwd=%2Fhome%2Fxupeng%2F.cache%2Fpi-tmp%2F01a10f47-ae69-753b-a8de-d77bd690adfd%2Fask-user-full-e2e-qlwaxoau%2Fpi-web-e2e-XtiDMR%2Fproject 200 in 95ms (next.js: 32ms, proxy.ts: 10ms, application-code: 53ms)
 GET /api/worktrees?cwd=%2Fhome%2Fxupeng%2F.cache%2Fpi-tmp%2F01a10f47-ae69-753b-a8de-d77bd690adfd%2Fask-user-full-e2e-qlwaxoau%2Fpi-web-e2e-XtiDMR%2Fproject 200 in 98ms (next.js: 11ms, proxy.ts: 9ms, application-code: 78ms)
 GET /api/sessions?projectKey=%2Fhome%2Fxupeng%2F.cache%2Fpi-tmp%2F01a10f47-ae69-753b-a8de-d77bd690adfd%2Fask-user-full-e2e-qlwaxoau%2Fpi-web-e2e-XtiDMR%2Fproject 200 in 98ms (next.js: 56ms, proxy.ts: 10ms, application-code: 31ms)
 GET /api/git/status?cwd=%2Fhome%2Fxupeng%2F.cache%2Fpi-tmp%2F01a10f47-ae69-753b-a8de-d77bd690adfd%2Fask-user-full-e2e-qlwaxoau%2Fpi-web-e2e-XtiDMR%2Fproject 200 in 98ms (next.js: 60ms, proxy.ts: 11ms, application-code: 27ms)
 GET /api/files/home/xupeng/.cache/pi-tmp/01a10f47-ae69-753b-a8de-d77bd690adfd/ask-user-full-e2e-qlwaxoau/pi-web-e2e-XtiDMR/project?type=list 200 in 180ms (next.js: 114ms, proxy.ts: 9ms, application-code: 56ms)
 GET /api/files/home/xupeng/.cache/pi-tmp/01a10f47-ae69-753b-a8de-d77bd690adfd/ask-user-full-e2e-qlwaxoau/pi-web-e2e-XtiDMR/project?type=list 200 in 182ms (next.js: 138ms, proxy.ts: 11ms, application-code: 33ms)
 GET /api/project-trust?cwd=%2Fhome%2Fxupeng%2F.cache%2Fpi-tmp%2F01a10f47-ae69-753b-a8de-d77bd690adfd%2Fask-user-full-e2e-qlwaxoau%2Fpi-web-e2e-XtiDMR%2Fproject 200 in 105ms (next.js: 61ms, proxy.ts: 38ms, application-code: 6ms)
 GET /api/file-index?cwd=%2Fhome%2Fxupeng%2F.cache%2Fpi-tmp%2F01a10f47-ae69-753b-a8de-d77bd690adfd%2Fask-user-full-e2e-qlwaxoau%2Fpi-web-e2e-XtiDMR%2Fproject 200 in 117ms (next.js: 13ms, proxy.ts: 37ms, application-code: 67ms)
 GET /api/sessions?projectKey=%2Fhome%2Fxupeng%2F.cache%2Fpi-tmp%2F01a10f47-ae69-753b-a8de-d77bd690adfd%2Fask-user-full-e2e-qlwaxoau%2Fpi-web-e2e-XtiDMR%2Fproject 200 in 94ms (next.js: 73ms, proxy.ts: 9ms, application-code: 13ms)
 GET /api/models?cwd=%2Fhome%2Fxupeng%2F.cache%2Fpi-tmp%2F01a10f47-ae69-753b-a8de-d77bd690adfd%2Fask-user-full-e2e-qlwaxoau%2Fpi-web-e2e-XtiDMR%2Fproject 200 in 59ms (next.js: 33ms, proxy.ts: 21ms, application-code: 5ms)
 GET /api/sessions/e2e-ask-user-session?deferThinking=1&deferMedia=1&tree=summary&force=1 200 in 130ms (next.js: 52ms, proxy.ts: 65ms, application-code: 13ms)
 GET /api/sessions/e2e-ask-user-session?deferThinking=1&deferMedia=1&tree=summary&force=1 200 in 140ms (next.js: 56ms, proxy.ts: 71ms, application-code: 12ms)
 GET /api/files/home/xupeng/.cache/pi-tmp/01a10f47-ae69-753b-a8de-d77bd690adfd/ask-user-full-e2e-qlwaxoau/pi-web-e2e-XtiDMR/project?type=list 200 in 149ms (next.js: 85ms, proxy.ts: 35ms, application-code: 29ms)
 GET /api/git/status?cwd=%2Fhome%2Fxupeng%2F.cache%2Fpi-tmp%2F01a10f47-ae69-753b-a8de-d77bd690adfd%2Fask-user-full-e2e-qlwaxoau%2Fpi-web-e2e-XtiDMR%2Fproject 200 in 116ms (next.js: 42ms, proxy.ts: 18ms, application-code: 56ms)
 GET /api/sessions/e2e-ask-user-session/state 200 in 88ms (next.js: 52ms, proxy.ts: 34ms, application-code: 2ms)
 POST /api/agent/e2e-ask-user-session 200 in 33ms (next.js: 26ms, proxy.ts: 2ms, application-code: 5ms)
 GET /?session=e2e-ask-user-session 200 in 56ms (next.js: 4ms, proxy.ts: 2ms, application-code: 50ms)
 GET /api/agent/e2e-ask-user-session/events 200 in 1443ms (next.js: 83ms, proxy.ts: 17ms, application-code: 1343ms)
 GET /api/projects 200 in 21ms (next.js: 8ms, proxy.ts: 11ms, application-code: 2ms)
 GET /api/open-in-explorer 200 in 24ms (next.js: 11ms, proxy.ts: 11ms, application-code: 2ms)
 GET /api/home 200 in 27ms (next.js: 14ms, proxy.ts: 11ms, application-code: 1.9ms)
 GET /api/open-in-explorer 200 in 34ms (next.js: 23ms, proxy.ts: 9ms, application-code: 1.6ms)
 GET /api/sessions?sessionId=e2e-ask-user-session 200 in 44ms (next.js: 16ms, proxy.ts: 12ms, application-code: 16ms)
 GET /api/projects?force=1 200 in 45ms (next.js: 21ms, proxy.ts: 12ms, application-code: 11ms)
 GET /api/agent/running 200 in 12ms (next.js: 2ms, proxy.ts: 7ms, application-code: 1.8ms)
 GET /api/home 200 in 14ms (next.js: 5ms, proxy.ts: 7ms, application-code: 1.8ms)
 GET /api/git/status?cwd=%2Fhome%2Fxupeng%2F.cache%2Fpi-tmp%2F01a10f47-ae69-753b-a8de-d77bd690adfd%2Fask-user-full-e2e-qlwaxoau%2Fpi-web-e2e-XtiDMR%2Fproject 200 in 81ms (next.js: 25ms, proxy.ts: 7ms, application-code: 49ms)
 GET /api/worktrees?cwd=%2Fhome%2Fxupeng%2F.cache%2Fpi-tmp%2F01a10f47-ae69-753b-a8de-d77bd690adfd%2Fask-user-full-e2e-qlwaxoau%2Fpi-web-e2e-XtiDMR%2Fproject 200 in 83ms (next.js: 7ms, proxy.ts: 7ms, application-code: 69ms)
 GET /api/sessions?projectKey=%2Fhome%2Fxupeng%2F.cache%2Fpi-tmp%2F01a10f47-ae69-753b-a8de-d77bd690adfd%2Fask-user-full-e2e-qlwaxoau%2Fpi-web-e2e-XtiDMR%2Fproject 200 in 83ms (next.js: 44ms, proxy.ts: 8ms, application-code: 31ms)
 GET /api/git/status?cwd=%2Fhome%2Fxupeng%2F.cache%2Fpi-tmp%2F01a10f47-ae69-753b-a8de-d77bd690adfd%2Fask-user-full-e2e-qlwaxoau%2Fpi-web-e2e-XtiDMR%2Fproject 200 in 83ms (next.js: 48ms, proxy.ts: 8ms, application-code: 26ms)
 GET /api/files/home/xupeng/.cache/pi-tmp/01a10f47-ae69-753b-a8de-d77bd690adfd/ask-user-full-e2e-qlwaxoau/pi-web-e2e-XtiDMR/project?type=list 200 in 141ms (next.js: 94ms, proxy.ts: 7ms, application-code: 39ms)
 GET /api/files/home/xupeng/.cache/pi-tmp/01a10f47-ae69-753b-a8de-d77bd690adfd/ask-user-full-e2e-qlwaxoau/pi-web-e2e-XtiDMR/project?type=list 200 in 142ms (next.js: 111ms, proxy.ts: 8ms, application-code: 23ms)
 GET /api/file-index?cwd=%2Fhome%2Fxupeng%2F.cache%2Fpi-tmp%2F01a10f47-ae69-753b-a8de-d77bd690adfd%2Fask-user-full-e2e-qlwaxoau%2Fpi-web-e2e-XtiDMR%2Fproject 200 in 16ms (next.js: 8ms, proxy.ts: 7ms, application-code: 2ms)
 GET /api/project-trust?cwd=%2Fhome%2Fxupeng%2F.cache%2Fpi-tmp%2F01a10f47-ae69-753b-a8de-d77bd690adfd%2Fask-user-full-e2e-qlwaxoau%2Fpi-web-e2e-XtiDMR%2Fproject 200 in 20ms (next.js: 10ms, proxy.ts: 7ms, application-code: 4ms)
 GET /api/sessions?projectKey=%2Fhome%2Fxupeng%2F.cache%2Fpi-tmp%2F01a10f47-ae69-753b-a8de-d77bd690adfd%2Fask-user-full-e2e-qlwaxoau%2Fpi-web-e2e-XtiDMR%2Fproject 200 in 29ms (next.js: 13ms, proxy.ts: 7ms, application-code: 8ms)
 GET /api/models?cwd=%2Fhome%2Fxupeng%2F.cache%2Fpi-tmp%2F01a10f47-ae69-753b-a8de-d77bd690adfd%2Fask-user-full-e2e-qlwaxoau%2Fpi-web-e2e-XtiDMR%2Fproject 200 in 26ms (next.js: 5ms, proxy.ts: 19ms, application-code: 3ms)
 GET /api/sessions/e2e-ask-user-session?deferThinking=1&deferMedia=1&tree=summary&force=1 200 in 55ms (next.js: 29ms, proxy.ts: 18ms, application-code: 8ms)
 GET /api/sessions/e2e-ask-user-session?deferThinking=1&deferMedia=1&tree=summary&force=1 200 in 55ms (next.js: 32ms, proxy.ts: 19ms, application-code: 5ms)
 GET /api/sessions/e2e-ask-user-session/state 200 in 32ms (next.js: 25ms, proxy.ts: 4ms, application-code: 3ms)
 POST /api/agent/e2e-ask-user-session 200 in 29ms (next.js: 22ms, proxy.ts: 3ms, application-code: 4ms)
 GET /?session=e2e-status-tail-session 200 in 52ms (next.js: 4ms, proxy.ts: 2ms, application-code: 45ms)
 GET /api/agent/e2e-ask-user-session/events 200 in 865ms (next.js: 50ms, proxy.ts: 4ms, application-code: 810ms)
 GET /api/projects 200 in 17ms (next.js: 7ms, proxy.ts: 9ms, application-code: 1.9ms)
 GET /api/open-in-explorer 200 in 21ms (next.js: 9ms, proxy.ts: 9ms, application-code: 2ms)
 GET /api/home 200 in 25ms (next.js: 13ms, proxy.ts: 9ms, application-code: 3ms)
 GET /api/open-in-explorer 200 in 33ms (next.js: 21ms, proxy.ts: 10ms, application-code: 1.8ms)
 GET /api/projects?force=1 200 in 41ms (next.js: 20ms, proxy.ts: 9ms, application-code: 11ms)
 GET /api/sessions?sessionId=e2e-status-tail-session 200 in 43ms (next.js: 16ms, proxy.ts: 9ms, application-code: 18ms)
 GET /api/agent/running 200 in 13ms (next.js: 3ms, proxy.ts: 8ms, application-code: 1.8ms)
 GET /api/home 200 in 14ms (next.js: 5ms, proxy.ts: 7ms, application-code: 1.8ms)
 GET /api/sessions?projectKey=%2Fhome%2Fxupeng%2F.cache%2Fpi-tmp%2F01a10f47-ae69-753b-a8de-d77bd690adfd%2Fask-user-full-e2e-qlwaxoau%2Fpi-web-e2e-XtiDMR%2Fproject 200 in 70ms (next.js: 40ms, proxy.ts: 6ms, application-code: 24ms)
 GET /api/git/status?cwd=%2Fhome%2Fxupeng%2F.cache%2Fpi-tmp%2F01a10f47-ae69-753b-a8de-d77bd690adfd%2Fask-user-full-e2e-qlwaxoau%2Fpi-web-e2e-XtiDMR%2Fproject 200 in 71ms (next.js: 23ms, proxy.ts: 5ms, application-code: 43ms)
 GET /api/worktrees?cwd=%2Fhome%2Fxupeng%2F.cache%2Fpi-tmp%2F01a10f47-ae69-753b-a8de-d77bd690adfd%2Fask-user-full-e2e-qlwaxoau%2Fpi-web-e2e-XtiDMR%2Fproject 200 in 72ms (next.js: 6ms, proxy.ts: 5ms, application-code: 61ms)
 GET /api/git/status?cwd=%2Fhome%2Fxupeng%2F.cache%2Fpi-tmp%2F01a10f47-ae69-753b-a8de-d77bd690adfd%2Fask-user-full-e2e-qlwaxoau%2Fpi-web-e2e-XtiDMR%2Fproject 200 in 73ms (next.js: 46ms, proxy.ts: 6ms, application-code: 21ms)
 GET /api/files/home/xupeng/.cache/pi-tmp/01a10f47-ae69-753b-a8de-d77bd690adfd/ask-user-full-e2e-qlwaxoau/pi-web-e2e-XtiDMR/project?type=list 200 in 132ms (next.js: 86ms, proxy.ts: 5ms, application-code: 40ms)
 GET /api/files/home/xupeng/.cache/pi-tmp/01a10f47-ae69-753b-a8de-d77bd690adfd/ask-user-full-e2e-qlwaxoau/pi-web-e2e-XtiDMR/project?type=list 200 in 133ms (next.js: 105ms, proxy.ts: 6ms, application-code: 22ms)
 GET /api/file-index?cwd=%2Fhome%2Fxupeng%2F.cache%2Fpi-tmp%2F01a10f47-ae69-753b-a8de-d77bd690adfd%2Fask-user-full-e2e-qlwaxoau%2Fpi-web-e2e-XtiDMR%2Fproject 200 in 69ms (next.js: 8ms, proxy.ts: 58ms, application-code: 2ms)
 GET /api/project-trust?cwd=%2Fhome%2Fxupeng%2F.cache%2Fpi-tmp%2F01a10f47-ae69-753b-a8de-d77bd690adfd%2Fask-user-full-e2e-qlwaxoau%2Fpi-web-e2e-XtiDMR%2Fproject 200 in 20ms (next.js: 11ms, proxy.ts: 7ms, application-code: 3ms)
 GET /api/sessions?projectKey=%2Fhome%2Fxupeng%2F.cache%2Fpi-tmp%2F01a10f47-ae69-753b-a8de-d77bd690adfd%2Fask-user-full-e2e-qlwaxoau%2Fpi-web-e2e-XtiDMR%2Fproject 200 in 30ms (next.js: 14ms, proxy.ts: 7ms, application-code: 10ms)
 GET /api/models?cwd=%2Fhome%2Fxupeng%2F.cache%2Fpi-tmp%2F01a10f47-ae69-753b-a8de-d77bd690adfd%2Fask-user-full-e2e-qlwaxoau%2Fpi-web-e2e-XtiDMR%2Fproject 200 in 22ms (next.js: 3ms, proxy.ts: 16ms, application-code: 2ms)
 GET /api/sessions/e2e-status-tail-session?deferThinking=1&deferMedia=1&tree=summary&force=1 200 in 52ms (next.js: 25ms, proxy.ts: 20ms, application-code: 7ms)
 GET /api/sessions/e2e-status-tail-session?deferThinking=1&deferMedia=1&tree=summary&force=1 200 in 52ms (next.js: 28ms, proxy.ts: 20ms, application-code: 4ms)
 GET /api/agent/running 200 in 5ms (next.js: 1.5ms, proxy.ts: 1.7ms, application-code: 1.7ms)
 GET /api/agent/running 200 in 6ms (next.js: 1.6ms, proxy.ts: 2ms, application-code: 2ms)
 GET /?session=e2e-branch-session 200 in 39ms (next.js: 4ms, proxy.ts: 7ms, application-code: 28ms)
 GET /api/projects 200 in 13ms (next.js: 7ms, proxy.ts: 4ms, application-code: 3ms)
 GET /api/open-in-explorer 200 in 16ms (next.js: 10ms, proxy.ts: 4ms, application-code: 1.6ms)
 GET /api/agent/running 200 in 20ms (next.js: 12ms, proxy.ts: 6ms, application-code: 1.8ms)
 GET /api/home 200 in 24ms (next.js: 10ms, proxy.ts: 12ms, application-code: 1.9ms)
 GET /api/agent/running 200 in 22ms (next.js: 11ms, proxy.ts: 9ms, application-code: 1.5ms)
 GET /api/sessions?sessionId=e2e-branch-session 200 in 37ms (next.js: 8ms, proxy.ts: 16ms, application-code: 13ms)
 GET /api/open-in-explorer 200 in 25ms (next.js: 10ms, proxy.ts: 12ms, application-code: 2ms)
 GET /api/projects?force=1 200 in 36ms (next.js: 9ms, proxy.ts: 12ms, application-code: 15ms)
 GET /api/home 200 in 21ms (next.js: 4ms, proxy.ts: 14ms, application-code: 1.9ms)
 GET /api/worktrees?cwd=%2Fhome%2Fxupeng%2F.cache%2Fpi-tmp%2F01a10f47-ae69-753b-a8de-d77bd690adfd%2Fask-user-full-e2e-qlwaxoau%2Fpi-web-e2e-XtiDMR%2Fproject 200 in 27ms (next.js: 1.9ms, proxy.ts: 1.7ms, application-code: 23ms)
 GET /api/models?cwd=%2Fhome%2Fxupeng%2F.cache%2Fpi-tmp%2F01a10f47-ae69-753b-a8de-d77bd690adfd%2Fask-user-full-e2e-qlwaxoau%2Fpi-web-e2e-XtiDMR%2Fproject 200 in 41ms (next.js: 28ms, proxy.ts: 8ms, application-code: 5ms)
 GET /api/sessions?projectKey=%2Fhome%2Fxupeng%2F.cache%2Fpi-tmp%2F01a10f47-ae69-753b-a8de-d77bd690adfd%2Fask-user-full-e2e-qlwaxoau%2Fpi-web-e2e-XtiDMR%2Fproject 200 in 42ms (next.js: 23ms, proxy.ts: 7ms, application-code: 11ms)
 GET /api/git/status?cwd=%2Fhome%2Fxupeng%2F.cache%2Fpi-tmp%2F01a10f47-ae69-753b-a8de-d77bd690adfd%2Fask-user-full-e2e-qlwaxoau%2Fpi-web-e2e-XtiDMR%2Fproject 200 in 81ms (next.js: 6ms, proxy.ts: 7ms, application-code: 68ms)
 GET /api/files/home/xupeng/.cache/pi-tmp/01a10f47-ae69-753b-a8de-d77bd690adfd/ask-user-full-e2e-qlwaxoau/pi-web-e2e-XtiDMR/project?type=list 200 in 173ms (next.js: 58ms, proxy.ts: 25ms, application-code: 90ms)
 GET /api/sessions/e2e-branch-session?deferThinking=1&deferMedia=1&tree=summary&force=1 200 in 177ms (next.js: 138ms, proxy.ts: 7ms, application-code: 31ms)
 GET /api/file-index?cwd=%2Fhome%2Fxupeng%2F.cache%2Fpi-tmp%2F01a10f47-ae69-753b-a8de-d77bd690adfd%2Fask-user-full-e2e-qlwaxoau%2Fpi-web-e2e-XtiDMR%2Fproject 200 in 170ms (next.js: 58ms, proxy.ts: 30ms, application-code: 82ms)
 GET /api/project-trust?cwd=%2Fhome%2Fxupeng%2F.cache%2Fpi-tmp%2F01a10f47-ae69-753b-a8de-d77bd690adfd%2Fask-user-full-e2e-qlwaxoau%2Fpi-web-e2e-XtiDMR%2Fproject 200 in 99ms (next.js: 11ms, proxy.ts: 84ms, application-code: 4ms)
 GET /api/models?cwd=%2Fhome%2Fxupeng%2F.cache%2Fpi-tmp%2F01a10f47-ae69-753b-a8de-d77bd690adfd%2Fask-user-full-e2e-qlwaxoau%2Fpi-web-e2e-XtiDMR%2Fproject 200 in 101ms (next.js: 12ms, proxy.ts: 86ms, application-code: 3ms)
 GET /api/git/status?cwd=%2Fhome%2Fxupeng%2F.cache%2Fpi-tmp%2F01a10f47-ae69-753b-a8de-d77bd690adfd%2Fask-user-full-e2e-qlwaxoau%2Fpi-web-e2e-XtiDMR%2Fproject 200 in 59ms (next.js: 7ms, proxy.ts: 11ms, application-code: 41ms)
 GET /api/files/home/xupeng/.cache/pi-tmp/01a10f47-ae69-753b-a8de-d77bd690adfd/ask-user-full-e2e-qlwaxoau/pi-web-e2e-XtiDMR/project?type=list 200 in 84ms (next.js: 47ms, proxy.ts: 13ms, application-code: 24ms)
 GET /api/sessions/e2e-branch-session?deferThinking=1&deferMedia=1&tree=summary&force=1 200 in 79ms (next.js: 65ms, proxy.ts: 8ms, application-code: 6ms)
 GET /api/git/status?cwd=%2Fhome%2Fxupeng%2F.cache%2Fpi-tmp%2F01a10f47-ae69-753b-a8de-d77bd690adfd%2Fask-user-full-e2e-qlwaxoau%2Fpi-web-e2e-XtiDMR%2Fproject 200 in 36ms (next.js: 4ms, proxy.ts: 8ms, application-code: 24ms)
 GET /api/sessions/e2e-branch-session/state 200 in 48ms (next.js: 41ms, proxy.ts: 5ms, application-code: 2ms)
 GET /api/files/home/xupeng/.cache/pi-tmp/01a10f47-ae69-753b-a8de-d77bd690adfd/ask-user-full-e2e-qlwaxoau/pi-web-e2e-XtiDMR/project?type=list 200 in 73ms (next.js: 6ms, proxy.ts: 25ms, application-code: 42ms)
 POST /api/agent/e2e-branch-session 200 in 32ms (next.js: 25ms, proxy.ts: 4ms, application-code: 4ms)
 GET /api/agent/e2e-branch-session/events 200 in 1065ms (next.js: 53ms, proxy.ts: 22ms, application-code: 990ms)
[?25h
