=== clean-tree baseline: ref=personal label=personal ===
date: 2026-09-22T16:03:41+08:00

Preparing worktree (detached HEAD 5402a5f)
HEAD is now at 5402a5f Merge pull request #2 from xupeng/task/09-22-stall-watchdog
resolved commit: 5402a5fb9f8cc41e2e45edbbdd36bc20f84056da

=== npm_ci ===
npm warn deprecated node-domexception@1.0.0: Use your platform's native DOMException instead
npm warn deprecated node-domexception@1.0.0: Use your platform's native DOMException instead

> @xup3ng/pi-web@0.9.5 postinstall
> node bin/prepare-terminal.js


added 937 packages, and audited 938 packages in 54s

276 packages are looking for funding
  run `npm fund` for details

found 0 vulnerabilities
npm warn install-scripts 8 packages have install scripts not yet covered by allowScripts:
npm warn install-scripts   @google/genai@1.52.0 (preinstall: echo 'preinstall: no-op')
npm warn install-scripts   esbuild@0.28.1 (postinstall: node install.js)
npm warn install-scripts   node-pty@1.2.0-beta.15 (install: node scripts/prebuild.js || node-gyp rebuild; postinstall: node scripts/post-install.js)
npm warn install-scripts   protobufjs@7.6.6 (postinstall: node scripts/postinstall)
npm warn install-scripts   unrs-resolver@1.11.1 (postinstall: napi-postinstall unrs-resolver 1.11.1 check)
npm warn install-scripts   @google/genai@1.52.0 (preinstall: echo 'preinstall: no-op')
npm warn install-scripts   esbuild@0.28.1 (postinstall: node install.js)
npm warn install-scripts   protobufjs@7.6.5 (postinstall: node scripts/postinstall)
npm warn install-scripts
npm warn install-scripts Run `npm install-scripts ls` to review, or `npm install-scripts approve <pkg>` to allow.
npm_ci_exit=0

=== tsc ===
tsc_exit=0

=== lint ===

> @xup3ng/pi-web@0.9.5 lint
> eslint .

lint_exit=0

=== lint_summary_only ===
lint_summary_only_exit=0

=== test ===

> @xup3ng/pi-web@0.9.5 test
> node --experimental-strip-types --test "app/**/*.test.mjs" "components/**/*.test.mjs" "hooks/**/*.test.mjs" "lib/**/*.test.mjs" "public/**/*.test.mjs"

✔ agent SSE starts sessions asynchronously and disables response buffering (11.884602ms)
✔ agent SSE reuses one TextEncoder per stream (0.597974ms)
✔ attachment uploads resolve a project-scoped directory from the session cwd (10.885649ms)
✔ validated cwd responses include server-resolved project identity (171.433235ms)
✔ extension UI settings route returns defaults and persists rules (37.963715ms)
✔ extension UI settings route validates mutations (13.9448ms)
✔ streamed responses are not content-type sniffable (4.488476ms)
✔ inline SVG is served with a script-blocking content security policy (0.680876ms)
✔ the restrictive headers are applied to every streamFile response shape (0.570019ms)
✔ file watching survives same-path replacement (1.987766ms)
✔ a missing target can be watched after its parent is authorized (0.599975ms)
✔ connected is emitted only after the watcher exists (2.79115ms)
✔ model selector data preserves image input capability metadata (22.543147ms)
✔ lists auto-discovered top-level extensions (71.974031ms)
✔ projects route is a lightweight per-project summary endpoint (4.463808ms)
✔ projects endpoint groups sessions by stable project identity (11467.491881ms)
✔ context route parses ?tail and ?before, excluding the boundary on paging (6.329497ms)
✔ context route: ?before pages upward without duplicating the boundary (4.222355ms)
✔ context route data reports when pagination reaches the root (0.438307ms)
✔ context route resolves an explicit effective leaf and honors root=1 (0.510448ms)
✔ context route sends the Trellis projection only off the pagination path (0.738134ms)
✔ root=1 and invalid leaves never leak another branch's records (2.7998ms)
✔ detail route parses ?tail: default 50, NaN-safe, capped at 1000 (2.312363ms)
✔ detail route bounds history to the tail window (default 50 over 5000 entries) (33.427077ms)
✔ detail route with an out-of-range tail still caps at 1000 (30.486877ms)
✔ detail route adds the bounded Trellis projection without changing chat pagination (0.80155ms)
✔ list versions expose idle session creation, rename and deletion to other windows (156.893582ms)
✔ session listing returns a gzip-compressed response when the client accepts it (96.809567ms)
✔ deleting an unpersisted session shuts down its runtime and invalidates caches (15514.113608ms)
✔ session listing merges live registry snapshots and honors force refresh (0.575113ms)
✔ session listing scopes to a project or a single session on demand (0.397584ms)
✔ session reads use the live SessionManager before requiring a JSONL path (0.98926ms)
✔ detail reads probe disk only on force/mount and evict a stale idle wrapper (0.572658ms)
✔ live agent state is available before the session file is persisted (0.285777ms)
✔ state routes serve a persisted open ask when the wrapper is gone (0.441662ms)
✔ deleting a session removes real subagent descendants but preserves ordinary forks (758.777688ms)
✔ deleting a parent waits for queued and running transient descendant cleanup (1438.62861ms)
✔ descendant cleanup failure returns 500 without unlinking sessions or asks (1459.43276ms)
✔ live detail and state routes work without a persisted JSONL file (7.494076ms)
✔ session detail returns a gzip-compressed response when the client accepts it (13.445553ms)
✔ profiles route creates, lists, and deletes a project profile (331.806234ms)
✔ profiles route keeps same-name global and project profiles independently editable (103.851706ms)
✔ profiles route rejects missing paths, malformed profiles, and unsafe names (41.32508ms)
✔ subagent route reads live state and accepts steer and abort actions (48.551918ms)
✔ subagent route validates actions and rejects commands after completion (12.547088ms)
✔ subagent GET returns 404 for an unknown session (14862.664884ms)
✔ settings route defaults off and persists both switch states (98.379907ms)
✔ settings route validates mutations (8.985722ms)
✔ settings route validates and persists concurrency (16.908502ms)
[web-auth] Password authentication failed; next attempt blocked for 1000ms
[web-auth] Password authentication failed; next attempt blocked for 1000ms
(node:2310165) [MODULE_TYPELESS_PACKAGE_JSON] Warning: Module type of file:///home/xupeng/dev/personal/forked/pi-web-lintclean-personal/lib/auth-throttle.ts is not specified and it doesn't parse as CommonJS.
Reparsing as ES module because module syntax was detected. This incurs a performance overhead.
To eliminate this warning, add "type": "module" to /home/xupeng/dev/personal/forked/pi-web-lintclean-personal/package.json.
(Use `node --trace-warnings ...` to show where the warning was created)
✔ logs in with one password and reports the signed session (48.62259ms)
✔ blocks further attempts after a failure, even with the right password (8.11483ms)
✔ logout clears the session cookie (2.774763ms)
✔ rejects cross-origin login attempts (2.703297ms)
✔ keeps the main session first and makes every agent session selectable (4.712734ms)
✔ sorts running subagents first and enables search only for larger families (3.700067ms)
✔ renders as a compact left-positioned dropdown without a centered inner width (0.64076ms)
✔ shows persisted completion states while live running state takes precedence (4.815637ms)
✔ keeps same-name profiles selectable by scope and groups writable sources first (3.278194ms)
✔ uses the shared enabled status treatment (0.603311ms)
✔ offers a persisted built-in sub-agent switch with explicit session reload (1.18218ms)
✔ marks profiles shadowed by a higher-precedence source (0.482278ms)
✔ treats global and project profiles as directly editable (0.353202ms)
✔ offers both writable scopes when creating a profile (0.899176ms)
✔ uses the shared sidebar action for new profiles (0.805328ms)
✔ sends the selected scope for saves and the source scope for deletes (0.309051ms)
✔ keeps profile fields that the editor does not expose (0.569917ms)
✔ shows a Skills-style path row with the same switch in editable and readonly modes (0.580238ms)
✔ persists existing profile toggles immediately without submitting unsaved fields (4.187145ms)
✔ reuses the ChatInput model selector with scoped models (3.709281ms)
✔ renders the stable agent id as text outside create mode (0.508371ms)
✔ uses the same form controls for editable and readonly profiles (1.630472ms)
✔ shows disabled controls with a gray background (1.93349ms)
✔ keeps a larger resize corner when system instructions need a scrollbar (1.830788ms)
✔ duplicates any selected profile through the existing create flow (0.789046ms)
✔ places duplicate and delete immediately before the enabled switch (0.360344ms)
✔ confirms deletion and limits it to writable profiles (0.218557ms)
✔ plain text without escapes passes through unchanged (52.665164ms)
✔ 24-bit rgb foreground and background colors (5.941199ms)
✔ xterm 256-color palette (3.116619ms)
✔ standard 16 colors and full reset (3.788177ms)
✔ decoration codes render as styles (not dropped) (1.978535ms)
✔ widget text cannot inject HTML (escape_html) (3.682286ms)
✔ newlines inside text are preserved (3.070744ms)
✔ styles do not leak between complete widget snapshots (4.764245ms)
✔ 压缩后的会话仍可根据持久化消息数生成标题 (2.083743ms)
✔ 尚未落盘的会话不会触发依赖 JSONL 的自动命名 (0.657669ms)
✔ 会话落盘后会用服务端记录清除临时状态 (0.393254ms)
✔ only the active file tab mounts a FileViewer (3.27562ms)
✔ the active viewer restores tab state and saves it with a revision (0.923801ms)
✔ closing the file panel pauses the active viewer watcher (0.408261ms)
✔ markdown preview links forward a PDF page fragment to the viewer (1.638398ms)
✔ keeps action icons inline in medium mobile sidebars (17.813358ms)
✔ uses a compact narrow-mobile toolbar with a floating action layer (5.226964ms)
✔ only renders the Agents switcher when the active session family has subagents or Trellis records (0.982277ms)
✔ keeps the Agents panel open while switching sessions and positions it at the left (3.473103ms)
✔ only renders branch toolbar controls for sessions with branches (3.370218ms)
✔ keeps covered statistics and file controls out of interaction and focus (1.358364ms)
✔ closes the mobile action layer on outside click, Escape, layout changes, and session changes (0.778219ms)
✔ keeps the mobile action layer open after using an expanded action (3.655635ms)
✔ keeps theme and language in settings instead of the chat toolbar (8.090764ms)
✔ prioritizes context and cost when the mobile statistics area narrows (1.605775ms)
✔ places trust warnings below the mobile toolbar and the file toggle in toolbar flow (0.874186ms)
✔ closes top-bar dropdowns when the file panel expands to full width (0.640736ms)
(node:2310334) [MODULE_TYPELESS_PACKAGE_JSON] Warning: Module type of file:///home/xupeng/dev/personal/forked/pi-web-lintclean-personal/components/terminal-tab-state.ts is not specified and it doesn't parse as CommonJS.
Reparsing as ES module because module syntax was detected. This incurs a performance overhead.
To eliminate this warning, add "type": "module" to /home/xupeng/dev/personal/forked/pi-web-lintclean-personal/package.json.
(Use `node --trace-warnings ...` to show where the warning was created)
✔ restored workspace tabs retain terminal identity and never request a new shell (37.438382ms)
✔ storage corruption cannot create invalid or duplicate terminal tabs (0.960324ms)
✔ explicit context changes invalidate a pending workspace restore (2.96446ms)
✔ all active-session transitions share one persistence effect (0.731006ms)
✔ keeps chat scroll positions in page memory by session id (11.832024ms)
✔ workspace restoration remains inside the cross-project branch (0.67176ms)
(node:2310351) ExperimentalWarning: stripTypeScriptTypes is an experimental feature and might change at any time
(Use `node --trace-warnings ...` to show where the warning was created)
▶ New restores the draft after session navigation and workspace auto-restore
  ✔ remembered session cwd: /draft-project (123.995911ms)
  ✔ remembered session cwd: /draft-project-worktree (18.538563ms)
✔ New restores the draft after session navigation and workspace auto-restore (164.729248ms)
✔ questions use the full available width across details, options and custom input (8.278079ms)
✔ question details have breathing room and wrap long unbroken text (3.027312ms)
✔ locks the card after submit so a surviving card cannot be edited again (0.707944ms)
✔ shows the submitted state and a per-question answer summary once locked (2.690419ms)
✔ offers a multiline supplement input beyond the questions (0.428729ms)
✔ labels the custom-answer input differently for multiple-choice questions (0.543103ms)
✔ compressChain labels a chain by its first message entry (3.309167ms)
✔ compressChain skips non-message entries such as session_info (0.491854ms)
✔ compressChain labels a projected chain by its preview but selects its representative (1.694125ms)
✔ compressChain falls back to the chain end when no message entry exists (0.314719ms)
✔ selectTopLevelBranches returns all roots for multi-root trees (3.01994ms)
✔ selectTopLevelBranches returns children of the first branching node (5.665107ms)
✔ selectTopLevelBranches returns empty for a linear session (0.425218ms)
✔ hasSessionBranches distinguishes linear sessions from branched sessions (3.903182ms)
✔ selectTopLevelBranches works on preview-only server projections (4.00726ms)
✔ multi-root metadata chains use their user previews and assistant representatives (0.881982ms)
✔ buildActivePath finds the leaf on a 6000-deep linear chain without a stack overflow (247.549611ms)
✔ hasSessionBranches reports false for a linear chain (no branching) and true otherwise (12.731819ms)
✔ hasSessionBranches reports true for multiple root nodes (a branch from the first message) (0.382876ms)
✔ chat content keeps the existing 820px default behind one shared variable (2.780918ms)
✔ General chat settings own the chat width preference (0.825618ms)
✔ chat width validation preserves the default and supported range (0.373696ms)
✔ chat font size preserves the default and bounds stored or supplied values (0.414243ms)
✔ migrates the former relative font offset into the canonical absolute preference (1.106806ms)
✔ uses the rendered slash command order for selection indices (9.553265ms)
✔ anchors the mobile reasoning menu to its left edge (6.833927ms)
✔ touch devices keep keyboard Enter as newline regardless of viewport width (2.304798ms)
✔ composer tells the keyboard the return key is newline (0.425408ms)
✔ useIsMobile exposes a coarse-pointer touch device hook (0.402482ms)
✔ keeps one thinking control and disables it while the session is busy (3.266654ms)
✔ shows the resolved level and treats auto as an uncommitted default (0.85548ms)
✔ session hook layers thinking like the model selector (1.349502ms)
✔ shows a lightweight pending placeholder before loading the server image (42.260858ms)
✔ detects image input support from exact model metadata (3.3678ms)
✔ renders warnings when a restored inline image is incompatible with exact model metadata (95.883254ms)
✔ routes image attachments by current model capability (14.118032ms)
✔ file mention arrows wrap around the match list (623.192583ms)
✔ cycleListIndex wraps in both directions (0.397388ms)
✔ renders the upstream model error (2.278067ms)
✔ does not render an empty model error (1.316809ms)
✔ renders enabledModels scope warnings (16.636281ms)
✔ keeps the model selector visible when a model error leaves no options (10.241805ms)
✔ renders the read-only tool preset as the active selection (3.815762ms)
✔ renders the empty tool preset as Chat only (2.3569ms)
✔ shows and locks the optimistic model while a switch is pending (5.342358ms)
✔ filters model options by name and id (1.709009ms)
✔ renders the shared field model selector as a disabled gray control (1.396287ms)
✔ caps an upward menu to the visible space above its anchor (0.29196ms)
✔ file mention menu applies the measured upward height cap (0.690981ms)
✔ file mention menu remeasures when its layout container shifts the anchor (0.449501ms)
✔ compresses large images while preserving small images and GIFs (1.560422ms)
✔ recognizes exact slash commands for one-Enter submission (0.231651ms)
✔ clears a completed built-in only while its submitted input is unchanged (0.187338ms)
✔ locks built-in command submission until it settles (181.470028ms)
✔ keeps only read-only built-ins available while a run is active (0.476791ms)
✔ restores text and base64 images when editing a user message (0.524084ms)
✔ restores legacy flat image entries when editing a user message (0.397371ms)
✔ does not restore a historical message over a pending image attachment (0.204288ms)
✔ restores a cleared submission using the queued React state (0.293537ms)
✔ keeps a failed first submission recoverable across a composer remount (0.414293ms)
✔ preserves duplicate image attachments when restoring a submission (0.255355ms)
✔ moves a provisional new-session draft to the real session key (1.772875ms)
✔ rekey keeps a synchronously restored draft when React state is still empty (0.368501ms)
✔ renders compact errors above the input as a wrapping alert (7.628313ms)
✔ preserves pasted HTML links as Markdown without changing plain text layout (2.307736ms)
✔ follow-up shortcuts preserve newline, IME, mobile and completion behavior (237.745728ms)
✔ shows the follow-up shortcut in the button tooltip (8.467144ms)
✔ renders the compact composer with the standard Send button and no session controls (4.312949ms)
✔ renders math in headings without disabling heading navigation (279.635835ms)
✔ ask_user card scrolls inside the message column on non-empty sessions (7.122583ms)
✔ composer area no longer hosts the ask_user card (0.555072ms)
✔ empty new-session page keeps the column-aligned ask_user card (0.730305ms)
✔ ask_user card has no fixed height cap and no inner scroll (0.598202ms)
✔ confines extension overlays to the content region above the composer (3.077642ms)
✔ adds collapse without replacing cancel (0.444669ms)
✔ renders extension confirmation and options as markdown (0.968577ms)
✔ preserves title newlines like pi's TUI and keeps long titles from hiding the body (3.578671ms)
✔ resets collapse state when a new extension request arrives (0.986355ms)
✔ renders temporary notices once at the top right of the chat column (3.348523ms)
✔ pauses only for a visible notice (3.396279ms)
✔ lets keyboard users pause and scroll long notices (2.34553ms)
✔ expands process details when a completed turn has no final answer (2.660203ms)
✔ offers compact quoting controls and sends branch questions through the main chat (35.417117ms)
✔ sorts status text by hidden key like the Pi CLI footer (29.235677ms)
✔ preserves status line breaks while normalizing horizontal whitespace (0.422109ms)
✔ preserves explicit status lines without wrapping and scrolls long or tall output (26.288849ms)
✔ renders a single status line without identifier keys (31.412875ms)
✔ renders widgets and status text in one footer (27.723169ms)
✔ renders short extension widgets without a truncation marker (52.318141ms)
✔ collapses long widgets by default (5.161527ms)
✔ keeps all widget lines available for the scrollable expanded panel (0.558033ms)
✔ keeps compact widgets expanded by default (6.878685ms)
✔ expands at most one compact widget (3.437159ms)
✔ switching widgets closes the previously expanded widget (0.415686ms)
✔ detects only existing widgets whose line content changed (2.101687ms)
✔ compares widget lines without delimiter collisions (0.351487ms)
✔ keeps one-line widgets compact but expandable (3.393372ms)
✔ keeps empty widgets non-interactive (4.955648ms)
✔ ImageViewer pauses its watcher and synchronizes after connecting (7.506487ms)
✔ AudioViewer pauses its watcher and synchronizes after connecting (0.398804ms)
✔ VideoViewer pauses its watcher and synchronizes after connecting (1.977695ms)
✔ DocumentViewer pauses its watcher and synchronizes after connecting (0.361026ms)
✔ TextFileViewer pauses its watcher and synchronizes after connecting (0.362734ms)
✔ FileViewer forwards watcher state to every viewer implementation (0.440763ms)
✔ TextFileViewer snapshots and restores lightweight tab state (3.591229ms)
✔ TextFileViewer keeps first-mount preview eligibility across Strict Effects cleanup (0.598336ms)
✔ markdown table tokens stay inline despite Tailwind's table utility (125.745683ms)
✔ large source previews bypass the per-line syntax highlighter (2.325262ms)
✔ lightweight source rows are skipped for highlighted, diff, and preview views (744.535318ms)
✔ markdown preview links carry PDF page fragments (5.056552ms)
✔ composer attachments open in the shared preview with a separate remove button (22.284152ms)
✔ uses a native modal dialog and restores focus to its trigger (2.839214ms)
✔ Escape closes image preview without reaching global shortcuts (1.919122ms)
✔ closes only when the backdrop itself is clicked (0.64111ms)
✔ keeps the preview and Pi-style close button inside mobile safe areas (1.413189ms)
✔ opens non-file markdown links in a safe new tab (163.641676ms)
✔ keeps local file markdown links in the app (35.452796ms)
✔ keeps file URLs inert without an in-app file handler (12.916031ms)
✔ sizes Markdown table columns by content inside a horizontal scroll container (41.495812ms)
✔ keeps single-tilde CJK numeric ranges literal instead of striking them (15.436803ms)
✔ still renders double-tilde strikethrough (9.368556ms)
✔ renders backslash-escaped backticks inside inline code (9.693986ms)
✔ renders LaTeX parenthesis delimiters as inline math (102.404105ms)
✔ renders paired LaTeX bracket delimiters as display math (67.606525ms)
✔ renders model-emitted bracket-only formula lines as display math (91.633753ms)
✔ leaves an unmatched LaTeX bracket delimiter unchanged (0.711361ms)
✔ does not normalize LaTeX delimiters inside Markdown code (0.292967ms)
✔ does not normalize LaTeX delimiters inside raw HTML code (0.429962ms)
✔ does not normalize escaped delimiters or link destinations (2.093963ms)
✔ previews completed Mermaid diagrams by default (13.984335ms)
✔ keeps Mermaid source visible while the response is streaming (10.622172ms)
✔ does not nest automatic inline-code links inside existing markdown anchors (22.339595ms)
✔ links inline code paths that exist in the file index (12.02397ms)
✔ leaves inline code paths plain when the index has no match (9.789664ms)
✔ linkifies bare text paths in paragraphs only when the index confirms them (12.991241ms)
✔ keeps table cell text unwrapped when the index has no match (11.586128ms)
✔ opens markdown images in the shared image preview (16.862327ms)
✔ keeps linked markdown images as links instead of nested preview buttons (9.491978ms)
✔ uses a generic preview label when a markdown image has no alt text (15.815562ms)
✔ MermaidBlock renders source by default (83.373827ms)
✔ MermaidBlock can render preview by default (3.852448ms)
✔ MermaidBlock with isStreaming falls back to source view (4.727972ms)
✔ MermaidBlock renders empty graph without error (1.343652ms)
✔ CodeBlock highlights code when not streaming (42.876342ms)
✔ CodeBlock renders plain text without tokenization while streaming (7.754004ms)
✔ MermaidBlock handles Chinese characters in diagram (6.570341ms)
✔ downloadMermaidSvg downloads XML-serialized SVG and releases its URL (60.287098ms)
✔ renders background artifacts on their completion notification only (164.319328ms)
✔ updates a reused message when its written files change (2.850746ms)
✔ matches response model aliases and otherwise includes the provider (0.724615ms)
✔ previews the first thinking line and reveals the full text with the saved default (24.041512ms)
✔ shows deferred thinking previews without loading the full content (5.480068ms)
✔ marks only the matched text block after splitting thinking and the final answer (45.477736ms)
✔ keeps streamed tool input out of collapsed markup while counting it (2.877088ms)
✔ renders disk-backed @path image mentions as previews in user messages (87.815947ms)
✔ resolves relative @path image mentions against the session cwd (5.90072ms)
✔ does not render non-image @path mentions as previews (4.934746ms)
✔ renders subagents as standard tool calls with only an extra session button (6.712187ms)
✔ renders a provider error when the assistant message has no content (1.348304ms)
✔ renders a truncation notice for stopReason length (6.493069ms)
✔ renders a truncation notice for thinking-only messages with stopReason length (1.054652ms)
✔ renders partial assistant content before the provider error (3.353752ms)
✔ marks persisted assistant messages with their source entry (7.501829ms)
✔ renders a complete SDK skill expansion as a compact command (4.051094ms)
✔ does not collapse incomplete skill-looking user text (15.898204ms)
✔ keeps attached images when restoring a compact command for editing (1.946792ms)
✔ renders user-message images as buttons that open a larger preview (7.415657ms)
✔ marks apply_patch returned failures as errors even when isError is unset (3.493762ms)
✔ keeps fork path links on an expanded apply_patch failure result (12.733198ms)
✔ renders custom-message images as buttons that open a larger preview (2.887963ms)
✔ renders the stall watchdog notice as a localized reason instead of raw details (6.081769ms)
✔ shows tool-result images while the tool details stay collapsed (3.318793ms)
✔ configures iOS standalone mode to use the full screen (13.730035ms)
✔ tracks the visual viewport while the software keyboard is open (3.611775ms)
✔ contains chat content and inputs within the mobile viewport (1.250475ms)
✔ prevents iOS focus zoom from widening the layout (0.624766ms)
✔ keeps modal dialogs clear of the iOS status bar in standalone mode (1.425674ms)
✔ uses shared sidebar sizing for providers and matching indented model rows (7.117336ms)
✔ ignores malformed auth provider responses (0.47671ms)
✔ custom model config exposes provider-level request headers (1.898025ms)
✔ custom model config exposes model headers and supportsDeveloperRole compat flag (0.456998ms)
✔ disabling the developer role writes an explicit false override (4.946182ms)
✔ editing a header preserves row order and stable identities (0.683085ms)
✔ blank header drafts are omitted until they have a name (0.402323ms)
✔ model cost drafts default blank prices to zero unless all are blank (0.909559ms)
✔ manual price editing commits completed costs and removes only an all-blank group (0.606761ms)
✔ model specs keep catalog-filled prices visible outside advanced settings (5.43961ms)
✔ per-model settings use one primary divider before advanced settings (2.950231ms)
✔ thinking level overrides keep explicit default, disabled, and custom controls (0.721696ms)
✔ provides a debounced file search UI and opens selected results (6.365407ms)
✔ renders search results with the existing expandable file tree (0.469185ms)
✔ search result rows offer mention and download actions like the file tree (0.529846ms)
✔ keeps search on the bounded index and reports request failures (0.532774ms)
✔ custom cwd selection installs validated identity before changing cwd (2.583157ms)
✔ custom cwd selection remembers the last validated path for the picker (0.469414ms)
✔ scrolling keeps the focused row and viewport mounted without expanding the window (62.361565ms)
✔ session windows stay valid after a project shrinks and before viewport measurement (2.240935ms)
✔ visible rows preserve fork nesting while folding subagents into their owner (58.22341ms)
✔ only Shift+click bypasses session deletion confirmation (3.093654ms)
✔ persists and exposes a vertical session/explorer resize handle (4.002978ms)
✔ does not register row-level session deletion shortcuts (0.446948ms)
✔ polls running sessions only while the tab is visible (0.481458ms)
✔ exposes the polled running-session set to the shell (0.331595ms)
✔ publishes the on-demand session catalog to the shell (3.007653ms)
✔ subagent completion stays silent and aggregates into its owner row (0.890688ms)
✔ formats session timestamps with the active locale (0.386655ms)
✔ includes project activity counts in accessible labels (0.647084ms)
✔ does not persist an unchanged fallback title ending in whitespace (0.379938ms)
✔ offers the downstream context-menu hook only on a normal session row (0.339347ms)
✔ manual and lifecycle refreshes bypass the server project-list cache (0.500087ms)
✔ sessions load per project on demand and are cached by project key (3.42171ms)
✔ URL restore uses a lightweight single-session lookup (0.215974ms)
✔ session search forwards the matched entry target to the shell (0.282602ms)
✔ keeps the upstream file-search control wired into the explorer (0.363139ms)
✔ does not expose disk-backed actions for transient sessions (0.258239ms)
✔ uses the server-resolved current worktree identity (4.81628ms)
✔ opens one settings panel from direct sidebar shortcuts (7.725123ms)
✔ keeps every requested configuration surface inside the settings panel (2.948055ms)
✔ restores the settings section and each list detail selection (20.963805ms)
✔ keeps visited settings sections mounted and contains nested Escape handling (6.382696ms)
✔ offers five palettes and system theme selection with native radios (0.679778ms)
✔ configures extension widget and status visibility from General (0.788915ms)
✔ keeps language selection in General settings (2.621952ms)
✔ groups chat display controls together without row backgrounds (1.172049ms)
✔ keeps General free of divider rows (3.476863ms)
✔ uses top navigation on desktop and one compact section picker on mobile (4.673623ms)
✔ labels agent profiles as sub-agents (0.820671ms)
✔ uses the child-session robot glyph for the sub-agents tab (0.779565ms)
✔ uses the compact controls glyph for General (0.515648ms)
✔ keeps password authentication to one login field and one settings action (0.595422ms)
✔ provides one template for config layout and controls (18.236679ms)
✔ loads settings presentation from its dedicated stylesheet (0.686152ms)
✔ all four settings sections use the shared list-detail layout (0.923554ms)
✔ all subpanel sidebars share one typography scale (2.044125ms)
✔ skills and sub-agents share interactive sidebar rows (3.840395ms)
✔ all shared config sidebar items use a fixed 30px height (0.629373ms)
✔ plugin sidebar rows omit detail metadata (6.124976ms)
✔ skill scope group labels are localized (3.811263ms)
✔ all subpanel detail panes share one content hierarchy (4.140635ms)
✔ detail header actions keep buttons and switches aligned to the right (6.364133ms)
✔ keeps shared static presentation in the stylesheet (1.055963ms)
✔ embedded sections do not repeat Settings close actions (5.510299ms)
✔ subpanel footers share sizing while maintenance actions stay secondary (1.236939ms)
✔ skills, agents, and plugins share enabled and disabled controls (2.595507ms)
✔ lists active skills before dormant skills while preserving their order (16.247831ms)
✔ renders dormant skills directly without a collapsible section (7.400096ms)
(node:2311358) [MODULE_TYPELESS_PACKAGE_JSON] Warning: Module type of file:///home/xupeng/dev/personal/forked/pi-web-lintclean-personal/lib/terminal-client.ts is not specified and it doesn't parse as CommonJS.
Reparsing as ES module because module syntax was detected. This incurs a performance overhead.
To eliminate this warning, add "type": "module" to /home/xupeng/dev/personal/forked/pi-web-lintclean-personal/package.json.
(Use `node --trace-warnings ...` to show where the warning was created)
✔ terminal errors preserve server diagnostics and explain non-JSON responses (183.887874ms)
✔ a delayed input request cannot be overtaken by typing or resize (36.672622ms)
✔ large Unicode pastes preserve characters while bounding input requests (24.103641ms)
✔ typing during a slow request is batched into the next ordered write (7.608124ms)
✔ failed or stopped delivery discards queued input without retrying commands (10.43213ms)
✔ keeps System and Tools in separate adjacent toolbar actions (8.563296ms)
✔ renders active tool definitions in a selectable master-detail layout (0.485824ms)
✔ shows schema fields and metadata in the detail form (0.392127ms)
✔ preserves the two-column layout on narrow screens (0.715802ms)
✔ renders nothing without records (12.610643ms)
✔ renders a bounded, read-only snapshot section with qualified statuses (20.18882ms)
✔ escapes producer text instead of injecting markup (3.059057ms)
✔ labels unknown mode/status honestly and shows snapshot-only running (41.499303ms)
✔ marks stale and budget-omitted records explicitly (9.949192ms)
✔ distinguishes upstream excerpts from additional Pi Web truncation (2.159142ms)
✔ marks Pi Web label and tool-argument truncation (3.854866ms)
✔ missing final data is explicitly unavailable (2.84249ms)
✔ renders a card per file showing the basename, type line and full path (62.668441ms)
✔ renders nothing when no files were written (3.248247ms)
✔ keeps the actions menu collapsed behind a labelled trigger (5.630803ms)
✔ shows per-file counts only when the source provides them (7.702007ms)
✔ shows a group total only when every file has counts (6.127659ms)
✔ forwards the card's source session id to the open handler (0.388001ms)
(node:2311400) [MODULE_TYPELESS_PACKAGE_JSON] Warning: Module type of file:///home/xupeng/dev/personal/forked/pi-web-lintclean-personal/components/file-tab-state.ts is not specified and it doesn't parse as CommonJS.
Reparsing as ES module because module syntax was detected. This incurs a performance overhead.
To eliminate this warning, add "type": "module" to /home/xupeng/dev/personal/forked/pi-web-lintclean-personal/package.json.
(Use `node --trace-warnings ...` to show where the warning was created)
✔ saving viewer state updates only the matching revision (5.104921ms)
✔ opening an existing tab normally preserves its state and revision (4.064561ms)
✔ changing the source session remounts the viewer without losing its state (0.530316ms)
✔ opening from the same source session preserves the viewer revision (0.337329ms)
✔ changing source while forcing diff increments the revision once (2.796749ms)
✔ every explicit diff activation resets the mode and increments the revision (2.745621ms)
✔ a remounted viewer ignores the previous revision's late cleanup (2.809031ms)
✔ a PDF page link remounts the viewer so the document jumps (0.530168ms)
✔ reopening the same PDF page keeps the viewer mounted (1.178007ms)
✔ opening another page of the same PDF increments the revision (2.82769ms)
✔ opening a PDF without a page fragment clears a previous jump (0.388429ms)
✔ model-load failures stay visible through bounded retries and clear on recovery (207.548246ms)
✔ cancelling model loads prevents state writes and further retries (60.474235ms)
✔ new-session startup sends only explicit browser overrides (3.229227ms)
✔ new-session startup adopts server state only while explicit overrides are unchanged (0.769258ms)
✔ model-list refresh does not overwrite a live session or explicit thinking override (0.62207ms)
✔ existing-session model changes are optimistic and serialized (3.739047ms)
✔ session reloads cannot clear an in-flight optimistic model (0.392485ms)
✔ a completed model switch reloads canonical session state and reports failures (3.669779ms)
✔ loadSession includeState branch restores pendingAsk from liveState (2.321472ms)
✔ mount effect restores pendingAsk from agentState.state (0.433733ms)
✔ the pendingAsk state itself is still declared and returned (0.441351ms)
✔ an open card polls server state so a remote submit closes it too (0.554373ms)
✔ rebuilds the ask card for each new ask so stale lock state cannot leak (9.161894ms)
✔ clears the card when the close response matches the current ask (0.625788ms)
✔ keeps a newer ask when a stale close response for the previous ask lands (0.426774ms)
✔ applies the server-provided replacement when the stale close names one (0.980699ms)
✔ falls back to the default clear behavior without a submitted ask id (1.55783ms)
✔ keeps the session event stream open through the idle grace window (10.65704ms)
✔ a rejected submission preserves a different run reported by the server (1.082827ms)
✔ opening System or Tools lazily starts a dormant session without sending a prompt (1.551863ms)
✔ new-session promotion rekeys drafts before publishing the real session (1.649183ms)
✔ fresh sessions use the preference while persisted and live sessions restore their selection (2.150362ms)
✔ only the session-mount load probes disk for external appends (1.389195ms)
✔ first user messages expose both branch actions and edit before their own entry (5.198114ms)
✔ branch selection mutates the server leaf only after its context wins (0.521718ms)
✔ an empty persisted session displays the model it will use on first send (0.932299ms)
✔ the selector prefers the live wrapper model over persisted response metadata (1.907291ms)
✔ slow settlement responses cannot restore a stale live model (2.279531ms)
✔ existing-session prompts rely on the persisted tool selection (1.447571ms)
✔ submission recovery updates live refs before a possible session rekey (0.275877ms)
✔ stale fresh-session completion cannot replace the active composer (0.863852ms)
✔ abandoned fresh-session drafts are cleared and cannot be recreated by late rejection (0.506577ms)
✔ streaming submissions cannot be stranded in an idle direct queue (0.382729ms)
✔ built-in clone switches to the independent child session (0.450447ms)
✔ post-accept prompt errors do not duplicate the user submission (0.280613ms)
✔ delegates event stream readiness and hides an empty agent phase (0.573809ms)
✔ uses one absolute agent-readiness deadline instead of a five-second transport deadline (0.206455ms)
✔ uses server pagination state instead of guessing from rendered rows (0.693755ms)
✔ keeps the selected session warm while idle and renews its lease (1.131398ms)
✔ keeps one reducer-owned assistant partial and consumes Pi JSON deltas (1.410911ms)
✔ restoring a running session does not clear an SSE snapshot (0.361282ms)
✔ shows the latest streamed tool execution progress in the running phase (0.777753ms)
✔ reconnects active shell output to its streaming tool call (0.5975ms)
✔ plays the enabled sound once for each extension dialog (0.25219ms)
✔ suppresses sounds and browser attention for the active subagent session (0.463334ms)
✔ routes blocking extension requests through deduplicated browser attention notifications (0.606473ms)
✔ keeps live following cancellable when the user scrolls away from the tail (2.402023ms)
✔ restores an in-page session viewport without the default tail jump (1.098848ms)
✔ keeps a newly sent user message at the top while its response starts (1.718875ms)
✔ keeps prompt anchor measurement outside the React update cycle (1.491107ms)
✔ uses the prompt anchor as the only trailing message spacer (0.719396ms)
✔ keeps a detached viewport in place when streaming completes (0.659411ms)
✔ auto-compact slash command toggles session auto-compaction (1.212466ms)
✔ loadSession guards success, 404, error and loading writes by request ownership (3.58291ms)
✔ loadContext clears the previous branch synchronously and rejects stale pages (1.087486ms)
✔ live tool events feed the shared decoder and are gated by branch ownership (4.025783ms)
✔ ingest keeps generic tools out and rejects live events for an unviewed branch (0.657702ms)
✔ publishes scoped snapshots and retires the owner on unmount (0.708314ms)
✔ ChatWindow forwards the typed subagent records callback without new commands (0.811613ms)
✔ AppShell combines built-in children and Trellis records behind one predicate (0.599012ms)
✔ vertical panels use vertical pointer movement, cursor, keys, and separator orientation (4.459214ms)
✔ resized values continue to persist and reset through the shared panel contract (0.590979ms)
✔ uses the visual viewport for a focused editor when the keyboard shrinks it (2.330972ms)
✔ does not keep the keyboard height after the visual viewport restores (0.457104ms)
✔ restores the dynamic height as soon as the editor loses focus (0.32385ms)
✔ does not mistake pinch zoom for an open keyboard (0.723461ms)
✔ keeps the dynamic viewport height when the visual viewport is not reduced (0.373671ms)
✔ retries the keyboard-height check shortly after focus to survive the slide-in animation (0.516052ms)
✔ an immediate post-focus read that sees the full height is corrected once the keyboard shrinks (0.339889ms)
✔ agent command HTTP rejections are distinguishable from transport failures (108.975459ms)
✔ only an explicit negative prompt acknowledgement is definitive (0.513095ms)
✔ shares one source and waits past the former transport deadline (32.665579ms)
✔ times out all waiters and closes the stalled source (12.010183ms)
✔ manual close rejects waiters and isolates late events (6.351197ms)
✔ surfaces startup errors without retrying or dispatching them (11.299411ms)
✔ replaces a previously connected CONNECTING source only once (7.227935ms)
✔ passive maintenance retries a transient failure once (23.533523ms)
✔ an explicit startup error cancels a pending passive retry (10.339118ms)
✔ dropped demand, session switches, and close cannot revive an old retry (33.113017ms)
✔ opens the transport before a slow session is ready and snapshots after subscribing (109.57804ms)
✔ reports a startup failure in-band after opening the transport (6.669202ms)
✔ does not subscribe when the client cancels during startup (19.218527ms)
✔ session_shutdown from a live wrapper closes the SSE stream (3.720441ms)
✔ does not subscribe when the wrapper died before the snapshot (4.22007ms)
✔ closes an already-aborted request and handles a later startup rejection (4.630091ms)
✔ projects message_update onto Pi 0.84's JSON/RPC delta shape (15.880004ms)
✔ keeps tool identity on toolcall_start without sending the cumulative partial (0.543007ms)
✔ refreshes late tool identity on toolcall_delta (4.470866ms)
✔ does not whitelist assistant delta event types (0.451594ms)
✔ rejects a malformed message_update without breaking the stream (0.288225ms)
✔ recognizes only the in-flight event already covered by a snapshot (0.383424ms)
✔ keeps the existing event omissions and slim agent_end (2.424084ms)
✔ forwards tool execution progress without repeating tool arguments (2.812745ms)
✔ preserves structured Trellis subagent details in partial and end events (11.676974ms)
✔ serialized streaming traffic grows linearly with response length (4.604283ms)
✔ serialized tool-input traffic grows linearly with write content (1.558734ms)
(node:2311625) [MODULE_TYPELESS_PACKAGE_JSON] Warning: Module type of file:///home/xupeng/dev/personal/forked/pi-web-lintclean-personal/lib/ansi.ts is not specified and it doesn't parse as CommonJS.
Reparsing as ES module because module syntax was detected. This incurs a performance overhead.
To eliminate this warning, add "type": "module" to /home/xupeng/dev/personal/forked/pi-web-lintclean-personal/package.json.
(Use `node --trace-warnings ...` to show where the warning was created)
✔ strips ANSI escape sequences (252.817519ms)
✔ normalizes boxed custom panel lines while preserving ANSI codes (2.124888ms)
✔ removes pi-tui cursor markers from custom panel output (2.089149ms)
✔ detects newer stable Pi Web versions (4.355754ms)
✔ does not report equal, older, or unsupported versions as updates (0.441875ms)
✔ builds a release-notes URL only for stable versions (2.739092ms)
✔ extractApplyPatchPaths lists every file operation in order, deduped (12.168296ms)
✔ getApplyPatchInputText prefers the structured input field (0.72202ms)
✔ parseApplyPatchInput handles add, delete, and update with move in one call (11.132254ms)
✔ parseApplyPatchInput tolerates truncated streaming input and rejects non-patches (0.718546ms)
✔ applyPatchPreviewToFiles converts the extension result preview with real line numbers (1.863848ms)
✔ applyPatchPreviewToFiles keeps move targets and rejects malformed previews (1.139695ms)
✔ applyPatchResultHasFailures reads the extension's returned failure list (0.619902ms)
✔ getApplyPatchAppliedFiles returns landed paths or null when absent (0.693575ms)
✔ defaults to enabled when nothing is persisted and no env is set (4.692727ms)
✔ writeAskUserSetting persists and readAskUserSetting round-trips (4.47011ms)
✔ write preserves unknown fields in the settings file (0.812093ms)
✔ writeAskUserSetting keeps the historical JSON shape (3.127268ms)
✔ missing file with unknown fields read is not an error (0.554772ms)
✔ PI_WEB_ASK_USER env wins over the persisted preference (3.555916ms)
✔ settings path lives under the agent dir (0.366846ms)
✔ loadOpenAsks on a missing file degrades to an empty map (10.783356ms)
✔ persistOpenAsk writes the ask and readPersistedAsk round-trips it (9.746515ms)
✔ persistOpenAsk replaces an earlier ask of the same session (3.339819ms)
✔ persistOpenAsk keeps other sessions' asks intact (3.308417ms)
✔ forgetPersistedAsk deletes only the named session (1.57941ms)
✔ forgetPersistedAsk on an absent session is a no-op (0.767051ms)
✔ corrupt JSON degrades to an empty map without throwing (0.58761ms)
✔ a version mismatch degrades to an empty map (0.547982ms)
✔ malformed single entries are skipped while valid ones survive (1.885761ms)
✔ writeOpenAsks persists the map and is atomic (no temp leftovers) (3.40453ms)
✔ writes to an unwritable directory fail silently (3.096468ms)
✔ open registers the ask with a fresh id and clones questions (12.367746ms)
✔ open supersedes an earlier unanswered ask and reports its outcome (4.671031ms)
✔ open validates question sets (5.157368ms)
✔ submit records answers and computes the outcome (3.972746ms)
✔ submit reports partial answers with unanswered ids (0.854451ms)
✔ submit records a supplement and renders it for the model (1.996863ms)
✔ submit drops a blank supplement and rejects an over-long one (2.866453ms)
✔ submit rejects answers that do not fit the open ask (2.708361ms)
✔ multiple questions accept several selected options (0.662556ms)
✔ cancel reports every question unanswered (4.965746ms)
✔ cancelOpen voids the open ask without naming it (2.844508ms)
✔ submit/cancel for a stale ask id report stale and leave state alone (1.230335ms)
✔ forgetSession drops the ask without reporting an outcome (0.463553ms)
✔ restore re-registers a persisted ask keeping its original askId (0.587267ms)
✔ restore does not supersede or overwrite an existing open ask (0.363478ms)
✔ restore ignores malformed records (3.288439ms)
✔ sessions hold independent open asks (2.805786ms)
✔ renderAskUserAnswersText names answered and unanswered questions (0.593476ms)
✔ renderAskUserAnswersText covers cancelled closes (0.293295ms)
✔ renderSupersededAskText names the replaced ask and its unanswered ids (3.447776ms)
✔ tool exposes the ask_user contract metadata (9.131753ms)
✔ execute posts the ask, terminates the run, and reports the posted text (7.262395ms)
✔ execute appends a supersede notice when the ask replaced an earlier one (0.997803ms)
✔ rejected opens propagate so the agent loop sees an error tool result (3.805476ms)
(node:2311724) [MODULE_TYPELESS_PACKAGE_JSON] Warning: Module type of file:///home/xupeng/dev/personal/forked/pi-web-lintclean-personal/lib/atomic-file.ts is not specified and it doesn't parse as CommonJS.
Reparsing as ES module because module syntax was detected. This incurs a performance overhead.
To eliminate this warning, add "type": "module" to /home/xupeng/dev/personal/forked/pi-web-lintclean-personal/package.json.
(Use `node --trace-warnings ...` to show where the warning was created)
✔ atomically replaces a file with restrictive permissions (18.194268ms)
✔ keeps the destination and removes the temporary file when replacement fails (3.723519ms)
✔ projects get a .pi-web attachments subdirectory (2.383227ms)
✔ sessions without a cwd fall back to the shared home directory (0.55344ms)
✔ normalizes spaces out of attachment base names (1.320781ms)
✔ keeps CJK characters and normalizes full-width forms (0.394348ms)
✔ resolves extensions from the name or falls back to the MIME type (0.398224ms)
✔ builds unique, space-free file names with a timestamp prefix (1.176543ms)
✔ trusts a cwd only within its TTL and prunes expired entries (0.460534ms)
✔ quotes mentions for space-containing directory paths end to end (1.03307ms)
(node:2311741) [MODULE_TYPELESS_PACKAGE_JSON] Warning: Module type of file:///home/xupeng/dev/personal/forked/pi-web-lintclean-personal/lib/auth-throttle.ts is not specified and it doesn't parse as CommonJS.
Reparsing as ES module because module syntax was detected. This incurs a performance overhead.
To eliminate this warning, add "type": "module" to /home/xupeng/dev/personal/forked/pi-web-lintclean-personal/package.json.
(Use `node --trace-warnings ...` to show where the warning was created)
✔ allows attempts until the first failure (2.545281ms)
✔ doubles the delay on each failure and caps at the maximum (1.922398ms)
✔ reports the remaining block time and lifts it when it expires (0.560121ms)
✔ forgets failures once they are older than the reset window (0.34988ms)
✔ success clears the counter and the block (0.549103ms)
✔ Retry-After rounds up to whole seconds and is at least one (0.330336ms)
✔ shares one global state across module instances (3.807572ms)
(node:2311748) [MODULE_TYPELESS_PACKAGE_JSON] Warning: Module type of file:///home/xupeng/dev/personal/forked/pi-web-lintclean-personal/lib/bash-output.ts is not specified and it doesn't parse as CommonJS.
Reparsing as ES module because module syntax was detected. This incurs a performance overhead.
To eliminate this warning, add "type": "module" to /home/xupeng/dev/personal/forked/pi-web-lintclean-personal/package.json.
(Use `node --trace-warnings ...` to show where the warning was created)
✔ accepts only pi bash logs directly inside the configured temp directory (109.522393ms)
✔ reads small output and rejects oversized inline output before buffering it (22.900022ms)
✔ rejects symbolic links when opening bash output (6.376195ms)
(node:2311767) [MODULE_TYPELESS_PACKAGE_JSON] Warning: Module type of file:///home/xupeng/dev/personal/forked/pi-web-lintclean-personal/lib/bounded-form-data.ts is not specified and it doesn't parse as CommonJS.
Reparsing as ES module because module syntax was detected. This incurs a performance overhead.
To eliminate this warning, add "type": "module" to /home/xupeng/dev/personal/forked/pi-web-lintclean-personal/package.json.
(Use `node --trace-warnings ...` to show where the warning was created)
✔ rejects a declared oversized request before reading its body (239.414548ms)
✔ stops a chunked request once its body exceeds the limit (8.737883ms)
✔ parses multipart data inside the request limit (32.574089ms)
(node:2311776) [MODULE_TYPELESS_PACKAGE_JSON] Warning: Module type of file:///home/xupeng/dev/personal/forked/pi-web-lintclean-personal/lib/browser-notifications.ts is not specified and it doesn't parse as CommonJS.
Reparsing as ES module because module syntax was detected. This incurs a performance overhead.
To eliminate this warning, add "type": "module" to /home/xupeng/dev/personal/forked/pi-web-lintclean-personal/package.json.
(Use `node --trace-warnings ...` to show where the warning was created)
✔ uses a service worker notification when a registration is available (157.882263ms)
✔ falls back to a page notification and wires its click handler (1.284109ms)
✔ silently skips notification when neither delivery mechanism works (0.605269ms)
✔ shows notifications when the page is hidden (2.899483ms)
✔ shows notifications when the visible page is unfocused (1.444212ms)
✔ skips notifications only when the visible page is focused (0.837544ms)
✔ claims only blocking extension requests and deduplicates their ids (4.682551ms)
(node:2311784) [MODULE_TYPELESS_PACKAGE_JSON] Warning: Module type of file:///home/xupeng/dev/personal/forked/pi-web-lintclean-personal/lib/chat-lazy-load.ts is not specified and it doesn't parse as CommonJS.
Reparsing as ES module because module syntax was detected. This incurs a performance overhead.
To eliminate this warning, add "type": "module" to /home/xupeng/dev/personal/forked/pi-web-lintclean-personal/package.json.
(Use `node --trace-warnings ...` to show where the warning was created)
✔ shows only the last visible render items (178.010149ms)
✔ shows all render items when the visible count reaches the total (0.70452ms)
✔ continues paging when render items outnumber source messages (1.044982ms)
✔ restores the viewport after prepending content (1.102178ms)
✔ restores top and bottom boundary positions (1.560816ms)
✔ treats only the real message tail as live-follow attached (1.493142ms)
✔ prompt anchor spacer uses the rendered content end (0.80467ms)
✔ prompt anchor spacer includes the viewport deficit for short conversations (6.3613ms)
✔ prompt anchor spacer clamps at zero once content can reach the target (2.755416ms)
✔ prompt anchor spacer rounds fractional layout measurements up (2.900135ms)
✔ streaming content consumes the prompt anchor before advancing the tail (2.287486ms)
✔ Chat only disables optional resources but retains Pi context discovery (2.907845ms)
✔ Chat only preserves Pi context-file order without filtering CLAUDE files (0.4301ms)
(node:2311798) [MODULE_TYPELESS_PACKAGE_JSON] Warning: Module type of file:///home/xupeng/dev/personal/forked/pi-web-lintclean-personal/lib/chat-scroll-position.ts is not specified and it doesn't parse as CommonJS.
Reparsing as ES module because module syntax was detected. This incurs a performance overhead.
To eliminate this warning, add "type": "module" to /home/xupeng/dev/personal/forked/pi-web-lintclean-personal/package.json.
(Use `node --trace-warnings ...` to show where the warning was created)
✔ anchors the most recent turn that started before the viewport (180.08998ms)
✔ falls back to the last message when the viewport is below all candidates (0.730466ms)
✔ uses the first turn when the viewport starts above it (0.573643ms)
✔ returns null when the conversation has no anchor candidates (0.648938ms)
(node:2311804) [MODULE_TYPELESS_PACKAGE_JSON] Warning: Module type of file:///home/xupeng/dev/personal/forked/pi-web-lintclean-personal/lib/compaction-summary.ts is not specified and it doesn't parse as CommonJS.
Reparsing as ES module because module syntax was detected. This incurs a performance overhead.
To eliminate this warning, add "type": "module" to /home/xupeng/dev/personal/forked/pi-web-lintclean-personal/package.json.
(Use `node --trace-warnings ...` to show where the warning was created)
✔ separates pi file metadata tags from the visible compaction summary (4.922044ms)
✔ leaves normal summaries unchanged (0.692928ms)
✔ keeps file-like tags that are part of the summary body (0.379786ms)
(node:2311813) [MODULE_TYPELESS_PACKAGE_JSON] Warning: Module type of file:///home/xupeng/dev/personal/forked/pi-web-lintclean-personal/lib/custom-ui-terminal.ts is not specified and it doesn't parse as CommonJS.
Reparsing as ES module because module syntax was detected. This incurs a performance overhead.
To eliminate this warning, add "type": "module" to /home/xupeng/dev/personal/forked/pi-web-lintclean-personal/package.json.
(Use `node --trace-warnings ...` to show where the warning was created)
✔ headless custom UI exposes stable terminal dimensions (99.831027ms)
✔ headless custom UI supports plugin rendering and render requests (0.763477ms)
(node:2311820) [MODULE_TYPELESS_PACKAGE_JSON] Warning: Module type of file:///home/xupeng/dev/personal/forked/pi-web-lintclean-personal/lib/directory-browser.ts is not specified and it doesn't parse as CommonJS.
Reparsing as ES module because module syntax was detected. This incurs a performance overhead.
To eliminate this warning, add "type": "module" to /home/xupeng/dev/personal/forked/pi-web-lintclean-personal/package.json.
(Use `node --trace-warnings ...` to show where the warning was created)
✔ lists directories and directory symlinks without returning files (304.408716ms)
✔ expands home-relative paths and rejects missing directories (13.616248ms)
✔ builds every Windows drive-letter candidate (3.231206ms)
✔ finds parent directories across POSIX and Windows paths (0.824649ms)
✔ extension UI settings default to hiding powerline widgets (40.848315ms)
✔ matches exact and trailing-wildcard prefix rules (3.219131ms)
✔ validates and normalizes extension UI rules (2.234338ms)
✔ persists settings privately and preserves unknown fields (20.116134ms)
✔ malformed settings are not overwritten (10.609157ms)
(node:2311833) [MODULE_TYPELESS_PACKAGE_JSON] Warning: Module type of file:///home/xupeng/dev/personal/forked/pi-web-lintclean-personal/lib/extension-widgets.ts is not specified and it doesn't parse as CommonJS.
Reparsing as ES module because module syntax was detected. This incurs a performance overhead.
To eliminate this warning, add "type": "module" to /home/xupeng/dev/personal/forked/pi-web-lintclean-personal/package.json.
(Use `node --trace-warnings ...` to show where the warning was created)
✔ updates competing widgets without changing their order (9.175592ms)
✔ appends new widgets and removes cleared widgets (5.577458ms)
✔ rejects an existing path that escapes an allowed root through a symlink (80.860941ms)
(node:2311859) [MODULE_TYPELESS_PACKAGE_JSON] Warning: Module type of file:///home/xupeng/dev/personal/forked/pi-web-lintclean-personal/lib/file-dirent.ts is not specified and it doesn't parse as CommonJS.
Reparsing as ES module because module syntax was detected. This incurs a performance overhead.
To eliminate this warning, add "type": "module" to /home/xupeng/dev/personal/forked/pi-web-lintclean-personal/package.json.
(Use `node --trace-warnings ...` to show where the warning was created)
✔ uses Dirent types for regular files and directories (153.694187ms)
✔ falls back to stat when the Dirent type is unknown (5.206417ms)
✔ follows directory symlinks and skips dangling symlinks (2.207377ms)
✔ defaults to an open file explorer (2.122791ms)
✔ saves and restores the file explorer panel state (0.410685ms)
✔ falls back to open when browser storage is unavailable (0.606853ms)
✔ falls back when accessing browser storage throws (4.185017ms)
(node:2311874) [MODULE_TYPELESS_PACKAGE_JSON] Warning: Module type of file:///home/xupeng/dev/personal/forked/pi-web-lintclean-personal/lib/file-fuzzy.ts is not specified and it doesn't parse as CommonJS.
Reparsing as ES module because module syntax was detected. This incurs a performance overhead.
To eliminate this warning, add "type": "module" to /home/xupeng/dev/personal/forked/pi-web-lintclean-personal/package.json.
(Use `node --trace-warnings ...` to show where the warning was created)
✔ builds closed file mentions and quotes paths containing spaces (139.496975ms)
✔ builds line-scoped file mentions (5.427417ms)
✔ subtracts deleted paths while preserving listing order (3.348542ms)
✔ an empty deleted list returns the listing unchanged (0.401193ms)
✔ an empty listing yields an empty result (0.478962ms)
✔ handles paths containing spaces and non-ASCII characters (0.361581ms)
✔ ignores deleted paths that are not in the listing (0.518004ms)
✔ does not mutate the input arrays (0.526851ms)
(node:2311888) [MODULE_TYPELESS_PACKAGE_JSON] Warning: Module type of file:///home/xupeng/dev/personal/forked/pi-web-lintclean-personal/lib/file-links.ts is not specified and it doesn't parse as CommonJS.
Reparsing as ES module because module syntax was detected. This incurs a performance overhead.
To eliminate this warning, add "type": "module" to /home/xupeng/dev/personal/forked/pi-web-lintclean-personal/package.json.
(Use `node --trace-warnings ...` to show where the warning was created)
✔ opens local files for plain, Command, and Ctrl left clicks (242.069519ms)
✔ leaves secondary modified and non-left clicks to the browser (0.676686ms)
✔ resolves absolute markdown file links and strips line suffixes (6.7441ms)
✔ resolves absolute file links outside cwd (7.014119ms)
✔ resolves relative markdown file links against cwd (0.982052ms)
✔ does not let relative links escape cwd (4.026889ms)
✔ resolves preview links from the file directory within the project root (7.116758ms)
✔ does not treat app or external URLs as file links (4.183543ms)
✔ decodes file URL paths once after parsing URL delimiters (1.031713ms)
✔ resolves Windows file URLs without a synthetic leading slash (7.198723ms)
✔ resolves UNC file URLs and backslash UNC paths (0.696485ms)
✔ reads the PDF page fragment from markdown links (3.159145ms)
✔ ignores fragments that are not a PDF page selector (0.388229ms)
✔ encodeFilePathForApi keeps a UNC root inside the first segment (135.016131ms)
✔ encodeFilePathForApi encodes drive and POSIX paths per segment (9.571913ms)
✔ getFileName and getFileDirectory handle UNC paths (1.88247ms)
✔ joinFilePath preserves the UNC root (1.980896ms)
✔ getRelativeFilePath strips a UNC cwd prefix (2.148271ms)
(node:2311911) [MODULE_TYPELESS_PACKAGE_JSON] Warning: Module type of file:///home/xupeng/dev/personal/forked/pi-web-lintclean-personal/lib/file-types.ts is not specified and it doesn't parse as CommonJS.
Reparsing as ES module because module syntax was detected. This incurs a performance overhead.
To eliminate this warning, add "type": "module" to /home/xupeng/dev/personal/forked/pi-web-lintclean-personal/package.json.
(Use `node --trace-warnings ...` to show where the warning was created)
✔ detects image, audio, and document preview paths (142.447106ms)
✔ detects video preview paths and treats webm as video (1.005696ms)
✔ extracts extensions from mixed path styles (0.725417ms)
✔ buckets files for the turn artifact card (0.731789ms)
(node:2311918) [MODULE_TYPELESS_PACKAGE_JSON] Warning: Module type of file:///home/xupeng/dev/personal/forked/pi-web-lintclean-personal/lib/file-upload.ts is not specified and it doesn't parse as CommonJS.
Reparsing as ES module because module syntax was detected. This incurs a performance overhead.
To eliminate this warning, add "type": "module" to /home/xupeng/dev/personal/forked/pi-web-lintclean-personal/package.json.
(Use `node --trace-warnings ...` to show where the warning was created)
✔ validates upload names without accepting paths or duplicates (245.012741ms)
✔ finds conflicts and prevents replacing directories (12.003515ms)
✔ prevents replacing symbolic links (5.622199ms)
✔ parses only supported conflict strategies (1.161568ms)
(node:2311924) [MODULE_TYPELESS_PACKAGE_JSON] Warning: Module type of file:///home/xupeng/dev/personal/forked/pi-web-lintclean-personal/lib/file-viewer-state.ts is not specified and it doesn't parse as CommonJS.
Reparsing as ES module because module syntax was detected. This incurs a performance overhead.
To eliminate this warning, add "type": "module" to /home/xupeng/dev/personal/forked/pi-web-lintclean-personal/package.json.
(Use `node --trace-warnings ...` to show where the warning was created)
✔ a restored display mode wins over a stale open hint (2.131495ms)
✔ the open hint is used only before viewer state has been saved (0.418606ms)
(node:2311932) [MODULE_TYPELESS_PACKAGE_JSON] Warning: Module type of file:///home/xupeng/dev/personal/forked/pi-web-lintclean-personal/lib/frontmatter.ts is not specified and it doesn't parse as CommonJS.
Reparsing as ES module because module syntax was detected. This incurs a performance overhead.
To eliminate this warning, add "type": "module" to /home/xupeng/dev/personal/forked/pi-web-lintclean-personal/package.json.
(Use `node --trace-warnings ...` to show where the warning was created)
▶ parseFrontmatter
  ✔ accepts the same common fence variants as remark-frontmatter (15.797986ms)
  ✔ removes an empty or malformed fenced block from the returned body (1.842084ms)
  ✔ leaves documents without a leading frontmatter block untouched (0.321942ms)
✔ parseFrontmatter (24.657372ms)
▶ frontmatter value formatting
  ✔ does not recurse forever through YAML aliases (1.441016ms)
  ✔ uses scalar titles and leaves structured titles for the metadata rows (0.650334ms)
✔ frontmatter value formatting (2.724903ms)
(node:2311933) [MODULE_TYPELESS_PACKAGE_JSON] Warning: Module type of file:///home/xupeng/dev/personal/forked/pi-web-lintclean-personal/lib/git-status.ts is not specified and it doesn't parse as CommonJS.
Reparsing as ES module because module syntax was detected. This incurs a performance overhead.
To eliminate this warning, add "type": "module" to /home/xupeng/dev/personal/forked/pi-web-lintclean-personal/package.json.
(Use `node --trace-warnings ...` to show where the warning was created)
✔ parses null-delimited Git status entries including renames (224.52971ms)
✔ classifies Git status for explorer badges (3.450881ms)
✔ configures HTTP_PROXY, HTTPS_PROXY, and NO_PROXY for global fetch (1744.871847ms)
(node:2311962) [MODULE_TYPELESS_PACKAGE_JSON] Warning: Module type of file:///home/xupeng/dev/personal/forked/pi-web-lintclean-personal/lib/i18n/format.ts is not specified and it doesn't parse as CommonJS.
Reparsing as ES module because module syntax was detected. This incurs a performance overhead.
To eliminate this warning, add "type": "module" to /home/xupeng/dev/personal/forked/pi-web-lintclean-personal/package.json.
(Use `node --trace-warnings ...` to show where the warning was created)
[i18n] Missing translation: missing.key
✔ interpolates string and numeric parameters (2.758736ms)
✔ falls back to English and returns the key when both are missing (0.961565ms)
✔ formats relative time using the selected locale (38.995805ms)
✔ uses the first supported browser language and falls back to English (6.100037ms)
✔ returns only registered locales (2.011238ms)
✔ built-in locale packages have the complete English key and required placeholder sets (32.20914ms)
(node:2311989) [MODULE_TYPELESS_PACKAGE_JSON] Warning: Module type of file:///home/xupeng/dev/personal/forked/pi-web-lintclean-personal/lib/image-attachments.ts is not specified and it doesn't parse as CommonJS.
Reparsing as ES module because module syntax was detected. This incurs a performance overhead.
To eliminate this warning, add "type": "module" to /home/xupeng/dev/personal/forked/pi-web-lintclean-personal/package.json.
(Use `node --trace-warnings ...` to show where the warning was created)
✔ calculates padded base64 byte lengths and rejects invalid data (273.486379ms)
✔ rejects invalid, oversized, and too many image attachments (340.846615ms)
✔ extracts plain absolute-path image mentions (3.252118ms)
✔ extracts quoted image mentions with spaces (0.461262ms)
✔ ignores non-image mentions and plain @ tokens (0.372045ms)
✔ deduplicates repeated mentions by path (1.85469ms)
✔ keeps only the image from a mixed list (0.444512ms)
✔ builds quoted mentions for space-containing paths (0.50951ms)
✔ removes a plain mention including its leading whitespace (0.677242ms)
✔ removes a quoted mention (0.762462ms)
✔ removes every occurrence of a repeated mention (1.049289ms)
✔ leaves text unchanged when the path is not mentioned (0.854328ms)
✔ resolves relative mentions against the cwd and passes absolute paths through (0.726938ms)
✔ builds an API preview URL with the path encoded (0.331931ms)
✔ classifies image paths by extension (0.294499ms)
(node:2312005) [MODULE_TYPELESS_PACKAGE_JSON] Warning: Module type of file:///home/xupeng/dev/personal/forked/pi-web-lintclean-personal/lib/initial-navigation.ts is not specified and it doesn't parse as CommonJS.
Reparsing as ES module because module syntax was detected. This incurs a performance overhead.
To eliminate this warning, add "type": "module" to /home/xupeng/dev/personal/forked/pi-web-lintclean-personal/package.json.
(Use `node --trace-warnings ...` to show where the warning was created)
✔ uses cwd instead of session when both parameters are present (108.59219ms)
✔ restores session when cwd is absent (0.681769ms)
✔ treats an empty cwd as absent (0.823135ms)
✔ preserves a URL-encoded Windows path (0.91002ms)
✔ keeps the sidebar open when no sidebar parameter is present (1.193851ms)
✔ collapses the sidebar for sidebar=collapsed (1.229502ms)
✔ collapses the sidebar when combined with a cwd parameter (1.177801ms)
✔ collapses the sidebar when combined with a session parameter (2.684324ms)
✔ ignores any other sidebar value (1.844531ms)
✔ parses a URL-encoded sidebar parameter (3.970121ms)
✔ does not gzip a large JSON response when the client disables gzip (86.136764ms)
✔ does not gzip when the gzip quality value is invalid (2.334674ms)
✔ leaves small JSON responses uncompressed (2.731314ms)
(node:2312019) [MODULE_TYPELESS_PACKAGE_JSON] Warning: Module type of file:///home/xupeng/dev/personal/forked/pi-web-lintclean-personal/lib/markdown.ts is not specified and it doesn't parse as CommonJS.
Reparsing as ES module because module syntax was detected. This incurs a performance overhead.
To eliminate this warning, add "type": "module" to /home/xupeng/dev/personal/forked/pi-web-lintclean-personal/package.json.
(Use `node --trace-warnings ...` to show where the warning was created)
▶ normalizeDisplayMath
  ▶ single-line $$…$$
    ✔ splits a single-line block into three lines (5.360522ms)
    ✔ preserves the indent of the surrounding list item (3.89778ms)
  ✔ single-line $$…$$ (13.663486ms)
  ▶ multi-line blocks with glued delimiters
    ✔ moves a glued opening delimiter to its own line (3.832802ms)
    ✔ moves a glued closing delimiter to its own line (1.497038ms)
  ✔ multi-line blocks with glued delimiters (5.84922ms)
  ▶ blocks nested in GFM list items
    ✔ re-indents lazy content lines of an indented bare-fence block (1.054854ms)
    ✔ re-indents partially indented content lines (2.512459ms)
    ✔ does not use a sibling list item's formula as a closing fence (1.916ms)
    ✔ does not scan a bare fence past a sibling list item (1.30693ms)
  ✔ blocks nested in GFM list items (9.279832ms)
  ▶ blocks that must stay untouched
    ✔ leaves a top-level block with detached delimiters untouched (2.82033ms)
    ✔ leaves content inside fenced code blocks untouched (2.4987ms)
    ✔ leaves inline math and plain prose untouched (0.298814ms)
    ✔ does not treat a glued opener with mid-line $$ as a block (1.595415ms)
  ✔ blocks that must stay untouched (7.767542ms)
  ▶ \[ … \] blocks
    ✔ normalizes single-line brackets (0.274175ms)
    ✔ keeps content indented when nested in a list item (1.255467ms)
    ✔ normalizes multi-line brackets without double-indenting (0.672812ms)
  ✔ \[ … \] blocks (2.616984ms)
  ▶ loose [ … ] formula blocks
    ✔ normalizes model-emitted bracket-only formula lines (3.859354ms)
    ✔ leaves ambiguous bracket-only Markdown untouched (4.747894ms)
  ✔ loose [ … ] formula blocks (8.92589ms)
✔ normalizeDisplayMath (53.089801ms)
✔ bounds thinking previews to the first nonblank line without splitting Unicode characters (19.307531ms)
✔ splits trailing final answer blocks from process blocks (8.573258ms)
✔ keeps pre-tool text in process blocks (10.079927ms)
✔ does not expose text before a trailing tool call as final answer (5.520579ms)
✔ drops empty thinking blocks after completion (6.381164ms)
✔ keeps empty thinking while streaming (5.962256ms)
✔ keeps deferred historical thinking placeholders (6.197027ms)
✔ returns completed provider errors even when the message has no content (4.397141ms)
✔ falls back when a provider error has no message (4.69248ms)
✔ treats compaction summaries as turn anchors (7.331401ms)
✔ isAssistantTruncated is true only for a finished stopReason length (4.136697ms)
✔ formatStallAbortNotice names the tool, silence and running time (6.069925ms)
✔ formatDurationMs renders compact hour, minute and second labels (5.058426ms)
✔ renderStallAbortText builds the persisted English summary from stall details (13.583135ms)
✔ flattens supported models.dev metadata and prices (4.594944ms)
✔ ranks exact model IDs and provider hints first (0.8652ms)
✔ prefers an exact Pi provider match (1.980682ms)
✔ matches canonical and catalog Base URLs by hostname (1.797131ms)
✔ uses stable metadata and price consensus with cache modes (1.721567ms)
✔ defaults omitted consensus cache prices to zero (0.838732ms)
✔ accepts a unique five-record price plurality below 60 percent (2.013848ms)
✔ still rejects four-record pluralities and five-record ties (1.049191ms)
✔ refuses tied or single-record fallback prices (1.772487ms)
✔ builds protocol-appropriate model list URLs (6.313671ms)
✔ parses OpenAI, Anthropic, Google, and string model lists (6.00935ms)
✔ resolves environment-backed headers without an API key (208.202496ms)
✔ returns every available model when no patterns are configured (4.866556ms)
✔ expands provider globs alongside exact references (#307) (39.159131ms)
✔ matches bare model id globs across providers without duplicates (2.769139ms)
✔ rejects an ambiguous bare exact model id before fuzzy matching (4.05603ms)
✔ accepts provider-qualified and unique bare exact model ids (0.882932ms)
✔ rejects an ambiguous bare exact model id with a thinking suffix (0.597774ms)
✔ keeps thinking-level suffixes out of the matched reference and reports them as pins (4.609172ms)
✔ leaves models without a pinned thinking level unpinned (1.725123ms)
✔ keeps models that matched and stays quiet about leftover unmatched globs (18.401392ms)
✔ keeps unmatched exact and malformed glob warnings when another model matches (10.795048ms)
✔ falls back to all available models when nothing matches at all (10.486404ms)
✔ selects the saved scoped default and applies its thinking pin (1.833106ms)
✔ uses the saved default without creating a synthetic scope when unconfigured (0.484575ms)
✔ uses resolver order when the saved default is outside the enabled scope (0.556941ms)
✔ applies a requested scoped model pin unless thinking was explicitly overridden (1.13664ms)
✔ rejects an explicit model outside the enabled scope (1.229345ms)
(node:2312083) [MODULE_TYPELESS_PACKAGE_JSON] Warning: Module type of file:///home/xupeng/dev/personal/forked/pi-web-lintclean-personal/lib/models-cache.ts is not specified and it doesn't parse as CommonJS.
Reparsing as ES module because module syntax was detected. This incurs a performance overhead.
To eliminate this warning, add "type": "module" to /home/xupeng/dev/personal/forked/pi-web-lintclean-personal/package.json.
(Use `node --trace-warnings ...` to show where the warning was created)
✔ caches model data independently for each cwd (21.340208ms)
✔ shares one loader between concurrent requests for the same cwd (0.661559ms)
✔ does not cache a stale load that finishes after invalidation (2.926757ms)
✔ retries after a model load fails (2.649077ms)
✔ adds runtime errors without discarding available models (2.809387ms)
✔ uses a safe error for unexpected model load failures (0.443832ms)
✔ saving models.json atomically invalidates the model-list cache (17.822983ms)
✔ models.json writes fill partial cost groups with zero and remove empty groups (7.460527ms)
✔ saving models.json drops blank model rows without hiding other schema errors (4.85225ms)
✔ an existing session opens after its historical model is removed from config (12.887728ms)
(node:2312143) [MODULE_TYPELESS_PACKAGE_JSON] Warning: Module type of file:///home/xupeng/dev/personal/forked/pi-web-lintclean-personal/next.config.ts?esm-test is not specified and it doesn't parse as CommonJS.
Reparsing as ES module because module syntax was detected. This incurs a performance overhead.
To eliminate this warning, add "type": "module" to /home/xupeng/dev/personal/forked/pi-web-lintclean-personal/package.json.
(Use `node --trace-warnings ...` to show where the warning was created)
✔ resolves config paths without CommonJS globals (256.500165ms)
✔ scopes Next.js output file tracing to the pi-web package (891.898409ms)
✔ both bundled install layouts are probed (2.181989ms)
✔ the Windows layout wins when both candidates exist (0.422126ms)
✔ npm and npx run through node instead of a .cmd shim (1.800948ms)
✔ a missing CLI script keeps the bare command and its args (0.393867ms)
✔ accepts the minimum supported Node.js version and newer versions (2.563424ms)
✔ rejects older and invalid Node.js versions (3.436653ms)
✔ keeps the package engine aligned with the startup check (0.334359ms)
✔ reports both the required and current Node.js versions (0.538793ms)
✔ keeps SDK scratch input only for an in-flight snapshot (12.357445ms)
✔ removes a client raw buffer when normalizing a completed message (7.052335ms)
✔ clamps panel widths to finite bounds (1.921644ms)
✔ keeps the responsive right panel default within useful limits (0.416907ms)
✔ reserves chat space while split panels are visible (0.949773ms)
✔ does not rewrite desktop widths while the file panel is in overlay mode (0.3201ms)
(node:2312216) [MODULE_TYPELESS_PACKAGE_JSON] Warning: Module type of file:///home/xupeng/dev/personal/forked/pi-web-lintclean-personal/lib/patch.ts is not specified and it doesn't parse as CommonJS.
Reparsing as ES module because module syntax was detected. This incurs a performance overhead.
To eliminate this warning, add "type": "module" to /home/xupeng/dev/personal/forked/pi-web-lintclean-personal/package.json.
(Use `node --trace-warnings ...` to show where the warning was created)
✔ parses paired changes into split diff rows (239.586068ms)
✔ pads one-sided additions and removes timestamp suffixes from file paths (0.922784ms)
✔ treats in-hunk lines that look like file headers as content (4.803993ms)
✔ parses multiple files, resuming header detection after each hunk (2.999918ms)
✔ returns null for text without diff lines (1.078259ms)
✔ handles bare filenames with line suffixes and filesystem-root cwd (13.886982ms)
✔ case-folds normalized UNC roots as well as their relative paths (0.583992ms)
✔ resolves absolute and relative paths that exist in the index (11.085117ms)
✔ strips a :line / :line:col suffix before the lookup (2.958417ms)
✔ completes a unique bare basename but not an ambiguous one (1.293534ms)
✔ disables unique-basename completion when the index was truncated (0.735734ms)
✔ never links anything without an index (0.541878ms)
✔ rejects URLs, schemes, anchors and non-file dotted tokens (0.562365ms)
✔ refuses paths that resolve outside cwd (1.781713ms)
✔ handles Windows drive paths case-insensitively (0.693014ms)
✔ handles backslash UNC paths (5.259565ms)
✔ linkifyPlainText splits around punctuation and preserves whitespace (1.420071ms)
✔ keeps the original :line text while linking the file (1.804048ms)
✔ buildFileIndexLookup ignores absolute and escaping entries (1.529431ms)
✔ toNativePath converts git's POSIX output to native separators (64.076068ms)
✔ samePath ignores separator style and Windows case (3.407953ms)
✔ toSlashPath normalizes to forward slashes (4.482313ms)
✔ isWindowsAbsolutePath recognizes drive and UNC paths (3.112114ms)
✔ filePathFromApiSegments restores Windows drive roots (4.131405ms)
✔ filePathFromApiSegments restores UNC roots (3.726148ms)
✔ passes the no-wasm-lazy-compilation flag to Node on RISC-V (3.154834ms)
✔ keeps the existing Node arguments on other architectures (0.409324ms)
✔ does not mutate the caller's Next.js arguments (0.329709ms)
✔ opens the browser by default (7.740801ms)
✔ supports --help and -h without starting the server (1.643825ms)
✔ rejects unknown options with a help hint (1.377799ms)
✔ rejects unexpected positional arguments (0.765863ms)
✔ CLI writes help and parse errors before exiting (302.787627ms)
✔ supports the no-open CLI option (0.519774ms)
✔ supports truthy PI_WEB_NO_OPEN values (5.374911ms)
✔ does not disable browser opening for false PI_WEB_NO_OPEN values (0.552604ms)
✔ preserves port and hostname options (4.316284ms)
✔ rejects port values that could inject cmd arguments (0.816452ms)
✔ supports PI_WEB_HOSTNAME without trusting the ambient system HOSTNAME (0.394455ms)
✔ only exact npm versions and Git refs are pinned (3.351733ms)
✔ a single-plugin check only runs that plugin's remote command (5.946566ms)
✔ missing installs and failed commands return errors (2.253664ms)
✔ npm checks compare the installed version with the selected range (13.517596ms)
✔ Git checks compare local HEAD with the upstream remote ref (3.161762ms)
✔ PowerShell is opt-in on Windows and never selected on other platforms (20.739205ms)
✔ the setting preserves unrelated config and switches defaultTools both ways (32.206849ms)
✔ enabling PowerShell adds it when a custom defaultTools list has no shell (6.723774ms)
✔ invalid defaultTools are rejected without overwriting the settings file (7.078989ms)
✔ forwards the first shutdown signal and force-kills on repeated signals (13.909089ms)
✔ propagates a child exit code and clears its shutdown wiring (22.939645ms)
✔ force-kills the child when graceful shutdown times out (20.80183ms)
✔ uses conventional exit statuses for known child signals (3.508873ms)
✔ reports a spawn failure instead of crashing on an unhandled error event (2.376914ms)
✔ names the reason when the child stops on its own (1.079896ms)
✔ keeps the shutdown fallback armed when signaling the child fails (21.23776ms)
✔ stays quiet for a shutdown the user asked for (20.854688ms)
✔ sanitizes host variables using platform casing rules (6.091009ms)
✔ agent bash removes host variables while preserving SDK and user environment (225.969782ms)
✔ agent bash reads current shell settings for every execution (74.7685ms)
✔ direct bash removes host variables and allows explicit project values (236.115807ms)
✔ direct bash preserves execution controls and streaming callbacks (1.17374ms)
✔ direct bash updates the platform PATH key (1.008322ms)
✔ a user extension keeps priority over the Pi Web fallback bash tool (81.01228ms)
✔ Windows path variants form one recent project using the newest display path (11.738325ms)
✔ project filtering includes every session with the stable identity (2.979357ms)
✔ running and unread counts aggregate under the stable project identity (0.774719ms)
✔ Windows project identity ignores full-path casing and separator style (75.048968ms)
✔ Windows project identity handles UNC casing and separators (2.888769ms)
✔ project identity preserves case on case-sensitive platforms (4.365845ms)
(node:2312372) [MODULE_TYPELESS_PACKAGE_JSON] Warning: Module type of file:///home/xupeng/dev/personal/forked/pi-web-lintclean-personal/lib/project-tree.ts is not specified and it doesn't parse as CommonJS.
Reparsing as ES module because module syntax was detected. This incurs a performance overhead.
To eliminate this warning, add "type": "module" to /home/xupeng/dev/personal/forked/pi-web-lintclean-personal/package.json.
(Use `node --trace-warnings ...` to show where the warning was created)
✔ attaches the first branch message preview to the contracted representative (12.714373ms)
✔ does not copy thinking or tool payloads from a compressed assistant label source (0.811356ms)
✔ carries previews through non-message roots in multi-root trees (2.255796ms)
✔ normalizes and bounds preview text and labels image-only messages (2.907073ms)
✔ does not copy unknown message roles into previews (5.707981ms)
✔ carries previews through the depth-limit flattening path (4.02355ms)
✔ linear sessions still project to root + leaf only (2.744809ms)
(node:2312387) [MODULE_TYPELESS_PACKAGE_JSON] Warning: Module type of file:///home/xupeng/dev/personal/forked/pi-web-lintclean-personal/lib/project-trust.ts is not specified and it doesn't parse as CommonJS.
Reparsing as ES module because module syntax was detected. This incurs a performance overhead.
To eliminate this warning, add "type": "module" to /home/xupeng/dev/personal/forked/pi-web-lintclean-personal/package.json.
(Use `node --trace-warnings ...` to show where the warning was created)
✔ clean projects stay on the normal trusted load path (97.783745ms)
✔ project extensions execute only after the project is trusted (347.855179ms)
✔ the reload resolver reads the latest persisted trust decision (23.038776ms)
✔ all project resource loaders and reloads enforce project trust (10.725884ms)
✔ the trust API invalidates cached models and restricted runtimes (5.301532ms)
✔ builds stable keys for matching optimistic text messages (2.531926ms)
✔ includes attached images in optimistic message keys (1.05446ms)
✔ API key saves do not use ModelRuntime.login's network refresh (11.584614ms)
✔ removes only the expected credential type and preserves other providers (113.006206ms)
✔ stores a provider credential while preserving other providers (6.902695ms)
✔ a stale API-key delete cannot remove a newly stored OAuth credential (20.39678ms)
✔ missing credentials are a successful no-op (7.89429ms)
✔ saving and removing an API key updates the SDK authentication status (139.706281ms)
✔ lists an API-key-configured dual-auth provider in the API-key list (#309) (12.456376ms)
✔ an OAuth-authenticated provider counts as configured only in the OAuth list (0.618982ms)
✔ switching auth method moves the provider between lists in both directions (0.487903ms)
✔ environment-provided keys are reported as configured (10.590442ms)
✔ custom models.json providers stay out of the API-key list (0.435732ms)
✔ providers without an API-key login method are excluded (8.28801ms)
✔ keeps friendlier OAuth labels and falls back to the provider name (0.630497ms)
✔ duplicate provider ids are collapsed (0.70308ms)
✔ recognizes only providers with usage adapters (2.057522ms)
✔ accepts only the official origin for provider usage credentials (0.500992ms)
✔ normalizes Codex windows into remaining percentages and reset times (2.990767ms)
✔ normalizes MiniMax token-plan counts using the reported remaining percent (2.255587ms)
✔ selected message text becomes a markdown quote (1.957056ms)
(node:2312518) [MODULE_TYPELESS_PACKAGE_JSON] Warning: Module type of file:///home/xupeng/dev/personal/forked/pi-web-lintclean-personal/lib/request-security.ts is not specified and it doesn't parse as CommonJS.
Reparsing as ES module because module syntax was detected. This incurs a performance overhead.
To eliminate this warning, add "type": "module" to /home/xupeng/dev/personal/forked/pi-web-lintclean-personal/package.json.
(Use `node --trace-warnings ...` to show where the warning was created)
✔ allows same-origin and non-browser API requests (302.179316ms)
✔ allows LAN same-origin requests when Next.js uses an internal localhost URL (1.88889ms)
✔ allows IPv6 and an explicitly configured hostname (17.44814ms)
✔ rejects cross-origin browser API requests (2.22474ms)
✔ does not globally trust opaque iframe or alternate loopback origins (2.569468ms)
✔ allows only user-initiated session export document navigations from a PWA (2.074419ms)
✔ rejects an origin that does not match the external request host (2.406103ms)
✔ rejects DNS rebinding even when browser headers say same-origin (1.335204ms)
✔ rejects missing, malformed, and unconfigured Host headers (2.747004ms)
✔ recognizes JSON request content types (3.813469ms)
✔ allows a proxy that reports the scheme out-of-band and rewrites Origin (2.047118ms)
✔ still rejects a foreign origin when a proxy is in front (1.383079ms)
✔ does not relax the scheme without same-origin proxy evidence (1.384733ms)
✔ Stop unwinds a command waiting on select and closes its UI (44.567865ms)
✔ Stop unwinds a command waiting on confirm and closes its UI (38.552112ms)
✔ Stop unwinds a command waiting on input and closes its UI (16.532239ms)
✔ Stop unwinds a command waiting on editor and closes its UI (50.929826ms)
✔ Stop unwinds a command waiting on custom and closes its UI (16.766482ms)
✔ normal cancel and caller abort keep UI defaults and notify all subscribers (9.008087ms)
✔ Stop cancels a custom UI factory that has not mounted yet (5.900342ms)
✔ Stop before custom UI initialization does not invoke the factory (2.100284ms)
✔ defaults to the 10-minute idle timeout when the env var is unset or blank (7.215862ms)
✔ treats zero as disabling idle shutdown (0.40315ms)
✔ uses a positive value as the timeout in milliseconds (0.374936ms)
✔ falls back to the 10-minute default and warns for invalid or out-of-range values (4.982077ms)
✔ PI_WEB_IDLE_TIMEOUT_MS=0 applies to an idle session (375.197888ms)
[pi-web] invalid PI_WEB_IDLE_TIMEOUT_MS "2592000000", falling back to 10 minutes
✔ PI_WEB_IDLE_TIMEOUT_MS=1800000 applies to an idle session (358.365605ms)
✔ PI_WEB_IDLE_TIMEOUT_MS=2592000000 applies to an idle session (228.410891ms)
[pi-web] session_start dispatched to extensions for session session-1
✔ get_state waits for extension resources before returning the system prompt (65.532079ms)
✔ prompt commands wait for SDK preflight acceptance before acknowledging (16.420378ms)
✔ completion notification waits for an accepted agent run to become idle (20.148674ms)
✔ completion notification covers extension-injected runs without an SSE client (9.404418ms)
✔ new event listeners receive the latest active tool update (3.929966ms)
✔ suppressed sessions do not emit completion notifications (5.750139ms)
✔ prompt commands reject when SDK preflight fails (6.887978ms)
✔ accepted prompt failures still finish through the event stream (22.170477ms)
✔ queued prompt commands forward their streaming behavior and acknowledge acceptance (46.248024ms)
✔ an exact system prompt is reapplied after SDK preflight resets it (7.100256ms)
✔ prompt admission waits for the preceding preflight and keeps overlapping runs counted (7.671478ms)
✔ prompt admission continues after the preceding preflight rejects (8.229762ms)
[pi-web] failed to deliver session_shutdown event: listener failed
✔ a failing event listener cannot reject prompt completion (12.646041ms)
✔ session shutdown notifies extensions before disposing the SDK session (1.151526ms)
✔ session shutdown still disposes the SDK session when an extension fails (5.429869ms)
✔ destroy notifies event listeners so attached SSE streams can close (0.414484ms)
✔ direct destruction disposes the SDK session before unregistering the wrapper (0.33223ms)
✔ direct destruction emits session_shutdown before dispose when extensions are present (16.011391ms)
✔ direct destruction still disposes when session_shutdown throws synchronously (7.171525ms)
✔ idle timer preserves extension-owned session work until it becomes inactive (14.536962ms)
✔ idle timer preserves active work but reaps a run stuck after Stop (8.436087ms)
✔ direct bash commands use sanitized project operations with current shell settings (1.825087ms)
✔ defaults to a 15-minute main timeout and the default tool budgets (18.237514ms)
✔ the environment variable wins over the persisted value (3.587504ms)
✔ the persisted value applies when the environment variable is unset or blank (0.449149ms)
✔ zero disables the watchdog through either source (0.398554ms)
✔ invalid or out-of-range values fall back to the default and warn (5.251811ms)
✔ tool budgets merge over the defaults and can be removed with zero (0.571279ms)
✔ invalid tool budgets are dropped with a warning (0.435015ms)
✔ a malformed settings file falls back to defaults without throwing (5.702648ms)
✔ the config file is read from disk when no stored object is injected (0.927042ms)
[pi-web] aborting stalled session session-1: 60s without events (tool=read, toolElapsed=60s, turnElapsed=60s, timeout=60s, source=env)
[pi-web] aborting stalled session session-1: 60s without events (tool=read, toolElapsed=60s, turnElapsed=60s, timeout=60s, source=env)
✔ AC1: aborts a stalled turn and reports the in-flight tool and elapsed time (2046.32138ms)
[pi-web] aborting stalled session session-1: 60s without events (tool=none, toolElapsed=n/a, turnElapsed=60s, timeout=60s, source=env)
✔ AC7: a failed transcript write is logged and does not block the abort (367.647526ms)
✔ AC1: reports a stall with no active tool as a null tool name (346.511611ms)
[pi-web] aborting stalled session session-1: 120s without events (tool=bash, toolElapsed=120s, turnElapsed=120s, timeout=120s, source=env, toolOverride=true)
✔ AC1/R3: a tool with a longer configured budget survives the main threshold (299.610456ms)
✔ AC2: never fires while events keep arriving (259.755261ms)
✔ AC2: a model delta also resets the clock (246.381416ms)
✔ AC4: a settled turn stops the clock and never fires (248.070226ms)
✔ AC4: a user abort disarms the watchdog and it does not fire a second time (301.982962ms)
✔ AC4: destroy releases the timer and never fires (132.336314ms)
✔ AC4: a zero threshold disables the watchdog entirely (102.339305ms)
✔ AC4: disarm and dispose clear the pending timer so a later tick cannot fire (1.268186ms)
✔ AC1: a stall callback cannot reenter and fire twice (2.001775ms)
✔ AC4: calling start twice disposes the previous watchdog before arming a new one (112.920402ms)
✔ suppresses default powerline widgets before invoking factories (18.934171ms)
✔ applies configured widget and status rules and clears stale state (9.729572ms)
✔ keeps array widgets compatible while maintaining the state snapshot (3.906927ms)
✔ renders a factory widget immediately with the fixed headless facade (1.915671ms)
✔ requestRender replaces the browser event and server snapshot (4.816203ms)
✔ clearing and replacing widgets disposes components and invalidates old callbacks (3.876271ms)
✔ isolates factory and render failures with a clear and extension_error (9.670414ms)
✔ reload and destroy dispose factory components and invalidate callbacks (21.751815ms)
✔ command-context reload also clears factory widgets (9.692348ms)
✔ dispose-time reentrant updates remain authoritative (2.617217ms)
✔ render failure does not clear a dispose-time recovery widget (5.767856ms)
✔ ignores factory registrations after the wrapper is destroyed (0.597162ms)
✔ reload ignores widget registrations triggered by component disposal (9.037617ms)
✔ get_tools preserves the SDK tool definition fields (25.510747ms)
✔ closeAsk delivers answers fire-and-forget so ask_submit answers promptly (6.010441ms)
✔ RPC session startup preloads extension-registered providers before restoring models (3.083627ms)
✔ built-in subagents persist their selected resource policy (21.632999ms)
✔ running snapshots expose sessions with suppressed completion notifications (16.476104ms)
✔ RPC session startup resolves and passes the SDK-native enabled model scope (3.946946ms)
✔ RPC session startup treats only sessions with messages as continuing (2.7136ms)
✔ RPC session startup opens an existing session file only once and trusts its cwd (15.967488ms)
✔ RPC wrapper avoids per-chunk idle maintenance (4.491972ms)
✔ normal session teardown paths use graceful extension shutdown (11.736838ms)
✔ clone copies the requested leaf into a child session (2.933529ms)
✔ fork_branch copies the selected assistant entry without replacing the source session (68.851033ms)
✔ fork before the first message persists a reopenable message-free child session (25.600111ms)
✔ session replacement rejects active work and clone writes one reopenable child (13.581377ms)
✔ cancelled session replacement releases its lock (1.249509ms)
✔ clone cancels an assistant-free branch without creating a file (6.188479ms)
✔ new-session route applies model scope during construction instead of follow-up commands (1.30395ms)
✔ prompt routes mark only preflight failures as rejected (2.6794ms)
✔ the wrapper reapplies an exact prompt after SDK preflight (1.926119ms)
✔ RPC session startup persists explicit preferences without replaying setters (3.054349ms)
✔ custom extension UI receives the fixed headless terminal facade (1.353896ms)
✔ reloading a session invalidates the models cache (4.758249ms)
✔ normal sessions restore persisted tool selections before loading resources (4.863332ms)
✔ crossing the Chat-only boundary persists and rebuilds the wrapper (4.824039ms)
✔ lists an accepted new prompt before its session file exists (7.556828ms)
✔ keeps an idle runtime visible once its JSONL file exists (1.695508ms)
(node:2312924) [MODULE_TYPELESS_PACKAGE_JSON] Warning: Module type of file:///home/xupeng/dev/personal/forked/pi-web-lintclean-personal/lib/search-tree.ts is not specified and it doesn't parse as CommonJS.
Reparsing as ES module because module syntax was detected. This incurs a performance overhead.
To eliminate this warning, add "type": "module" to /home/xupeng/dev/personal/forked/pi-web-lintclean-personal/package.json.
(Use `node --trace-warnings ...` to show where the warning was created)
✔ groups flat paths into directories with files at the root level (141.432464ms)
✔ builds arbitrarily deep nesting (1.264264ms)
✔ sorts directories before files and alphabetically within each level (1.04677ms)
✔ deduplicates repeated paths (0.620749ms)
✔ returns an empty tree for empty input (1.054047ms)
✔ treats a lone segment as a root file, not a directory (0.583001ms)
✔ groups nested subagents under their main session and uses family activity for sorting (125.404367ms)
✔ does not promote orphaned or cyclic subagent metadata into the main session list (0.570306ms)
(node:2312946) [MODULE_TYPELESS_PACKAGE_JSON] Warning: Module type of file:///home/xupeng/dev/personal/forked/pi-web-lintclean-personal/lib/session-file-references-core.ts is not specified and it doesn't parse as CommonJS.
Reparsing as ES module because module syntax was detected. This incurs a performance overhead.
To eliminate this warning, add "type": "module" to /home/xupeng/dev/personal/forked/pi-web-lintclean-personal/package.json.
(Use `node --trace-warnings ...` to show where the warning was created)
✔ detects exact external file paths referenced in session entries (156.196353ms)
✔ does not authorize sibling files by prefix match (0.764346ms)
✔ authorizes full output only from a bash execution message (0.680409ms)
✔ validates session ids before resolving session paths (0.932853ms)
✔ readSessionInfoFast parses a session file with the same semantics as pi (3242.110525ms)
✔ readSessionInfoFast falls back to header time / mtime when no messages (26.350132ms)
✔ readSessionInfoFast returns null for malformed files (13.745591ms)
✔ cache file round-trips and survives reload (16.219239ms)
✔ corrupt or wrong-version cache files degrade to null (7.942956ms)
✔ cached projects respect the TTL (7.803512ms)
✔ clearCachedProjectsOnDisk drops project entries from the file (6.942282ms)
✔ session list cache path lives under the agent dir (6.29336ms)
✔ documented global registry contract remains compatible with extensions (6.410921ms)
✔ session liveness providers are matched by exact session id or file (1.336091ms)
✔ each registration receives an independent idempotent disposer (0.489966ms)
✔ malformed registrations are rejected (3.165552ms)
✔ provider failures preserve the matching session (4.993189ms)
✔ non-stringifiable provider failures preserve the session until recovery (2.822083ms)
✔ selected-session leases expire, renew together, and release cleanly (3.172106ms)
(node:2312968) [MODULE_TYPELESS_PACKAGE_JSON] Warning: Module type of file:///home/xupeng/dev/personal/forked/pi-web-lintclean-personal/lib/session-path.ts is not specified and it doesn't parse as CommonJS.
Reparsing as ES module because module syntax was detected. This incurs a performance overhead.
To eliminate this warning, add "type": "module" to /home/xupeng/dev/personal/forked/pi-web-lintclean-personal/package.json.
(Use `node --trace-warnings ...` to show where the warning was created)
✔ normalizes Windows separators and casing for session identity (153.591255ms)
✔ preserves case when session paths are case-sensitive (1.176023ms)
✔ an externally appended entry is unknown to the in-memory manager (13.140032ms)
✔ evictIfDiskAhead drops an idle wrapper when disk has an unknown entry (3.615503ms)
✔ evictIfDiskAhead leaves a running wrapper alone (2.167942ms)
✔ a manager writing its own entries is never flagged as stale (4.307393ms)
✔ cold scan lists sessions with project info, then warm scan reuses cache (2600.63305ms)
✔ new and modified files are picked up incrementally; deleted files drop out (81.786749ms)
✔ parentSession path resolves to the child's id (91.248744ms)
✔ force refresh waits for the in-flight scan and still returns fresh data (41.17628ms)
✔ returns the newest entry id (5.383493ms)
✔ skips the session header so a fresh, entry-less session reads as undefined (1.93571ms)
✔ ignores a torn trailing line mid-append (1.526924ms)
✔ returns undefined when the file is absent or the path is unknown (1.219622ms)
✔ reads only a bounded tail of a large session (32.821476ms)
✔ handles CRLF-terminated entries (2.213365ms)
✔ sliceActiveBranch returns the most-recent `tail` ancestors, in time order (3.791054ms)
✔ sliceActiveBranch walks from leaf back toward root, not forward (2.712915ms)
✔ sliceActiveBranch defaults to the last entry when leafId is null (0.525539ms)
✔ deep linear chain (5000 entries) slices without overflowing the stack (17.464072ms)
✔ buildSessionContext with tail returns only the tail window (3.128288ms)
✔ buildSessionContext without tail still returns the full chain (0.733538ms)
✔ buildSessionContext excludeLeaf pages upward without duplicating `before` (1.304392ms)
✔ pagination stops before the root instead of returning it again (0.473409ms)
✔ pagination preserves chronological order across compaction (1.333735ms)
✔ pagination loses no history when compaction kept entries fall outside the page (3.319136ms)
✔ tail pagination preserves settings from earlier entries (1.031244ms)
✔ buildSessionContext accepts a large tail and returns the whole chain (35.627307ms)
✔ real sessions may store assistant content as a string (deferThinking guard) (0.638778ms)
✔ session stats cover the full file independently of the displayed tail (1.17109ms)
✔ sliceActiveBranch: tail counts visible messages — toolResults ride along free (1.464299ms)
✔ sliceActiveBranch: compaction divider counts as visible, custom/meta do not (0.598011ms)
✔ sliceActiveBranch: a span of tool traffic with no visible anchors hits the raw cap (4.8106ms)
✔ buildSessionContext hasMore stays true when the visible window truncates (1.36356ms)
✔ renders history and compaction in chronological order with aligned entry IDs (12.726223ms)
✔ uses the latest explicit model change instead of assistant response metadata (0.565241ms)
✔ preserves earlier history and every compaction on the active path (3.052612ms)
✔ uses the selected leaf's path before a later compaction (0.781753ms)
✔ returns an empty context for a null leaf (0.681043ms)
✔ defers historical thinking without changing live-session content (3.033644ms)
✔ does not defer empty historical thinking blocks (0.425605ms)
✔ defers only base64 images from historical tool results (1.860337ms)
✔ preserves hidden custom messages so the UI can render them collapsed (0.653179ms)
✔ round-trips a stall-abort custom message so a reload keeps the reason (0.684556ms)
✔ preserves valid epoch timestamps on synthetic UI messages (0.385176ms)
✔ reads only a bounded session header, including headers larger than 4 KiB (3.033924ms)
✔ returns null for malformed or unbounded session headers (5.704633ms)
✔ session listing reads subagent relations and terminal status without reopening full session files (201.515457ms)
✔ keeps forward and reverse session path caches in sync (1.012105ms)
✔ resolves a matching session header without a catalogue scan (6.707355ms)
✔ readSessionById returns a targeted summary without a catalogue scan (11.58712ms)
✔ does not resolve a parent path outside the default session storage (3.670065ms)
✔ preserves project symlinks exposed by the session catalogue (6.863552ms)
✔ falls back to the catalogue when a targeted candidate header is invalid (6.440775ms)
✔ falls back to the catalogue when a targeted lookup finds duplicate IDs (12.228108ms)
✔ a scan invalidated in flight retries before returning to its caller (6.619528ms)
✔ forced session listing bypasses the fresh server cache (7.798364ms)
✔ disk sessions replace runtime snapshots with the same id (2.321507ms)
(node:2313043) [MODULE_TYPELESS_PACKAGE_JSON] Warning: Module type of file:///home/xupeng/dev/personal/forked/pi-web-lintclean-personal/lib/session-row-context-menu.ts is not specified and it doesn't parse as CommonJS.
Reparsing as ES module because module syntax was detected. This incurs a performance overhead.
To eliminate this warning, add "type": "module" to /home/xupeng/dev/personal/forked/pi-web-lintclean-personal/package.json.
(Use `node --trace-warnings ...` to show where the warning was created)
✔ leaves the native context menu unclaimed when no listener is installed (2.176003ms)
✔ delivers the stable session-row detail without requiring a listener to claim it (0.45373ms)
✔ reports the menu as handled when a listener cancels the extension event (0.463235ms)
(node:2313051) [MODULE_TYPELESS_PACKAGE_JSON] Warning: Module type of file:///home/xupeng/dev/personal/forked/pi-web-lintclean-personal/lib/session-search.ts is not specified and it doesn't parse as CommonJS.
Reparsing as ES module because module syntax was detected. This incurs a performance overhead.
To eliminate this warning, add "type": "module" to /home/xupeng/dev/personal/forked/pi-web-lintclean-personal/package.json.
(Use `node --trace-warnings ...` to show where the warning was created)
✔ finds one literal, case-insensitive snippet per session, newest first (54.844098ms)
✔ identifies the matching text block across thinking, tools and multiple text blocks (9.43707ms)
✔ searches historical text, excluding tools, thinking, images, summaries and transient sessions (11.562431ms)
✔ keeps Unicode offsets correct and bounds snippets around the actual match (23.165543ms)
✔ skips malformed lines and reports unreadable or oversized content as incomplete (81.189031ms)
✔ handles empty, oversized and cancelled queries without reading a session (6.06071ms)
✔ bounds bytes read from a single file and reports the unsearched remainder (195.487777ms)
✔ checks the deadline inside the final file, before the matching line (8.209284ms)
✔ reports file and result caps even when no conversations match (853.792496ms)
✔ sums usage across ALL entries, including history compacted away (3.206606ms)
✔ counts tool calls and includes tool result usage (0.675862ms)
✔ includes branch summary usage (0.477068ms)
✔ tolerates entries without usage (older session files) (0.430016ms)
✔ returns zeros for an empty session (1.939751ms)
✔ full-file stats never shrink relative to the post-compaction context (1.260878ms)
✔ adds messages completed after load to compacted file totals (1.084772ms)
✔ empty or single-entry session yields zero (3.202707ms)
✔ counts active gaps within a turn (0.451447ms)
✔ drops human idle before the next user message (0.554211ms)
✔ keeps compacted history and compaction time in append order (0.453141ms)
✔ counts work appended on every branch exactly once (0.531248ms)
✔ treats user-initiated bash as a boundary (0.350281ms)
✔ ignores metadata without breaking the active interval (0.304261ms)
✔ counts branch summaries and custom messages (0.508244ms)
✔ skips invalid timestamps and ignores negative gaps (1.595376ms)
✔ cleans common session title response wrappers (14.405247ms)
✔ rejects responses without a usable title (3.382948ms)
✔ names a running session from what it holds right now, without waiting for idle (8.740738ms)
✔ generates a title when compaction removed all literal user messages (2.312815ms)
✔ title request is a standalone stream and does not reuse the session prefix (0.705438ms)
✔ names with the cheapest thinking level the session model accepts (3.167741ms)
✔ sends one flat transcript without tool traffic on the session's own model (2.890139ms)
✔ keeps every user turn whole and clips replies to their opening (1.059657ms)
✔ bounds the transcript so a long session costs no more than a short one (39.910834ms)
✔ keeps an image placeholder when a user turn has no text (0.732752ms)
✔ refuses to name a session with no usable text (5.998509ms)
✔ a missing tool-selection entry identifies a legacy session (2.127612ms)
✔ an empty selection is distinct from a missing selection (1.476388ms)
✔ the newest valid tool selection wins and invalid newer entries are ignored (0.599813ms)
✔ tool selections accept only built-in tools (1.020964ms)
✔ appending a selection writes the versioned custom entry (0.636332ms)
✔ only subagents nest while forks remain independent roots (40.431651ms)
✔ orphaned subagents become roots and every level is sorted newest first (0.555066ms)
✔ cyclic relation metadata cannot hide sessions or recurse forever (0.483973ms)
✔ deep subagent trees are sorted without recursive traversal (239.991738ms)
✔ restores the last settings section and falls back without a project (2.352071ms)
✔ keeps project settings selections isolated by cwd (0.781373ms)
✔ shares the models selection globally (0.321257ms)
✔ ignores malformed and unavailable browser storage (0.833492ms)
(node:2313117) [MODULE_TYPELESS_PACKAGE_JSON] Warning: Module type of file:///home/xupeng/dev/personal/forked/pi-web-lintclean-personal/lib/skill-frontmatter.ts is not specified and it doesn't parse as CommonJS.
Reparsing as ES module because module syntax was detected. This incurs a performance overhead.
To eliminate this warning, add "type": "module" to /home/xupeng/dev/personal/forked/pi-web-lintclean-personal/package.json.
(Use `node --trace-warnings ...` to show where the warning was created)
▶ setDisableModelInvocation
  ✔ adds the key after the opening fence when absent (17.390216ms)
  ✔ creates a frontmatter block when the file has none (1.169567ms)
  ✔ replaces an explicit false value instead of adding a duplicate key (2.828213ms)
  ✔ updates and removes indented quoted keys (6.297704ms)
  ✔ rejects unsupported key formatting instead of silently succeeding (3.484574ms)
  ✔ preserves CRLF line endings when updating or adding the key (1.267393ms)
  ✔ preserves SDK-supported frontmatter fence variants (5.635623ms)
  ✔ preserves closing fence suffixes accepted by the SDK when toggling (17.13837ms)
  ✔ keeps a BOM-prefixed skill loadable after toggling (104.220633ms)
  ✔ keeps a single key when disabling an already-true skill (4.691975ms)
  ✔ removes the key when disabling is turned off (1.358506ms)
  ✔ removes the key when it is the last frontmatter line before the closing fence (3.402136ms)
  ✔ is a no-op when disabling is off and the key is absent (0.804739ms)
  ✔ preserves unrelated frontmatter formatting and body lines that mention the key (9.518007ms)
✔ setDisableModelInvocation (190.922957ms)
✔ uses the CLI global lock location (2.160275ms)
✔ annotates only lock entries that exist in the matching Pi scope (5.479922ms)
✔ ignores stale lock entries and malformed lock files (1.52862ms)
✔ does not compare a project ref with the default skills.sh snapshot (1.648848ms)
✔ compares a global lock version with the remote Git tree (65.372658ms)
✔ uses the repository hash for a root global skill (1.014989ms)
✔ compares a project lock version with the skills.sh snapshot (1.553946ms)
✔ returns unsupported without making a remote request (0.735194ms)
✔ returns a scoped error when the remote check fails (1.579412ms)
✔ falls back to Git when the GitHub API is rate limited (0.940833ms)
✔ builds Pi-only update commands for each scope (1.957891ms)
✔ reuses one remote request for skills from the same GitHub source (5.784212ms)
(node:2313142) [MODULE_TYPELESS_PACKAGE_JSON] Warning: Module type of file:///home/xupeng/dev/personal/forked/pi-web-lintclean-personal/lib/slash-display.ts is not specified and it doesn't parse as CommonJS.
Reparsing as ES module because module syntax was detected. This incurs a performance overhead.
To eliminate this warning, add "type": "module" to /home/xupeng/dev/personal/forked/pi-web-lintclean-personal/package.json.
(Use `node --trace-warnings ...` to show where the warning was created)
✔ restores a complete SDK skill expansion with arguments (3.179485ms)
✔ restores a complete SDK skill expansion without arguments (0.452697ms)
✔ restores multiline arguments (0.426451ms)
✔ uses the final closing tag when the skill body contains an example (0.540416ms)
✔ does not collapse incomplete or lookalike user text (0.342705ms)
✔ collapse keeps session auto-naming free of skill XML (0.729681ms)
✔ plain first messages pass through unchanged for naming (0.314921ms)
✔ persists explicit effective model and thinking defaults (118.834498ms)
✔ does not persist implicit scope selections (6.980053ms)
✔ does not persist a model when startup resolved a different model (8.25897ms)
✔ does not replace a reasoning default with off for a non-thinking model (15.019945ms)
✔ builds thinking and text blocks from official assistant deltas (19.839285ms)
✔ a reconnect snapshot replaces the old partial before deltas continue (0.968476ms)
✔ resuming a running session preserves an already-received partial (1.157416ms)
✔ a thinking start clears the first chunk leaked into the assistant snapshot (1.050117ms)
✔ a text start clears text leaked into the assistant snapshot (0.636776ms)
✔ a tool call start clears streamed input leaked into the snapshot (0.972484ms)
✔ text deltas update immutably so React observes each chunk (1.02831ms)
✔ shows and streams a tool call after thinking, then accepts the authoritative end (0.989662ms)
✔ restores the raw tool input from a reconnect snapshot (3.566903ms)
✔ ignores deltas without a baseline and unknown future deltas (0.862442ms)
✔ normalizes tool calls in snapshots and clears on end (1.738339ms)
✔ integrated extension exposes the legacy-compatible tool names (9.741954ms)
✔ integrated extension registers no tools while its feature is disabled (1.567753ms)
✔ Agent tool description lists enabled effective profiles and refreshes when its factory reloads (2.536538ms)
✔ integrated extension removes a legacy extension that owns the same tools (1.173368ms)
✔ integrated extension removes recognized legacy extensions with any reserved tool (1.025221ms)
✔ foreground Agent streams updates and returns the completed result (2.673283ms)
✔ foreground Agent reports startup and execution failures as tool errors (2.229966ms)
✔ Agent resume routes the prompt to the existing-session runtime (1.387589ms)
✔ background Agent returns immediately and delegates one completion notification (1.584158ms)
✔ get_subagent_result covers missing, running, completed, failed, and aborted runs (1.990827ms)
✔ get_subagent_result wait honors abort signals (7.726331ms)
✔ steer_subagent returns success and runtime failures (1.201554ms)
✔ legacy preference leaves unrelated and partial-overlap extensions intact (0.368692ms)
✔ loads cwd-relative UTF-8 files and formats them as delegated user input (14.840021ms)
✔ rejects files outside cwd, including symlink targets (7.956576ms)
✔ rejects invalid UTF-8 and bounded input sets (12.087972ms)
✔ isolated worktrees are unique, write-safe, and cleaned without deleting dirty work (414.291254ms)
✔ worktree isolation rejects non-git directories (29.501784ms)
✔ a tool-free subagent uses only its profile as the exact system prompt (3.403683ms)
✔ a tool-enabled subagent retains inherited context in its appended system prompt (0.367028ms)
✔ a resource-enabled tool-free subagent keeps the normal system prompt pipeline (0.431943ms)
✔ replace prompt mode makes the profile body the exact system prompt (0.306107ms)
✔ runs FIFO with a per-parent concurrency limit and drains after completion (4.541514ms)
✔ cancels queued work without starting it (0.715442ms)
✔ completion notification reopens an idle parent and uses its current session (7.265976ms)
✔ disabled built-in subagents reject stale Agent calls before starting (2.253422ms)
✔ resume reuses the persisted child session and keeps its session id (4.330672ms)
✔ resume rejects a child owned by another parent (0.698004ms)
✔ abort waits for queued finalization before returning (23.340616ms)
✔ queued abort waits for a real isolated subagent worktree to disappear (576.230683ms)
✔ abort waits for a resumed running child to persist its result (3.182719ms)
✔ a completed subagent snapshots the child session's written files (4.277318ms)
✔ subagent settings default the built-in extension to disabled (20.500511ms)
✔ subagent settings persist both states and preserve unrelated fields (12.188255ms)
✔ damaged settings fail closed and are not overwritten (8.028858ms)
✔ built-in profile IDs use lowercase kebab-case and read-only profiles cannot execute shell commands (6.68338ms)
✔ override detection follows scope precedence case-insensitively (0.583602ms)
✔ project profiles override built-ins and round-trip their runtime settings (100.916185ms)
✔ tintinweb extension selectors stay scoped to the selected extension tools (6.646185ms)
✔ reads tintinweb profile aliases and frontmatter identity (5.071947ms)
✔ persisted subagent metadata reconstructs the final run (1.098454ms)
✔ persisted subagent resources restore the exact isolated prompt and tools (0.883547ms)
✔ legacy subagent resource snapshots keep skills and extensions disabled (0.560582ms)
✔ extension tools are merged while subagent control tools stay excluded (0.474023ms)
✔ an empty tool selection round-trips without restoring default tools (10.846857ms)
✔ saved profiles normalize runtime values and reject invalid settings (5.992442ms)
✔ project profiles override workspace profiles and deletion restores the workspace version (10.248949ms)
✔ global and project sources with the same name stay visible while project wins at runtime (23.369872ms)
✔ global profiles round-trip and deleting an override restores the built-in (4.5014ms)
✔ disabled profiles cannot be resolved for execution (12.796719ms)
✔ persisted runs distinguish interrupted, failed, aborted, and latest results (0.650788ms)
✔ project profile directories cannot escape cwd through symbolic links (13.527167ms)
✔ a save keeps frontmatter keys this app does not manage (9.90623ms)
✔ a save refuses to overwrite malformed existing frontmatter (6.436916ms)
✔ the pi-subagents flag aliases are seeded, kept in step, and never overwrite a whitelist (7.827132ms)
✔ profile flags fall back to the pi-subagents spellings (4.933612ms)
(node:2313284) [MODULE_TYPELESS_PACKAGE_JSON] Warning: Module type of file:///home/xupeng/dev/personal/forked/pi-web-lintclean-personal/lib/terminal-input.ts is not specified and it doesn't parse as CommonJS.
Reparsing as ES module because module syntax was detected. This incurs a performance overhead.
To eliminate this warning, add "type": "module" to /home/xupeng/dev/personal/forked/pi-web-lintclean-personal/package.json.
(Use `node --trace-warnings ...` to show where the warning was created)
✔ maps navigation and editing keys to terminal sequences (172.146498ms)
✔ maps legacy control and alt keys used by pi-tui (0.75552ms)
✔ leaves printable text to the text input and wraps pasted text (1.766317ms)
✔ native module load failures are deferred until creation and include repair instructions (261.819665ms)
✔ shell environment defaults to UTF-8 locale when the host has none (106.162749ms)
✔ shell environment preserves a case-insensitive Windows locale (53.752361ms)
✔ native PTY starts after install and repeated creation reuses the same workspace process (54.039953ms)
✔ connected terminals outlive the grace period; only the last disconnect starts expiry (16.642363ms)
✔ unclaimed creations expire without requiring a browser cleanup request (8.463705ms)
✔ SSE resumes from Last-Event-ID and cancellation releases the connection lease (87.915959ms)
✔ expired output cursors reset bounded history, while explicit close ends connected streams (14.336729ms)
✔ reads large text in contiguous UTF-8 chunks (5.964666ms)
✔ invalid UTF-8 cannot stall pagination (5.840955ms)
(node:2313327) [MODULE_TYPELESS_PACKAGE_JSON] Warning: Module type of file:///home/xupeng/dev/personal/forked/pi-web-lintclean-personal/lib/theme.ts is not specified and it doesn't parse as CommonJS.
Reparsing as ES module because module syntax was detected. This incurs a performance overhead.
To eliminate this warning, add "type": "module" to /home/xupeng/dev/personal/forked/pi-web-lintclean-personal/package.json.
(Use `node --trace-warnings ...` to show where the warning was created)
✔ first paint restores every palette and falls back to the system for invalid or blocked storage (45.486777ms)
(node:2313336) [MODULE_TYPELESS_PACKAGE_JSON] Warning: Module type of file:///home/xupeng/dev/personal/forked/pi-web-lintclean-personal/lib/thinking-expansion-preference.ts is not specified and it doesn't parse as CommonJS.
Reparsing as ES module because module syntax was detected. This incurs a performance overhead.
To eliminate this warning, add "type": "module" to /home/xupeng/dev/personal/forked/pi-web-lintclean-personal/package.json.
(Use `node --trace-warnings ...` to show where the warning was created)
✔ defaults to collapsed when no preference is stored (2.218995ms)
✔ persists the preference and notifies listeners on change (0.651421ms)
✔ returns false when window is unavailable (SSR) (0.355308ms)
(node:2313343) [MODULE_TYPELESS_PACKAGE_JSON] Warning: Module type of file:///home/xupeng/dev/personal/forked/pi-web-lintclean-personal/lib/tool-call-expansion.ts is not specified and it doesn't parse as CommonJS.
Reparsing as ES module because module syntax was detected. This incurs a performance overhead.
To eliminate this warning, add "type": "module" to /home/xupeng/dev/personal/forked/pi-web-lintclean-personal/package.json.
(Use `node --trace-warnings ...` to show where the warning was created)
✔ remembers expanded tool calls across remounts by toolCallId (1.959794ms)
✔ ignores tool calls without an id (0.35973ms)
✔ uses the latest non-empty text line from a partial tool result (4.504462ms)
✔ ignores partial tool results without displayable text (0.432175ms)
✔ bounds long progress lines while preserving the latest text (0.691377ms)
✔ defaults missing or invalid preferences to the default preset (6.604655ms)
✔ round-trips every supported tool preset (0.537988ms)
✔ falls back safely when browser storage is unavailable (5.144051ms)
✔ falls back when accessing window.localStorage throws (0.531948ms)
✔ maps every tool preset to its built-in tools (3.489086ms)
✔ recognizes presets while ignoring active custom tools (1.008062ms)
✔ returns fresh tool arrays that callers can safely modify (0.606847ms)
✔ recognizes PowerShell as the shell in standard presets (0.427179ms)
✔ projects records older than 50 chat entries from the requested branch (11.951444ms)
✔ only walks the requested ancestor path, never sibling branches (1.20717ms)
✔ chain failed before later steps only exposes recorded steps (0.593935ms)
✔ branch X/Y reuse of tool call and run ids does not collide (0.939225ms)
✔ explicit root and unknown or cyclic leaves project nothing (0.514521ms)
✔ fork re-scoping scopes copied results to the new parent id (0.776264ms)
✔ ignores wrong tool names and malformed details (0.509272ms)
✔ caps retained records newest-first with truncation flag (5.588704ms)
✔ applies the aggregate text budget before the API envelope is serialized (26.12698ms)
✔ invalid ids in tool results are skipped, valid siblings survive (1.240154ms)
✔ single mode result survives persistence, normalize and history projection (123.56563ms)
✔ parallel mode round-trips every run (26.755188ms)
✔ a chain that failed before later steps only exposes its recorded steps (11.977406ms)
✔ gate accepts only the exact tool and details kind (20.283915ms)
✔ decodes single, parallel and chain mode snapshots (7.850385ms)
✔ maps failed, cancelled and unknown statuses without inferring success (3.936621ms)
✔ unknown mode is preserved as unknown without reinterpreting semantics (0.438295ms)
✔ identity is a collision-free tuple of parent, call and run (0.502339ms)
✔ same run id in distinct parents/calls does not collide (4.938128ms)
✔ oversized and missing identities are rejected, never truncated (0.57228ms)
✔ duplicate run ids in one snapshot keep the first valid instance (3.442045ms)
✔ missing optional fields decode without fabricating usage or timestamps (5.717884ms)
✔ numeric fields are bounded and malformed numbers fail soft (3.317303ms)
✔ fractional usage counts are rejected while a finite cost survives (2.15368ms)
✔ all-zero usage is unavailable rather than a fabricated object (0.346022ms)
✔ inspects at most 100 runs per snapshot and reports omissions (3.238712ms)
✔ retains at most the latest 32 tool traces (5.291199ms)
✔ tool decoding does not inspect entries outside the retained tail (5.214457ms)
✔ bounds final text, excerpts and tails with explicit truncation flags (1.448817ms)
✔ bounds labels and tool arguments with explicit truncation flags (1.650326ms)
✔ aggregate view budget clears remaining text deterministically (3.253874ms)
✔ decode never mutates the source details (3.046471ms)
✔ projection from partial evidence is reported, not a live guarantee (1.499766ms)
✔ reducer deduplicates update/end/message into one row per tuple (4.585132ms)
✔ a late partial cannot regress a terminal record (0.513037ms)
✔ tool-end before its canonical message keeps the final snapshot across the gap (2.747237ms)
✔ final without any partial still becomes one record (0.596297ms)
✔ concurrent tool calls keep independent rows (0.43212ms)
✔ history replaces its base but keeps overlays newer than the request (0.505763ms)
✔ persisted history outranks a later provisional overlay for the same tuple (0.411624ms)
✔ a stale request snapshot does not erase a newly arrived final overlay (0.512517ms)
✔ older-than-request overlay covered by history is dropped (0.593265ms)
✔ a late history response preserves newer event omission signaling (0.289472ms)
✔ a history response clears event omission signaling it covers (0.430787ms)
✔ an overlay with no durable backing is retained but marked stale (0.455819ms)
✔ reset clears every scope (0.553813ms)
✔ selection caps retained records and marks truncation (3.050466ms)
✔ selection applies the aggregate text budget newest-first (0.429716ms)
✔ event arrival order, not producer timestamps, controls display order (2.989943ms)
✔ a reconnect can qualify retained overlays as stale (0.3021ms)
✔ background settlement keeps a historical branch while its own prompt follows head (0.312433ms)
✔ old-owner cleanup cannot erase a newer mounted snapshot (0.280207ms)
✔ markHistoryIncomplete records degraded coverage (0.192698ms)
✔ extracts a file from a successful write tool call (5.644965ms)
✔ extracts a file from a successful edit tool call using input.path (0.792617ms)
✔ accepts namespaced write/edit tool names from MCP servers (0.881965ms)
✔ skips a tool call whose result errored (0.454446ms)
✔ skips a tool call whose result has not arrived (streaming) (0.598022ms)
✔ deduplicates the same file written then edited (0.708263ms)
✔ resolves a relative path against cwd (0.490325ms)
✔ resolves extensionless and dot-prefixed filenames against cwd (3.325108ms)
✔ preserves path characters that have special meaning in hrefs (1.088374ms)
✔ normalizes Windows-relative tool paths against a Windows cwd (0.563719ms)
✔ skips non-writing tools like read and bash (0.361319ms)
✔ ignores paths that only appear in the reply text (0.27063ms)
✔ lists only the file actually written, not others named in the text (1.454406ms)
✔ skips a write call missing both file_path and path (0.709522ms)
✔ returns an empty array for an empty or text-only turn (0.22024ms)
✔ lists every file one apply_patch call wrote (2.35907ms)
✔ excludes apply_patch deletes and resolves relative paths (0.702099ms)
✔ lists only applied files when apply_patch partially failed (0.348743ms)
✔ contributes nothing when apply_patch failed to parse the patch (0.245254ms)
✔ falls back to apply_patch summary text when details are missing (0.458362ms)
✔ lists files written by trellis_subagent without the 32-trace cap (1.438241ms)
✔ lists files from the built-in Agent completion snapshot (0.751705ms)
✔ ignores an Agent-shaped tool without the pi-web snapshot kind (0.237086ms)
✔ tags built-in Agent snapshot files with the child session id (0.506471ms)
✔ backfills a source session id when the same path was written earlier without one (0.304428ms)
✔ trellis_subagent entries never carry a source session id (0.305736ms)
✔ apply_patch uses appliedFiles and drops deletes (0.492838ms)
✔ apply_patch returned failures write nothing unless some files applied (0.34372ms)
✔ apply_patch preview-only details write nothing without a confirming result (0.848981ms)
✔ redirects page navigation to the login page and preserves its query (10.367161ms)
✔ accepts a signed session for pages (3.474673ms)
✔ keeps Basic Auth compatibility for APIs but not pages (6.532621ms)
✔ leaves the login endpoint reachable without a session (2.259702ms)
(node:2313443) [MODULE_TYPELESS_PACKAGE_JSON] Warning: Module type of file:///home/xupeng/dev/personal/forked/pi-web-lintclean-personal/lib/web-auth.ts is not specified and it doesn't parse as CommonJS.
Reparsing as ES module because module syntax was detected. This incurs a performance overhead.
To eliminate this warning, add "type": "module" to /home/xupeng/dev/personal/forked/pi-web-lintclean-personal/package.json.
(Use `node --trace-warnings ...` to show where the warning was created)
✔ enables password authentication only for a non-empty configured password (125.744024ms)
✔ accepts only the fixed pi username and configured password (2.915465ms)
✔ supports UTF-8 passwords and colons in the password (0.855493ms)
✔ rejects missing, malformed, and non-canonical authorization values (1.014161ms)
✔ does not authenticate when password protection is disabled (1.14586ms)
✔ creates signed sessions that expire and cannot be altered (1.92579ms)
✔ generates and persists VAPID keys when no state exists (3.855926ms)
✔ reuses persisted VAPID keys (0.383526ms)
✔ addSubscription upserts by endpoint and persists (0.475423ms)
✔ addSubscription persists even after getVapidPublicKey already saved (0.343317ms)
✔ notifySessionComplete sends localized payloads with the session name (1.42434ms)
✔ notifySessionComplete falls back to the localized generic title (0.600436ms)
✔ notifySessionComplete prunes subscriptions dropped by the push service (0.820906ms)
✔ localeText falls back to English for unknown locales (0.397135ms)
✔ push requests immediate delivery with a long TTL (1.490995ms)
✔ vapidSubject defaults to a valid https URL, not mailto:localhost (1.575187ms)
✔ returns null for an unknown workspace (2.681674ms)
✔ set then get round-trips the remembered session (0.445919ms)
✔ workspaces are remembered independently (0.524016ms)
✔ clearLastOpen removes only the named workspace (0.683605ms)
✔ clearing the last entry removes the storage key entirely (0.758926ms)
✔ ignores a corrupt stored map (0.598391ms)
✔ ignores a stored map of the wrong shape (0.31367ms)
✔ recovers from an array-shaped stored map (0.294912ms)
✔ ignores an empty or non-string session id (1.134259ms)
✔ falls back to null / no-ops when browser storage is unavailable (1.195427ms)
✔ falls back when browser storage access throws (0.725173ms)
✔ workspaceKeyOf prefers projectKey, then projectRoot, then cwd (0.267914ms)
✔ main and linked worktrees share one canonical project root (2633.916895ms)
✔ preview-only and malformed details cannot establish successful writes (3.679974ms)
✔ empty summaries are authoritative and applied fallback excludes known deletions (1.158696ms)
✔ later delete or move in one patch removes earlier artifact paths (1.076953ms)
✔ unrecognized edit diff formats do not fabricate zero counts (0.515401ms)
✔ reads apply_patch files from preview + result and drops deletes (5.336464ms)
✔ excludes delete entries from a delete-only patch (0.469937ms)
✔ move uses the destination path (0.624971ms)
✔ partial failure lists only the applied files from result summaries (0.631532ms)
✔ a stale preview cannot resurrect a file whose hunk failed (0.549451ms)
✔ returns null when there is no usable structured evidence (1.265103ms)
✔ parses add/update/move summary lines and skips delete and failure lines (0.452256ms)
✔ falls back to summary text only when details are absent (0.674813ms)
✔ an errored apply_patch call contributes nothing (2.980803ms)
✔ counts edit patch lines inside hunks only (2.495142ms)
✔ keeps every Trellis write path beyond the 32-trace display cap (2.559677ms)
✔ skips non-succeeded traces and malformed args (0.443523ms)
✔ ignores non-trellis details (0.294464ms)
✔ reads the built-in Agent completion snapshot (0.833647ms)
✔ a snapshot without a session id keeps the source undefined (1.62512ms)
✔ a snapshot without the pi-web kind is ignored (0.227527ms)
✔ extractWrittenFilesFromEntries pairs raw tool calls with their results (1.643485ms)
✔ extractWrittenFilesFromEntries reads all Trellis traces for a child session (1.094197ms)
✔ extractWrittenFilesFromEntries skips errored results (0.590678ms)
✔ resolves relative paths and dedupes keeping first-seen order (0.549567ms)
✔ drops relative paths when there is no cwd (0.234046ms)
✔ backfills a source session id from a later duplicate without reordering (0.553819ms)
✔ keeps the first source session id when duplicates disagree (0.272966ms)
✔ public/fonts ships the license text and provenance notice next to the webfonts (11.607305ms)
✔ NOTICE.txt declares the SHA-256 of every bundled webfont (21.225928ms)
✔ push always shows a notification, even when a window is visible (3.804898ms)
✔ push ignores malformed payloads (2.646063ms)
✔ notification click focuses an existing client at the session URL (1.042533ms)
✔ notification click navigates an existing client to the session (0.747955ms)
✔ notification click opens a window and rejects cross-origin targets (0.558946ms)
ℹ tests 1411
ℹ suites 10
ℹ pass 1411
ℹ fail 0
ℹ cancelled 0
ℹ skipped 0
ℹ todo 0
ℹ duration_ms 135933.890267
test_exit=0

=== tree state after verification ===
ok	react	lock=19.2.4	installed=19.2.4
ok	react-dom	lock=19.2.4	installed=19.2.4
ok	eslint	lock=9.39.4	installed=9.39.4
ok	next	lock=16.3.5	installed=16.3.5
ok	eslint-config-next	lock=16.3.5	installed=16.3.5

worktree kept for inspection: /home/xupeng/dev/personal/forked/pi-web-lintclean-personal
DONE
