=== clean-tree baseline: ref=main label=main ===
date: 2026-09-22T16:03:40+08:00

Preparing worktree (detached HEAD d11d344)
HEAD is now at d11d344 Show tool-result images while the tool card is collapsed (#826)
resolved commit: d11d34482a6aadb4a01b26e0adf75290a824969d

=== npm_ci ===
npm warn deprecated node-domexception@1.0.0: Use your platform's native DOMException instead
npm warn deprecated node-domexception@1.0.0: Use your platform's native DOMException instead

> @agegr/pi-web@0.9.1 postinstall
> node bin/prepare-terminal.js


added 937 packages, and audited 938 packages in 55s

276 packages are looking for funding
  run `npm fund` for details

found 0 vulnerabilities
npm warn install-scripts 8 packages have install scripts not yet covered by allowScripts:
npm warn install-scripts   @google/genai@1.52.0 (preinstall: echo 'preinstall: no-op')
npm warn install-scripts   esbuild@0.28.1 (postinstall: node install.js)
npm warn install-scripts   node-pty@1.2.0-beta.15 (install: node scripts/prebuild.js || node-gyp rebuild; postinstall: node scripts/post-install.js)
npm warn install-scripts   protobufjs@7.6.6 (postinstall: node scripts/postinstall)
npm warn install-scripts   unrs-resolver@1.11.1 (postinstall: napi-postinstall unrs-resolver 1.11.1 check)
npm warn install-scripts   @google/genai@1.52.0 (preinstall: echo 'preinstall: no-op')
npm warn install-scripts   esbuild@0.28.1 (postinstall: node install.js)
npm warn install-scripts   protobufjs@7.6.5 (postinstall: node scripts/postinstall)
npm warn install-scripts
npm warn install-scripts Run `npm install-scripts ls` to review, or `npm install-scripts approve <pkg>` to allow.
npm_ci_exit=0

=== tsc ===
tsc_exit=0

=== lint ===

> @agegr/pi-web@0.9.1 lint
> eslint .

lint_exit=0

=== lint_summary_only ===
lint_summary_only_exit=0

=== test ===

> @agegr/pi-web@0.9.1 test
> node --experimental-strip-types --test "app/**/*.test.mjs" "components/**/*.test.mjs" "hooks/**/*.test.mjs" "lib/**/*.test.mjs" "public/**/*.test.mjs"

✔ agent SSE starts sessions asynchronously and disables response buffering (3.011425ms)
✔ agent SSE reuses one TextEncoder per stream (0.689905ms)
✔ validated cwd responses include server-resolved project identity (61.37967ms)
✔ streamed responses are not content-type sniffable (2.14904ms)
✔ inline SVG is served with a script-blocking content security policy (0.40498ms)
✔ the restrictive headers are applied to every streamFile response shape (0.468289ms)
✔ file watching survives same-path replacement (2.01461ms)
✔ a missing target can be watched after its parent is authorized (0.571171ms)
✔ connected is emitted only after the watcher exists (0.45584ms)
✔ lists auto-discovered top-level extensions (31.061302ms)
✔ context route parses ?tail and ?before, excluding the boundary on paging (2.727434ms)
✔ context route: ?before pages upward without duplicating the boundary (4.517844ms)
✔ context route data reports when pagination reaches the root (3.065283ms)
✔ detail route parses ?tail: default 50, NaN-safe, capped at 1000 (5.062313ms)
✔ detail route bounds history to the tail window (default 50 over 5000 entries) (79.714238ms)
✔ detail route with an out-of-range tail still caps at 1000 (38.273706ms)
✔ list versions expose idle session creation, rename and deletion to other windows (243.59552ms)
✔ session listing returns a gzip-compressed response when the client accepts it (91.531193ms)
✔ deleting an unpersisted session shuts down its runtime and invalidates caches (16536.531124ms)
✔ session listing merges live registry snapshots and honors force refresh (0.59709ms)
✔ session reads use the live SessionManager before requiring a JSONL path (0.436396ms)
✔ detail reads probe disk only on force/mount and evict a stale idle wrapper (2.245293ms)
✔ live agent state is available before the session file is persisted (1.595733ms)
✔ deleting a session removes all persisted subagent descendants (993.45681ms)
✔ live detail and state routes work without a persisted JSONL file (19.076821ms)
✔ session detail returns a gzip-compressed response when the client accepts it (25.521964ms)
✔ profiles route creates, lists, and deletes a project profile (175.595104ms)
✔ profiles route keeps same-name global and project profiles independently editable (62.585256ms)
✔ profiles route rejects missing paths, malformed profiles, and unsafe names (23.833537ms)
✔ subagent route reads live state and accepts steer and abort actions (52.949606ms)
✔ subagent route validates actions and rejects commands after completion (19.617643ms)
✔ subagent GET returns 404 for an unknown session (15701.6449ms)
✔ settings route defaults off and persists both switch states (118.919779ms)
✔ settings route validates mutations (19.893538ms)
✔ settings route validates and persists concurrency (18.064015ms)
[web-auth] Password authentication failed; next attempt blocked for 1000ms
[web-auth] Password authentication failed; next attempt blocked for 1000ms
(node:2309837) [MODULE_TYPELESS_PACKAGE_JSON] Warning: Module type of file:///home/xupeng/dev/personal/forked/pi-web-lintclean-main/lib/auth-throttle.ts is not specified and it doesn't parse as CommonJS.
Reparsing as ES module because module syntax was detected. This incurs a performance overhead.
To eliminate this warning, add "type": "module" to /home/xupeng/dev/personal/forked/pi-web-lintclean-main/package.json.
(Use `node --trace-warnings ...` to show where the warning was created)
✔ logs in with one password and reports the signed session (29.545065ms)
✔ blocks further attempts after a failure, even with the right password (5.486869ms)
✔ logout clears the session cookie (3.617282ms)
✔ rejects cross-origin login attempts (6.051843ms)
✔ keeps the main session first and makes every agent session selectable (4.137997ms)
✔ sorts running subagents first and enables search only for larger families (2.797217ms)
✔ renders as a compact left-positioned dropdown without a centered inner width (0.444374ms)
✔ shows persisted completion states while live running state takes precedence (2.989735ms)
✔ keeps same-name profiles selectable by scope and groups writable sources first (10.208342ms)
✔ uses the shared enabled status treatment (0.626282ms)
✔ offers a persisted built-in sub-agent switch with explicit session reload (1.339354ms)
✔ marks profiles shadowed by a higher-precedence source (0.484674ms)
✔ treats global and project profiles as directly editable (2.66189ms)
✔ offers both writable scopes when creating a profile (0.845286ms)
✔ uses the shared sidebar action for new profiles (3.031838ms)
✔ sends the selected scope for saves and the source scope for deletes (0.352882ms)
✔ shows a Skills-style path row with the same switch in editable and readonly modes (0.443637ms)
✔ persists existing profile toggles immediately without submitting unsaved fields (4.06465ms)
✔ reuses the ChatInput model selector with scoped models (5.095626ms)
✔ renders the stable agent id as text outside create mode (2.926016ms)
✔ uses the same form controls for editable and readonly profiles (2.724425ms)
✔ shows disabled controls with a gray background (3.066507ms)
✔ keeps a larger resize corner when system instructions need a scrollbar (0.715102ms)
✔ duplicates any selected profile through the existing create flow (2.937281ms)
✔ places duplicate and delete immediately before the enabled switch (1.636045ms)
✔ confirms deletion and limits it to writable profiles (0.259842ms)
✔ plain text without escapes passes through unchanged (39.960775ms)
✔ 24-bit rgb foreground and background colors (7.577936ms)
✔ xterm 256-color palette (1.293326ms)
✔ standard 16 colors and full reset (1.389971ms)
✔ decoration codes render as styles (not dropped) (4.847364ms)
✔ widget text cannot inject HTML (escape_html) (1.391827ms)
✔ newlines inside text are preserved (3.580403ms)
✔ styles do not leak between complete widget snapshots (5.877132ms)
✔ 压缩后的会话仍可根据持久化消息数生成标题 (2.214691ms)
✔ 尚未落盘的会话不会触发依赖 JSONL 的自动命名 (0.560808ms)
✔ 会话落盘后会用服务端记录清除临时状态 (0.538962ms)
✔ only the active file tab mounts a FileViewer (2.858776ms)
✔ the active viewer restores tab state and saves it with a revision (0.729498ms)
✔ closing the file panel pauses the active viewer watcher (0.439837ms)
✔ keeps action icons inline in medium mobile sidebars (22.713614ms)
✔ uses a compact narrow-mobile toolbar with a floating action layer (1.636911ms)
✔ only renders the Agents switcher when the active session family has subagents (0.781932ms)
✔ keeps the Agents panel open while switching sessions and positions it at the left (0.769744ms)
✔ only renders branch toolbar controls for sessions with branches (0.497734ms)
✔ keeps covered statistics and file controls out of interaction and focus (0.835771ms)
✔ closes the mobile action layer on outside click, Escape, layout changes, and session changes (0.504023ms)
✔ keeps the mobile action layer open after using an expanded action (1.290481ms)
✔ keeps theme and language in settings instead of the chat toolbar (0.824687ms)
✔ prioritizes context and cost when the mobile statistics area narrows (1.291182ms)
✔ places trust warnings below the mobile toolbar and the file toggle in toolbar flow (0.564091ms)
✔ closes top-bar dropdowns when the file panel expands to full width (0.603054ms)
(node:2309953) [MODULE_TYPELESS_PACKAGE_JSON] Warning: Module type of file:///home/xupeng/dev/personal/forked/pi-web-lintclean-main/components/terminal-tab-state.ts is not specified and it doesn't parse as CommonJS.
Reparsing as ES module because module syntax was detected. This incurs a performance overhead.
To eliminate this warning, add "type": "module" to /home/xupeng/dev/personal/forked/pi-web-lintclean-main/package.json.
(Use `node --trace-warnings ...` to show where the warning was created)
✔ restored workspace tabs retain terminal identity and never request a new shell (40.303739ms)
✔ storage corruption cannot create invalid or duplicate terminal tabs (1.991332ms)
✔ explicit context changes invalidate a pending workspace restore (23.741592ms)
✔ all active-session transitions share one persistence effect (3.865198ms)
✔ keeps chat scroll positions in page memory by session id (3.740968ms)
✔ workspace restoration remains inside the cross-project branch (1.950862ms)
(node:2309962) ExperimentalWarning: stripTypeScriptTypes is an experimental feature and might change at any time
(Use `node --trace-warnings ...` to show where the warning was created)
▶ New restores the draft after session navigation and workspace auto-restore
  ✔ remembered session cwd: /draft-project (192.288409ms)
  ✔ remembered session cwd: /draft-project-worktree (30.685074ms)
✔ New restores the draft after session navigation and workspace auto-restore (272.423686ms)
✔ compressChain labels a chain by its first message entry (2.649936ms)
✔ compressChain skips non-message entries such as session_info (0.479563ms)
✔ compressChain labels a projected chain by its preview but selects its representative (2.20056ms)
✔ compressChain falls back to the chain end when no message entry exists (0.38228ms)
✔ selectTopLevelBranches returns all roots for multi-root trees (0.685708ms)
✔ selectTopLevelBranches returns children of the first branching node (0.438835ms)
✔ selectTopLevelBranches returns empty for a linear session (0.315829ms)
✔ hasSessionBranches distinguishes linear sessions from branched sessions (0.904525ms)
✔ selectTopLevelBranches works on preview-only server projections (0.620748ms)
✔ multi-root metadata chains use their user previews and assistant representatives (1.124774ms)
✔ buildActivePath finds the leaf on a 6000-deep linear chain without a stack overflow (233.323153ms)
✔ hasSessionBranches reports false for a linear chain (no branching) and true otherwise (15.756814ms)
✔ hasSessionBranches reports true for multiple root nodes (a branch from the first message) (0.438704ms)
✔ chat content keeps the existing 820px default behind one shared variable (8.783071ms)
✔ General chat settings own the chat width preference (0.684557ms)
✔ chat width validation preserves the default and supported range (0.368474ms)
✔ chat font size preserves the default and bounds stored or supplied values (0.392174ms)
✔ uses the rendered slash command order for selection indices (3.90978ms)
✔ anchors the mobile reasoning menu to its left edge (6.948643ms)
✔ keeps one thinking control and disables it while the session is busy (5.681155ms)
✔ shows the resolved level and treats auto as an uncommitted default (0.649206ms)
✔ session hook layers thinking like the model selector (1.323828ms)
✔ preserves pasted HTML links as Markdown without changing plain text layout (3.276535ms)
✔ follow-up shortcuts preserve newline, IME, mobile and completion behavior (674.66344ms)
✔ file mention arrows wrap around the match list (211.463852ms)
✔ cycleListIndex wraps in both directions (0.451851ms)
✔ shows the follow-up shortcut in the button tooltip (46.270892ms)
✔ renders the upstream model error (18.970374ms)
✔ does not render an empty model error (8.094898ms)
✔ renders enabledModels scope warnings (5.176416ms)
✔ keeps the model selector visible when a model error leaves no options (10.387192ms)
✔ renders the read-only tool preset as the active selection (3.235485ms)
✔ renders the empty tool preset as Chat only (5.094747ms)
✔ renders the compact composer with the standard Send button and no session controls (3.884557ms)
✔ shows and locks the optimistic model while a switch is pending (3.440876ms)
✔ filters model options by name and id (2.538202ms)
✔ renders the shared field model selector as a disabled gray control (5.955957ms)
✔ caps an upward menu to the visible space above its anchor (2.613905ms)
✔ file mention menu applies the measured upward height cap (1.137381ms)
✔ file mention menu remeasures when its layout container shifts the anchor (3.450737ms)
✔ compresses large images while preserving small images and GIFs (1.322972ms)
✔ recognizes exact slash commands for one-Enter submission (0.234218ms)
✔ clears a completed built-in only while its submitted input is unchanged (0.293174ms)
✔ locks built-in command submission until it settles (132.893148ms)
✔ keeps only read-only built-ins available while a run is active (0.506687ms)
✔ restores text and base64 images when editing a user message (2.249132ms)
✔ restores legacy flat image entries when editing a user message (0.333519ms)
✔ does not restore a historical message over a pending image attachment (0.23073ms)
✔ restores a cleared submission using the queued React state (0.313054ms)
✔ keeps a failed first submission recoverable across a composer remount (0.409967ms)
✔ preserves duplicate image attachments when restoring a submission (2.793354ms)
✔ moves a provisional new-session draft to the real session key (0.830285ms)
✔ rekey keeps a synchronously restored draft when React state is still empty (0.259106ms)
✔ renders compact errors above the input as a wrapping alert (7.396951ms)
✔ modelSupportsImageInput warns only when modality info is known and lacks image (2.704023ms)
✔ renders image warnings for known text-only defaults without an explicit model selection (41.079371ms)
✔ renders math in headings without disabling heading navigation (225.802676ms)
✔ confines extension overlays to the content region above the composer (4.639909ms)
✔ adds collapse without replacing cancel (0.960321ms)
✔ renders extension confirmation and options as markdown (2.148738ms)
✔ preserves title newlines like pi's TUI and keeps long titles from hiding the body (4.165266ms)
✔ resets collapse state when a new extension request arrives (1.1353ms)
✔ renders temporary notices once at the top right of the chat column (2.761202ms)
✔ pauses only for a visible notice (0.450411ms)
✔ lets keyboard users pause and scroll long notices (1.30508ms)
✔ expands process details when a completed turn has no final answer (2.177426ms)
✔ offers compact quoting controls and sends branch questions through the main chat (23.972374ms)
✔ sorts status text by hidden key like the Pi CLI footer (26.457259ms)
✔ preserves status line breaks while normalizing horizontal whitespace (0.410687ms)
✔ preserves explicit status lines without wrapping and scrolls long or tall output (16.275281ms)
✔ renders a single status line without identifier keys (21.478769ms)
✔ renders widgets and status text in one footer (8.254715ms)
✔ renders short extension widgets without a truncation marker (48.9354ms)
✔ collapses long widgets by default (3.92151ms)
✔ keeps all widget lines available for the scrollable expanded panel (2.790125ms)
✔ keeps compact widgets expanded by default (3.588224ms)
✔ expands at most one compact widget (8.217874ms)
✔ switching widgets closes the previously expanded widget (0.462222ms)
✔ detects only existing widgets whose line content changed (4.561909ms)
✔ compares widget lines without delimiter collisions (0.41576ms)
✔ keeps one-line widgets compact but expandable (5.609978ms)
✔ keeps empty widgets non-interactive (4.741245ms)
✔ ImageViewer pauses its watcher and synchronizes after connecting (2.75441ms)
✔ AudioViewer pauses its watcher and synchronizes after connecting (0.40437ms)
✔ VideoViewer pauses its watcher and synchronizes after connecting (0.306843ms)
✔ DocumentViewer pauses its watcher and synchronizes after connecting (0.397878ms)
✔ TextFileViewer pauses its watcher and synchronizes after connecting (0.328217ms)
✔ FileViewer forwards watcher state to every viewer implementation (0.44288ms)
✔ TextFileViewer snapshots and restores lightweight tab state (0.638911ms)
✔ TextFileViewer keeps first-mount preview eligibility across Strict Effects cleanup (0.607582ms)
✔ markdown table tokens stay inline despite Tailwind's table utility (62.11928ms)
✔ large source previews bypass the per-line syntax highlighter (2.338611ms)
✔ lightweight source rows are skipped for highlighted, diff, and preview views (747.467234ms)
✔ composer attachments open in the shared preview with a separate remove button (15.404381ms)
✔ uses a native modal dialog and restores focus to its trigger (1.601277ms)
✔ Escape closes image preview without reaching global shortcuts (1.46596ms)
✔ closes only when the backdrop itself is clicked (0.512201ms)
✔ keeps the preview and Pi-style close button inside mobile safe areas (1.247991ms)
✔ opens non-file markdown links in a safe new tab (131.93216ms)
✔ keeps local file markdown links in the app (40.15191ms)
✔ keeps file URLs inert without an in-app file handler (13.778021ms)
✔ keeps single-tilde CJK numeric ranges literal instead of striking them (16.334908ms)
✔ still renders double-tilde strikethrough (11.350079ms)
✔ renders backslash-escaped backticks inside inline code (6.134924ms)
✔ renders LaTeX parenthesis delimiters as inline math (47.552851ms)
✔ renders paired LaTeX bracket delimiters as display math (52.212713ms)
✔ renders model-emitted bracket-only formula lines as display math (58.911771ms)
✔ leaves an unmatched LaTeX bracket delimiter unchanged (0.748981ms)
✔ does not normalize LaTeX delimiters inside Markdown code (0.378092ms)
✔ does not normalize LaTeX delimiters inside raw HTML code (2.405287ms)
✔ does not normalize escaped delimiters or link destinations (0.283174ms)
✔ previews completed Mermaid diagrams by default (10.155324ms)
✔ keeps Mermaid source visible while the response is streaming (6.554059ms)
✔ opens markdown images in the shared image preview (13.451232ms)
✔ keeps linked markdown images as links instead of nested preview buttons (4.628137ms)
✔ uses a generic preview label when a markdown image has no alt text (3.383887ms)
✔ MermaidBlock renders source by default (73.003465ms)
✔ MermaidBlock can render preview by default (3.503996ms)
✔ MermaidBlock with isStreaming falls back to source view (7.370751ms)
✔ MermaidBlock renders empty graph without error (6.248969ms)
✔ CodeBlock highlights code when not streaming (82.586857ms)
✔ CodeBlock renders plain text without tokenization while streaming (3.824257ms)
✔ MermaidBlock handles Chinese characters in diagram (6.663431ms)
✔ downloadMermaidSvg downloads XML-serialized SVG and releases its URL (36.556489ms)
✔ updates a reused message when its written files change (5.177021ms)
✔ matches response model aliases and otherwise includes the provider (2.068326ms)
✔ previews the first thinking line and reveals the full text with the saved default (54.990469ms)
✔ shows deferred thinking previews without loading the full content (6.591493ms)
✔ marks only the matched text block after splitting thinking and the final answer (74.264791ms)
✔ keeps streamed tool input out of collapsed markup while counting it (4.091912ms)
✔ renders subagents as standard tool calls with only an extra session button (5.995818ms)
✔ renders a provider error when the assistant message has no content (2.536345ms)
✔ renders partial assistant content before the provider error (5.91828ms)
✔ marks persisted assistant messages with their source entry (4.571746ms)
✔ renders a complete SDK skill expansion as a compact command (3.578492ms)
✔ does not collapse incomplete skill-looking user text (11.000402ms)
✔ keeps attached images when restoring a compact command for editing (1.948686ms)
✔ renders user-message images as buttons that open a larger preview (82.843287ms)
✔ marks apply_patch returned failures as errors even when isError is unset (7.621062ms)
✔ renders custom-message images as buttons that open a larger preview (5.587289ms)
✔ shows tool-result images while the tool details stay collapsed (3.791631ms)
✔ configures iOS standalone mode to use the full screen (7.06409ms)
✔ tracks the visual viewport while the software keyboard is open (5.865783ms)
✔ contains chat content and inputs within the mobile viewport (3.63715ms)
✔ prevents iOS focus zoom from widening the layout (1.071794ms)
✔ keeps modal dialogs clear of the iOS status bar in standalone mode (3.722169ms)
✔ uses shared sidebar sizing for providers and matching indented model rows (4.629745ms)
✔ ignores malformed auth provider responses (0.432514ms)
✔ custom model config exposes provider-level request headers (0.651425ms)
✔ custom model config exposes model headers and supportsDeveloperRole compat flag (0.43825ms)
✔ disabling the developer role writes an explicit false override (1.766532ms)
✔ editing a header preserves row order and stable identities (0.934803ms)
✔ blank header drafts are omitted until they have a name (0.367253ms)
✔ model cost drafts default blank prices to zero unless all are blank (0.998868ms)
✔ manual price editing commits completed costs and removes only an all-blank group (1.372606ms)
✔ model specs keep catalog-filled prices visible outside advanced settings (1.132284ms)
✔ per-model settings use one primary divider before advanced settings (0.632835ms)
✔ thinking level overrides keep explicit default, disabled, and custom controls (0.737587ms)
✔ provides a debounced file search UI and opens selected results (7.711605ms)
✔ renders search results with the existing expandable file tree (0.450878ms)
✔ search result rows offer mention and download actions like the file tree (1.950072ms)
✔ keeps search on the bounded index and reports request failures (0.592437ms)
✔ custom cwd selection installs validated identity before changing cwd (3.233173ms)
✔ custom cwd selection remembers the last validated path for the picker (1.68513ms)
✔ scrolling keeps the focused session and the viewport mounted without expanding the whole window (114.097466ms)
✔ session windows stay valid after a project shrinks and before the viewport is measured (0.456114ms)
✔ only Shift+click bypasses session deletion confirmation (0.89606ms)
✔ persists and exposes a vertical session/explorer resize handle (4.162092ms)
✔ does not register row-level session deletion shortcuts (0.416015ms)
✔ polls running sessions only while the tab is visible (0.426536ms)
✔ exposes the polled running-session set to the shell (0.355903ms)
✔ exposes the loaded session catalog to the shell (0.475064ms)
✔ subagent completion stays silent and never becomes unread (2.485954ms)
✔ includes project activity counts in accessible labels (0.605859ms)
✔ formats session timestamps with the active locale (0.289391ms)
✔ does not persist an unchanged fallback title ending in whitespace (0.369338ms)
✔ offers the downstream context-menu hook only on a normal session row (2.56371ms)
✔ lifecycle refreshes bypass the cache while cross-window polling reuses it (5.354851ms)
✔ does not expose disk-backed actions for transient sessions (0.229386ms)
✔ hides subagent rows and aggregates their state into the main session row (0.417749ms)
✔ uses the server-resolved current worktree identity (6.898903ms)
✔ opens one settings panel from direct sidebar shortcuts (4.936133ms)
✔ keeps every requested configuration surface inside the settings panel (0.833219ms)
✔ restores the settings section and each list detail selection (23.711241ms)
✔ keeps visited settings sections mounted and contains nested Escape handling (7.2468ms)
✔ offers five palettes and system theme selection with native radios (2.945908ms)
✔ keeps language selection in General settings (0.634199ms)
✔ groups chat display controls together without row backgrounds (0.988854ms)
✔ keeps General free of divider rows (3.347442ms)
✔ uses top navigation on desktop and one compact section picker on mobile (3.81363ms)
✔ labels agent profiles as sub-agents (1.227546ms)
✔ uses the child-session robot glyph for the sub-agents tab (0.940978ms)
✔ uses the compact controls glyph for General (2.112788ms)
✔ keeps password authentication to one login field and one settings action (0.76431ms)
✔ provides one template for config layout and controls (4.689104ms)
✔ loads settings presentation from its dedicated stylesheet (0.620908ms)
✔ all four settings sections use the shared list-detail layout (0.951568ms)
✔ all subpanel sidebars share one typography scale (0.864534ms)
✔ skills and sub-agents share interactive sidebar rows (1.063947ms)
✔ all shared config sidebar items use a fixed 30px height (0.580319ms)
✔ plugin sidebar rows omit detail metadata (0.660532ms)
✔ skill scope group labels are localized (0.56581ms)
✔ all subpanel detail panes share one content hierarchy (1.196751ms)
✔ detail header actions keep buttons and switches aligned to the right (1.122239ms)
✔ keeps shared static presentation in the stylesheet (1.178512ms)
✔ embedded sections do not repeat Settings close actions (0.37818ms)
✔ subpanel footers share sizing while maintenance actions stay secondary (1.275675ms)
✔ skills, agents, and plugins share enabled and disabled controls (0.477999ms)
✔ lists active skills before dormant skills while preserving their order (12.630758ms)
✔ renders dormant skills directly without a collapsible section (0.826183ms)
(node:2310520) [MODULE_TYPELESS_PACKAGE_JSON] Warning: Module type of file:///home/xupeng/dev/personal/forked/pi-web-lintclean-main/lib/terminal-client.ts is not specified and it doesn't parse as CommonJS.
Reparsing as ES module because module syntax was detected. This incurs a performance overhead.
To eliminate this warning, add "type": "module" to /home/xupeng/dev/personal/forked/pi-web-lintclean-main/package.json.
(Use `node --trace-warnings ...` to show where the warning was created)
✔ terminal errors preserve server diagnostics and explain non-JSON responses (124.936893ms)
✔ a delayed input request cannot be overtaken by typing or resize (17.516207ms)
✔ large Unicode pastes preserve characters while bounding input requests (12.0799ms)
✔ typing during a slow request is batched into the next ordered write (4.059358ms)
✔ failed or stopped delivery discards queued input without retrying commands (3.510462ms)
✔ keeps System and Tools in separate adjacent toolbar actions (18.837515ms)
✔ renders active tool definitions in a selectable master-detail layout (0.483571ms)
✔ shows schema fields and metadata in the detail form (0.347095ms)
✔ preserves the two-column layout on narrow screens (0.6551ms)
✔ renders a button per file showing the basename and full path (25.447742ms)
✔ renders nothing when no files were written (1.023409ms)
(node:2310553) [MODULE_TYPELESS_PACKAGE_JSON] Warning: Module type of file:///home/xupeng/dev/personal/forked/pi-web-lintclean-main/components/file-tab-state.ts is not specified and it doesn't parse as CommonJS.
Reparsing as ES module because module syntax was detected. This incurs a performance overhead.
To eliminate this warning, add "type": "module" to /home/xupeng/dev/personal/forked/pi-web-lintclean-main/package.json.
(Use `node --trace-warnings ...` to show where the warning was created)
✔ saving viewer state updates only the matching revision (3.501765ms)
✔ opening an existing tab normally preserves its state and revision (0.777018ms)
✔ changing the source session remounts the viewer without losing its state (0.488485ms)
✔ opening from the same source session preserves the viewer revision (0.73584ms)
✔ changing source while forcing diff increments the revision once (0.433357ms)
✔ every explicit diff activation resets the mode and increments the revision (1.235965ms)
✔ a remounted viewer ignores the previous revision's late cleanup (0.351411ms)
✔ model-load failures stay visible through bounded retries and clear on recovery (191.908171ms)
✔ cancelling model loads prevents state writes and further retries (44.34488ms)
✔ new-session startup sends only explicit browser overrides (13.36746ms)
✔ new-session startup adopts server state only while explicit overrides are unchanged (0.551173ms)
✔ model-list refresh does not overwrite a live session or explicit thinking override (0.454792ms)
✔ existing-session model changes are optimistic and serialized (4.611323ms)
✔ session reloads cannot clear an in-flight optimistic model (0.403413ms)
✔ a completed model switch reloads canonical session state and reports failures (3.361506ms)
✔ keeps the session event stream open through the idle grace window (9.25999ms)
✔ a rejected submission preserves a different run reported by the server (3.301098ms)
✔ opening System or Tools lazily starts a dormant session without sending a prompt (1.059258ms)
✔ new-session promotion rekeys drafts before publishing the real session (3.229271ms)
✔ fresh sessions use the preference while persisted and live sessions restore their selection (3.748755ms)
✔ only the session-mount load probes disk for external appends (1.001867ms)
✔ first user messages expose both branch actions and edit before their own entry (3.252588ms)
✔ an empty persisted session displays the model it will use on first send (7.538309ms)
✔ the selector prefers the live wrapper model over persisted response metadata (1.57519ms)
✔ existing-session prompts rely on the persisted tool selection (3.197509ms)
✔ submission recovery updates live refs before a possible session rekey (1.066022ms)
✔ stale fresh-session completion cannot replace the active composer (3.123228ms)
✔ abandoned fresh-session drafts are cleared and cannot be recreated by late rejection (0.736902ms)
✔ streaming submissions cannot be stranded in an idle direct queue (0.472662ms)
✔ built-in clone switches to the independent child session (2.863602ms)
✔ post-accept prompt errors do not duplicate the user submission (0.377292ms)
✔ delegates event stream readiness and hides an empty agent phase (0.582827ms)
✔ uses one absolute agent-readiness deadline instead of a five-second transport deadline (0.218077ms)
✔ uses server pagination state instead of guessing from rendered rows (3.234689ms)
✔ keeps the selected session warm while idle and renews its lease (1.273233ms)
✔ keeps one reducer-owned assistant partial and consumes Pi JSON deltas (2.559148ms)
✔ restoring a running session does not clear an SSE snapshot (0.355574ms)
✔ shows the latest streamed tool execution progress in the running phase (2.527201ms)
✔ reconnects active shell output to its streaming tool call (0.557667ms)
✔ plays the enabled sound once for each extension dialog (0.253137ms)
✔ suppresses sounds and browser attention for the active subagent session (0.508295ms)
✔ routes blocking extension requests through deduplicated browser attention notifications (4.951939ms)
✔ keeps live following cancellable when the user scrolls away from the tail (4.777819ms)
✔ restores an in-page session viewport without the default tail jump (1.096891ms)
✔ keeps a newly sent user message at the top while its response starts (1.699401ms)
✔ keeps prompt anchor measurement outside the React update cycle (3.762371ms)
✔ uses the prompt anchor as the only trailing message spacer (0.57974ms)
✔ keeps a detached viewport in place when streaming completes (2.869902ms)
✔ vertical panels use vertical pointer movement, cursor, keys, and separator orientation (5.297899ms)
✔ resized values continue to persist and reset through the shared panel contract (3.992333ms)
✔ uses the visual viewport for a focused editor when the keyboard shrinks it (4.330523ms)
✔ does not keep the keyboard height after the visual viewport restores (0.394394ms)
✔ restores the dynamic height as soon as the editor loses focus (2.575806ms)
✔ does not mistake pinch zoom for an open keyboard (0.31669ms)
✔ keeps the dynamic viewport height when the visual viewport is not reduced (0.325971ms)
✔ agent command HTTP rejections are distinguishable from transport failures (103.157393ms)
✔ only an explicit negative prompt acknowledgement is definitive (0.695588ms)
✔ shares one source and waits past the former transport deadline (27.854149ms)
✔ times out all waiters and closes the stalled source (13.89369ms)
✔ manual close rejects waiters and isolates late events (6.044355ms)
✔ surfaces startup errors without retrying or dispatching them (13.025545ms)
✔ replaces a previously connected CONNECTING source only once (7.494338ms)
✔ passive maintenance retries a transient failure once (24.678779ms)
✔ an explicit startup error cancels a pending passive retry (12.237372ms)
✔ dropped demand, session switches, and close cannot revive an old retry (32.419208ms)
✔ opens the transport before a slow session is ready and snapshots after subscribing (111.290462ms)
✔ reports a startup failure in-band after opening the transport (4.922307ms)
✔ does not subscribe when the client cancels during startup (17.977768ms)
✔ session_shutdown from a live wrapper closes the SSE stream (4.070348ms)
✔ does not subscribe when the wrapper died before the snapshot (2.243481ms)
✔ closes an already-aborted request and handles a later startup rejection (4.492182ms)
✔ projects message_update onto Pi 0.84's JSON/RPC delta shape (11.014985ms)
✔ keeps tool identity on toolcall_start without sending the cumulative partial (2.83134ms)
✔ refreshes late tool identity on toolcall_delta (3.243893ms)
✔ does not whitelist assistant delta event types (0.389158ms)
✔ rejects a malformed message_update without breaking the stream (0.402052ms)
✔ recognizes only the in-flight event already covered by a snapshot (2.013039ms)
✔ keeps the existing event omissions and slim agent_end (0.581057ms)
✔ forwards tool execution progress without repeating tool arguments (2.627794ms)
✔ serialized streaming traffic grows linearly with response length (1.271597ms)
✔ serialized tool-input traffic grows linearly with write content (4.017871ms)
(node:2310747) [MODULE_TYPELESS_PACKAGE_JSON] Warning: Module type of file:///home/xupeng/dev/personal/forked/pi-web-lintclean-main/lib/ansi.ts is not specified and it doesn't parse as CommonJS.
Reparsing as ES module because module syntax was detected. This incurs a performance overhead.
To eliminate this warning, add "type": "module" to /home/xupeng/dev/personal/forked/pi-web-lintclean-main/package.json.
(Use `node --trace-warnings ...` to show where the warning was created)
✔ strips ANSI escape sequences (195.647699ms)
✔ normalizes boxed custom panel lines while preserving ANSI codes (2.205282ms)
✔ removes pi-tui cursor markers from custom panel output (2.332827ms)
✔ detects newer stable Pi Web versions (5.516825ms)
✔ does not report equal, older, or unsupported versions as updates (4.65522ms)
✔ builds a release-notes URL only for stable versions (0.460923ms)
✔ extractApplyPatchPaths lists every file operation in order, deduped (4.098402ms)
✔ getApplyPatchInputText prefers the structured input field (0.45404ms)
✔ parseApplyPatchInput handles add, delete, and update with move in one call (2.447574ms)
✔ parseApplyPatchInput tolerates truncated streaming input and rejects non-patches (0.599895ms)
✔ applyPatchPreviewToFiles converts the extension result preview with real line numbers (1.32315ms)
✔ applyPatchPreviewToFiles keeps move targets and rejects malformed previews (3.011729ms)
✔ applyPatchResultHasFailures reads the extension's returned failure list (0.448981ms)
✔ getApplyPatchAppliedFiles returns landed paths or null when absent (1.33109ms)
(node:2310795) [MODULE_TYPELESS_PACKAGE_JSON] Warning: Module type of file:///home/xupeng/dev/personal/forked/pi-web-lintclean-main/lib/atomic-file.ts is not specified and it doesn't parse as CommonJS.
Reparsing as ES module because module syntax was detected. This incurs a performance overhead.
To eliminate this warning, add "type": "module" to /home/xupeng/dev/personal/forked/pi-web-lintclean-main/package.json.
(Use `node --trace-warnings ...` to show where the warning was created)
✔ atomically replaces a file with restrictive permissions (9.778076ms)
✔ keeps the destination and removes the temporary file when replacement fails (3.665603ms)
(node:2310801) [MODULE_TYPELESS_PACKAGE_JSON] Warning: Module type of file:///home/xupeng/dev/personal/forked/pi-web-lintclean-main/lib/auth-throttle.ts is not specified and it doesn't parse as CommonJS.
Reparsing as ES module because module syntax was detected. This incurs a performance overhead.
To eliminate this warning, add "type": "module" to /home/xupeng/dev/personal/forked/pi-web-lintclean-main/package.json.
(Use `node --trace-warnings ...` to show where the warning was created)
✔ allows attempts until the first failure (4.988128ms)
✔ doubles the delay on each failure and caps at the maximum (4.170782ms)
✔ reports the remaining block time and lifts it when it expires (0.559643ms)
✔ forgets failures once they are older than the reset window (0.347127ms)
✔ success clears the counter and the block (2.69637ms)
✔ Retry-After rounds up to whole seconds and is at least one (0.419555ms)
✔ shares one global state across module instances (13.190606ms)
(node:2310828) [MODULE_TYPELESS_PACKAGE_JSON] Warning: Module type of file:///home/xupeng/dev/personal/forked/pi-web-lintclean-main/lib/bash-output.ts is not specified and it doesn't parse as CommonJS.
Reparsing as ES module because module syntax was detected. This incurs a performance overhead.
To eliminate this warning, add "type": "module" to /home/xupeng/dev/personal/forked/pi-web-lintclean-main/package.json.
(Use `node --trace-warnings ...` to show where the warning was created)
✔ accepts only pi bash logs directly inside the configured temp directory (119.141145ms)
✔ reads small output and rejects oversized inline output before buffering it (49.949716ms)
✔ rejects symbolic links when opening bash output (10.913585ms)
(node:2310835) [MODULE_TYPELESS_PACKAGE_JSON] Warning: Module type of file:///home/xupeng/dev/personal/forked/pi-web-lintclean-main/lib/bounded-form-data.ts is not specified and it doesn't parse as CommonJS.
Reparsing as ES module because module syntax was detected. This incurs a performance overhead.
To eliminate this warning, add "type": "module" to /home/xupeng/dev/personal/forked/pi-web-lintclean-main/package.json.
(Use `node --trace-warnings ...` to show where the warning was created)
✔ rejects a declared oversized request before reading its body (361.240041ms)
✔ stops a chunked request once its body exceeds the limit (15.623298ms)
✔ parses multipart data inside the request limit (31.654393ms)
(node:2310846) [MODULE_TYPELESS_PACKAGE_JSON] Warning: Module type of file:///home/xupeng/dev/personal/forked/pi-web-lintclean-main/lib/browser-notifications.ts is not specified and it doesn't parse as CommonJS.
Reparsing as ES module because module syntax was detected. This incurs a performance overhead.
To eliminate this warning, add "type": "module" to /home/xupeng/dev/personal/forked/pi-web-lintclean-main/package.json.
(Use `node --trace-warnings ...` to show where the warning was created)
✔ uses a service worker notification when a registration is available (220.455319ms)
✔ falls back to a page notification and wires its click handler (3.910877ms)
✔ silently skips notification when neither delivery mechanism works (0.72493ms)
✔ shows notifications when the page is hidden (1.446322ms)
✔ shows notifications when the visible page is unfocused (0.749828ms)
✔ skips notifications only when the visible page is focused (3.107818ms)
✔ claims only blocking extension requests and deduplicates their ids (7.018576ms)
(node:2310852) [MODULE_TYPELESS_PACKAGE_JSON] Warning: Module type of file:///home/xupeng/dev/personal/forked/pi-web-lintclean-main/lib/chat-lazy-load.ts is not specified and it doesn't parse as CommonJS.
Reparsing as ES module because module syntax was detected. This incurs a performance overhead.
To eliminate this warning, add "type": "module" to /home/xupeng/dev/personal/forked/pi-web-lintclean-main/package.json.
(Use `node --trace-warnings ...` to show where the warning was created)
✔ shows only the last visible render items (169.048291ms)
✔ shows all render items when the visible count reaches the total (0.667006ms)
✔ continues paging when render items outnumber source messages (0.698703ms)
✔ restores the viewport after prepending content (1.106539ms)
✔ restores top and bottom boundary positions (0.812744ms)
✔ treats only the real message tail as live-follow attached (3.257617ms)
✔ prompt anchor spacer uses the rendered content end (2.02201ms)
✔ prompt anchor spacer includes the viewport deficit for short conversations (5.154212ms)
✔ prompt anchor spacer clamps at zero once content can reach the target (2.125246ms)
✔ prompt anchor spacer rounds fractional layout measurements up (2.755468ms)
✔ streaming content consumes the prompt anchor before advancing the tail (0.49925ms)
✔ Chat only disables optional resources but retains Pi context discovery (11.214837ms)
✔ Chat only preserves Pi context-file order without filtering CLAUDE files (6.090708ms)
(node:2310875) [MODULE_TYPELESS_PACKAGE_JSON] Warning: Module type of file:///home/xupeng/dev/personal/forked/pi-web-lintclean-main/lib/chat-scroll-position.ts is not specified and it doesn't parse as CommonJS.
Reparsing as ES module because module syntax was detected. This incurs a performance overhead.
To eliminate this warning, add "type": "module" to /home/xupeng/dev/personal/forked/pi-web-lintclean-main/package.json.
(Use `node --trace-warnings ...` to show where the warning was created)
✔ anchors the most recent turn that started before the viewport (109.40263ms)
✔ falls back to the last message when the viewport is below all candidates (0.80188ms)
✔ uses the first turn when the viewport starts above it (0.610287ms)
✔ returns null when the conversation has no anchor candidates (0.614171ms)
(node:2310881) [MODULE_TYPELESS_PACKAGE_JSON] Warning: Module type of file:///home/xupeng/dev/personal/forked/pi-web-lintclean-main/lib/compaction-summary.ts is not specified and it doesn't parse as CommonJS.
Reparsing as ES module because module syntax was detected. This incurs a performance overhead.
To eliminate this warning, add "type": "module" to /home/xupeng/dev/personal/forked/pi-web-lintclean-main/package.json.
(Use `node --trace-warnings ...` to show where the warning was created)
✔ separates pi file metadata tags from the visible compaction summary (4.71638ms)
✔ leaves normal summaries unchanged (0.568988ms)
✔ keeps file-like tags that are part of the summary body (0.38213ms)
(node:2310889) [MODULE_TYPELESS_PACKAGE_JSON] Warning: Module type of file:///home/xupeng/dev/personal/forked/pi-web-lintclean-main/lib/custom-ui-terminal.ts is not specified and it doesn't parse as CommonJS.
Reparsing as ES module because module syntax was detected. This incurs a performance overhead.
To eliminate this warning, add "type": "module" to /home/xupeng/dev/personal/forked/pi-web-lintclean-main/package.json.
(Use `node --trace-warnings ...` to show where the warning was created)
✔ headless custom UI exposes stable terminal dimensions (121.322123ms)
✔ headless custom UI supports plugin rendering and render requests (0.919721ms)
(node:2310890) [MODULE_TYPELESS_PACKAGE_JSON] Warning: Module type of file:///home/xupeng/dev/personal/forked/pi-web-lintclean-main/lib/directory-browser.ts is not specified and it doesn't parse as CommonJS.
Reparsing as ES module because module syntax was detected. This incurs a performance overhead.
To eliminate this warning, add "type": "module" to /home/xupeng/dev/personal/forked/pi-web-lintclean-main/package.json.
(Use `node --trace-warnings ...` to show where the warning was created)
✔ lists directories and directory symlinks without returning files (403.523605ms)
✔ expands home-relative paths and rejects missing directories (11.808369ms)
✔ builds every Windows drive-letter candidate (1.27534ms)
✔ finds parent directories across POSIX and Windows paths (1.000933ms)
✔ rejects an existing path that escapes an allowed root through a symlink (77.39749ms)
(node:2310924) [MODULE_TYPELESS_PACKAGE_JSON] Warning: Module type of file:///home/xupeng/dev/personal/forked/pi-web-lintclean-main/lib/file-dirent.ts is not specified and it doesn't parse as CommonJS.
Reparsing as ES module because module syntax was detected. This incurs a performance overhead.
To eliminate this warning, add "type": "module" to /home/xupeng/dev/personal/forked/pi-web-lintclean-main/package.json.
(Use `node --trace-warnings ...` to show where the warning was created)
✔ uses Dirent types for regular files and directories (89.633234ms)
✔ falls back to stat when the Dirent type is unknown (3.03089ms)
✔ follows directory symlinks and skips dangling symlinks (1.678716ms)
✔ defaults to an open file explorer (4.437757ms)
✔ saves and restores the file explorer panel state (2.955912ms)
✔ falls back to open when browser storage is unavailable (0.624795ms)
✔ falls back when accessing browser storage throws (0.579656ms)
(node:2310946) [MODULE_TYPELESS_PACKAGE_JSON] Warning: Module type of file:///home/xupeng/dev/personal/forked/pi-web-lintclean-main/lib/file-fuzzy.ts is not specified and it doesn't parse as CommonJS.
Reparsing as ES module because module syntax was detected. This incurs a performance overhead.
To eliminate this warning, add "type": "module" to /home/xupeng/dev/personal/forked/pi-web-lintclean-main/package.json.
(Use `node --trace-warnings ...` to show where the warning was created)
✔ builds closed file mentions and quotes paths containing spaces (132.856201ms)
✔ builds line-scoped file mentions (0.747963ms)
(node:2310952) [MODULE_TYPELESS_PACKAGE_JSON] Warning: Module type of file:///home/xupeng/dev/personal/forked/pi-web-lintclean-main/lib/file-links.ts is not specified and it doesn't parse as CommonJS.
Reparsing as ES module because module syntax was detected. This incurs a performance overhead.
To eliminate this warning, add "type": "module" to /home/xupeng/dev/personal/forked/pi-web-lintclean-main/package.json.
(Use `node --trace-warnings ...` to show where the warning was created)
✔ opens local files for plain, Command, and Ctrl left clicks (229.15444ms)
✔ leaves secondary modified and non-left clicks to the browser (0.64321ms)
✔ resolves absolute markdown file links and strips line suffixes (3.276918ms)
✔ resolves absolute file links outside cwd (1.115054ms)
✔ resolves relative markdown file links against cwd (1.354919ms)
✔ does not let relative links escape cwd (0.991795ms)
✔ resolves preview links from the file directory within the project root (0.96212ms)
✔ does not treat app or external URLs as file links (2.013308ms)
✔ decodes file URL paths once after parsing URL delimiters (2.632121ms)
✔ resolves Windows file URLs without a synthetic leading slash (2.971021ms)
✔ resolves UNC file URLs and backslash UNC paths (0.698597ms)
✔ encodeFilePathForApi keeps a UNC root inside the first segment (70.17794ms)
✔ encodeFilePathForApi encodes drive and POSIX paths per segment (1.804326ms)
✔ getFileName and getFileDirectory handle UNC paths (1.724551ms)
✔ joinFilePath preserves the UNC root (1.88808ms)
✔ getRelativeFilePath strips a UNC cwd prefix (1.930479ms)
(node:2310963) [MODULE_TYPELESS_PACKAGE_JSON] Warning: Module type of file:///home/xupeng/dev/personal/forked/pi-web-lintclean-main/lib/file-types.ts is not specified and it doesn't parse as CommonJS.
Reparsing as ES module because module syntax was detected. This incurs a performance overhead.
To eliminate this warning, add "type": "module" to /home/xupeng/dev/personal/forked/pi-web-lintclean-main/package.json.
(Use `node --trace-warnings ...` to show where the warning was created)
✔ detects image, audio, and document preview paths (177.526557ms)
✔ detects video preview paths and treats webm as video (0.83617ms)
✔ extracts extensions from mixed path styles (0.66441ms)
(node:2310983) [MODULE_TYPELESS_PACKAGE_JSON] Warning: Module type of file:///home/xupeng/dev/personal/forked/pi-web-lintclean-main/lib/file-upload.ts is not specified and it doesn't parse as CommonJS.
Reparsing as ES module because module syntax was detected. This incurs a performance overhead.
To eliminate this warning, add "type": "module" to /home/xupeng/dev/personal/forked/pi-web-lintclean-main/package.json.
(Use `node --trace-warnings ...` to show where the warning was created)
✔ validates upload names without accepting paths or duplicates (175.301361ms)
✔ finds conflicts and prevents replacing directories (5.066024ms)
✔ prevents replacing symbolic links (1.958194ms)
✔ parses only supported conflict strategies (0.921925ms)
(node:2310993) [MODULE_TYPELESS_PACKAGE_JSON] Warning: Module type of file:///home/xupeng/dev/personal/forked/pi-web-lintclean-main/lib/file-viewer-state.ts is not specified and it doesn't parse as CommonJS.
Reparsing as ES module because module syntax was detected. This incurs a performance overhead.
To eliminate this warning, add "type": "module" to /home/xupeng/dev/personal/forked/pi-web-lintclean-main/package.json.
(Use `node --trace-warnings ...` to show where the warning was created)
✔ a restored display mode wins over a stale open hint (7.092505ms)
✔ the open hint is used only before viewer state has been saved (0.40833ms)
(node:2311011) [MODULE_TYPELESS_PACKAGE_JSON] Warning: Module type of file:///home/xupeng/dev/personal/forked/pi-web-lintclean-main/lib/frontmatter.ts is not specified and it doesn't parse as CommonJS.
Reparsing as ES module because module syntax was detected. This incurs a performance overhead.
To eliminate this warning, add "type": "module" to /home/xupeng/dev/personal/forked/pi-web-lintclean-main/package.json.
(Use `node --trace-warnings ...` to show where the warning was created)
▶ parseFrontmatter
  ✔ accepts the same common fence variants as remark-frontmatter (11.563789ms)
  ✔ removes an empty or malformed fenced block from the returned body (1.881217ms)
  ✔ leaves documents without a leading frontmatter block untouched (0.332156ms)
✔ parseFrontmatter (19.251339ms)
▶ frontmatter value formatting
  ✔ does not recurse forever through YAML aliases (1.394287ms)
  ✔ uses scalar titles and leaves structured titles for the metadata rows (0.535867ms)
✔ frontmatter value formatting (2.412357ms)
(node:2311019) [MODULE_TYPELESS_PACKAGE_JSON] Warning: Module type of file:///home/xupeng/dev/personal/forked/pi-web-lintclean-main/lib/git-status.ts is not specified and it doesn't parse as CommonJS.
Reparsing as ES module because module syntax was detected. This incurs a performance overhead.
To eliminate this warning, add "type": "module" to /home/xupeng/dev/personal/forked/pi-web-lintclean-main/package.json.
(Use `node --trace-warnings ...` to show where the warning was created)
✔ parses null-delimited Git status entries including renames (134.032333ms)
✔ classifies Git status for explorer badges (1.45388ms)
✔ configures HTTP_PROXY, HTTPS_PROXY, and NO_PROXY for global fetch (1212.191413ms)
(node:2311034) [MODULE_TYPELESS_PACKAGE_JSON] Warning: Module type of file:///home/xupeng/dev/personal/forked/pi-web-lintclean-main/lib/i18n/format.ts is not specified and it doesn't parse as CommonJS.
Reparsing as ES module because module syntax was detected. This incurs a performance overhead.
To eliminate this warning, add "type": "module" to /home/xupeng/dev/personal/forked/pi-web-lintclean-main/package.json.
(Use `node --trace-warnings ...` to show where the warning was created)
[i18n] Missing translation: missing.key
✔ interpolates string and numeric parameters (2.388421ms)
✔ falls back to English and returns the key when both are missing (1.008333ms)
✔ formats relative time using the selected locale (56.732941ms)
✔ uses the first supported browser language and falls back to English (3.472126ms)
✔ returns only registered locales (2.295176ms)
✔ built-in locale packages have the complete English key and required placeholder sets (14.758183ms)
(node:2311049) [MODULE_TYPELESS_PACKAGE_JSON] Warning: Module type of file:///home/xupeng/dev/personal/forked/pi-web-lintclean-main/lib/image-attachments.ts is not specified and it doesn't parse as CommonJS.
Reparsing as ES module because module syntax was detected. This incurs a performance overhead.
To eliminate this warning, add "type": "module" to /home/xupeng/dev/personal/forked/pi-web-lintclean-main/package.json.
(Use `node --trace-warnings ...` to show where the warning was created)
✔ calculates padded base64 byte lengths and rejects invalid data (250.403671ms)
✔ rejects invalid, oversized, and too many image attachments (268.667128ms)
(node:2311063) [MODULE_TYPELESS_PACKAGE_JSON] Warning: Module type of file:///home/xupeng/dev/personal/forked/pi-web-lintclean-main/lib/initial-navigation.ts is not specified and it doesn't parse as CommonJS.
Reparsing as ES module because module syntax was detected. This incurs a performance overhead.
To eliminate this warning, add "type": "module" to /home/xupeng/dev/personal/forked/pi-web-lintclean-main/package.json.
(Use `node --trace-warnings ...` to show where the warning was created)
✔ uses cwd instead of session when both parameters are present (259.57571ms)
✔ restores session when cwd is absent (5.368363ms)
✔ treats an empty cwd as absent (2.368034ms)
✔ preserves a URL-encoded Windows path (4.657153ms)
✔ keeps the sidebar open when no sidebar parameter is present (1.068077ms)
✔ collapses the sidebar for sidebar=collapsed (2.949387ms)
✔ collapses the sidebar when combined with a cwd parameter (1.486864ms)
✔ collapses the sidebar when combined with a session parameter (3.836002ms)
✔ ignores any other sidebar value (0.811404ms)
✔ parses a URL-encoded sidebar parameter (5.055386ms)
✔ does not gzip a large JSON response when the client disables gzip (136.000193ms)
✔ does not gzip when the gzip quality value is invalid (3.244873ms)
✔ leaves small JSON responses uncompressed (9.091316ms)
(node:2311076) [MODULE_TYPELESS_PACKAGE_JSON] Warning: Module type of file:///home/xupeng/dev/personal/forked/pi-web-lintclean-main/lib/markdown.ts is not specified and it doesn't parse as CommonJS.
Reparsing as ES module because module syntax was detected. This incurs a performance overhead.
To eliminate this warning, add "type": "module" to /home/xupeng/dev/personal/forked/pi-web-lintclean-main/package.json.
(Use `node --trace-warnings ...` to show where the warning was created)
▶ normalizeDisplayMath
  ▶ single-line $$…$$
    ✔ splits a single-line block into three lines (3.489197ms)
    ✔ preserves the indent of the surrounding list item (1.654011ms)
  ✔ single-line $$…$$ (7.228302ms)
  ▶ multi-line blocks with glued delimiters
    ✔ moves a glued opening delimiter to its own line (1.570831ms)
    ✔ moves a glued closing delimiter to its own line (0.697573ms)
  ✔ multi-line blocks with glued delimiters (2.86162ms)
  ▶ blocks nested in GFM list items
    ✔ re-indents lazy content lines of an indented bare-fence block (1.002744ms)
    ✔ re-indents partially indented content lines (1.566254ms)
    ✔ does not use a sibling list item's formula as a closing fence (0.871457ms)
    ✔ does not scan a bare fence past a sibling list item (0.391208ms)
  ✔ blocks nested in GFM list items (5.963099ms)
  ▶ blocks that must stay untouched
    ✔ leaves a top-level block with detached delimiters untouched (0.492142ms)
    ✔ leaves content inside fenced code blocks untouched (2.96021ms)
    ✔ leaves inline math and plain prose untouched (0.289343ms)
    ✔ does not treat a glued opener with mid-line $$ as a block (0.245299ms)
  ✔ blocks that must stay untouched (4.537261ms)
  ▶ \[ … \] blocks
    ✔ normalizes single-line brackets (0.264762ms)
    ✔ keeps content indented when nested in a list item (0.183571ms)
    ✔ normalizes multi-line brackets without double-indenting (1.109941ms)
  ✔ \[ … \] blocks (1.853302ms)
  ▶ loose [ … ] formula blocks
    ✔ normalizes model-emitted bracket-only formula lines (0.799604ms)
    ✔ leaves ambiguous bracket-only Markdown untouched (1.805458ms)
  ✔ loose [ … ] formula blocks (2.870955ms)
✔ normalizeDisplayMath (27.382632ms)
(node:2311086) [MODULE_TYPELESS_PACKAGE_JSON] Warning: Module type of file:///home/xupeng/dev/personal/forked/pi-web-lintclean-main/lib/message-display.ts is not specified and it doesn't parse as CommonJS.
Reparsing as ES module because module syntax was detected. This incurs a performance overhead.
To eliminate this warning, add "type": "module" to /home/xupeng/dev/personal/forked/pi-web-lintclean-main/package.json.
(Use `node --trace-warnings ...` to show where the warning was created)
✔ bounds thinking previews to the first nonblank line without splitting Unicode characters (130.511077ms)
✔ splits trailing final answer blocks from process blocks (2.440865ms)
✔ keeps pre-tool text in process blocks (0.913671ms)
✔ does not expose text before a trailing tool call as final answer (1.122665ms)
✔ drops empty thinking blocks after completion (1.223117ms)
✔ keeps empty thinking while streaming (2.183565ms)
✔ keeps deferred historical thinking placeholders (0.896302ms)
✔ returns completed provider errors even when the message has no content (5.877322ms)
✔ falls back when a provider error has no message (0.570894ms)
✔ treats compaction summaries as turn anchors (2.939633ms)
✔ flattens supported models.dev metadata and prices (6.068364ms)
✔ ranks exact model IDs and provider hints first (1.016947ms)
✔ prefers an exact Pi provider match (4.249291ms)
✔ matches canonical and catalog Base URLs by hostname (1.777461ms)
✔ uses stable metadata and price consensus with cache modes (4.34503ms)
✔ defaults omitted consensus cache prices to zero (0.914707ms)
✔ accepts a unique five-record price plurality below 60 percent (4.01317ms)
✔ still rejects four-record pluralities and five-record ties (2.473013ms)
✔ refuses tied or single-record fallback prices (6.322374ms)
✔ builds protocol-appropriate model list URLs (2.984633ms)
✔ parses OpenAI, Anthropic, Google, and string model lists (3.884637ms)
✔ resolves environment-backed headers without an API key (245.312733ms)
✔ returns every available model when no patterns are configured (12.171339ms)
✔ expands provider globs alongside exact references (#307) (22.208654ms)
✔ matches bare model id globs across providers without duplicates (5.851639ms)
✔ rejects an ambiguous bare exact model id before fuzzy matching (1.620225ms)
✔ accepts provider-qualified and unique bare exact model ids (4.150527ms)
✔ rejects an ambiguous bare exact model id with a thinking suffix (1.187636ms)
✔ keeps thinking-level suffixes out of the matched reference and reports them as pins (4.47094ms)
✔ leaves models without a pinned thinking level unpinned (6.82005ms)
✔ keeps models that matched and stays quiet about leftover unmatched globs (7.051672ms)
✔ keeps unmatched exact and malformed glob warnings when another model matches (4.284142ms)
✔ falls back to all available models when nothing matches at all (5.96955ms)
✔ selects the saved scoped default and applies its thinking pin (6.204277ms)
✔ uses the saved default without creating a synthetic scope when unconfigured (0.481547ms)
✔ uses resolver order when the saved default is outside the enabled scope (0.500196ms)
✔ applies a requested scoped model pin unless thinking was explicitly overridden (3.909272ms)
✔ rejects an explicit model outside the enabled scope (1.219059ms)
(node:2311126) [MODULE_TYPELESS_PACKAGE_JSON] Warning: Module type of file:///home/xupeng/dev/personal/forked/pi-web-lintclean-main/lib/models-cache.ts is not specified and it doesn't parse as CommonJS.
Reparsing as ES module because module syntax was detected. This incurs a performance overhead.
To eliminate this warning, add "type": "module" to /home/xupeng/dev/personal/forked/pi-web-lintclean-main/package.json.
(Use `node --trace-warnings ...` to show where the warning was created)
✔ caches model data independently for each cwd (6.00091ms)
✔ shares one loader between concurrent requests for the same cwd (0.657913ms)
✔ does not cache a stale load that finishes after invalidation (4.040511ms)
✔ retries after a model load fails (6.98632ms)
✔ adds runtime errors without discarding available models (0.931612ms)
✔ uses a safe error for unexpected model load failures (0.610785ms)
✔ saving models.json atomically invalidates the model-list cache (8.249329ms)
✔ models.json writes fill partial cost groups with zero and remove empty groups (2.639662ms)
✔ saving models.json drops blank model rows without hiding other schema errors (2.808471ms)
✔ an existing session opens after its historical model is removed from config (6.600541ms)
(node:2311164) [MODULE_TYPELESS_PACKAGE_JSON] Warning: Module type of file:///home/xupeng/dev/personal/forked/pi-web-lintclean-main/next.config.ts?esm-test is not specified and it doesn't parse as CommonJS.
Reparsing as ES module because module syntax was detected. This incurs a performance overhead.
To eliminate this warning, add "type": "module" to /home/xupeng/dev/personal/forked/pi-web-lintclean-main/package.json.
(Use `node --trace-warnings ...` to show where the warning was created)
✔ resolves config paths without CommonJS globals (132.553368ms)
✔ scopes Next.js output file tracing to the pi-web package (596.674365ms)
✔ accepts the minimum supported Node.js version and newer versions (9.254933ms)
✔ rejects older and invalid Node.js versions (4.908063ms)
✔ keeps the package engine aligned with the startup check (0.315278ms)
✔ reports both the required and current Node.js versions (0.520171ms)
✔ keeps SDK scratch input only for an in-flight snapshot (3.813996ms)
✔ removes a client raw buffer when normalizing a completed message (0.454804ms)
✔ clamps panel widths to finite bounds (4.482286ms)
✔ keeps the responsive right panel default within useful limits (0.428207ms)
✔ reserves chat space while split panels are visible (2.974002ms)
✔ does not rewrite desktop widths while the file panel is in overlay mode (0.552301ms)
(node:2311263) [MODULE_TYPELESS_PACKAGE_JSON] Warning: Module type of file:///home/xupeng/dev/personal/forked/pi-web-lintclean-main/lib/patch.ts is not specified and it doesn't parse as CommonJS.
Reparsing as ES module because module syntax was detected. This incurs a performance overhead.
To eliminate this warning, add "type": "module" to /home/xupeng/dev/personal/forked/pi-web-lintclean-main/package.json.
(Use `node --trace-warnings ...` to show where the warning was created)
✔ parses paired changes into split diff rows (245.284857ms)
✔ pads one-sided additions and removes timestamp suffixes from file paths (0.948578ms)
✔ treats in-hunk lines that look like file headers as content (2.138472ms)
✔ parses multiple files, resuming header detection after each hunk (3.947931ms)
✔ returns null for text without diff lines (1.549206ms)
✔ toNativePath converts git's POSIX output to native separators (166.663552ms)
✔ samePath ignores separator style and Windows case (4.661201ms)
✔ toSlashPath normalizes to forward slashes (6.945089ms)
✔ isWindowsAbsolutePath recognizes drive and UNC paths (11.642958ms)
✔ filePathFromApiSegments restores Windows drive roots (12.957245ms)
✔ filePathFromApiSegments restores UNC roots (6.665709ms)
✔ passes the no-wasm-lazy-compilation flag to Node on RISC-V (10.153515ms)
✔ keeps the existing Node arguments on other architectures (0.439987ms)
✔ does not mutate the caller's Next.js arguments (0.900977ms)
✔ opens the browser by default (16.967924ms)
✔ supports --help and -h without starting the server (5.46789ms)
✔ rejects unknown options with a help hint (2.919656ms)
✔ rejects unexpected positional arguments (0.563599ms)
✔ CLI writes help and parse errors before exiting (407.842191ms)
✔ supports the no-open CLI option (0.585146ms)
✔ supports truthy PI_WEB_NO_OPEN values (3.427335ms)
✔ does not disable browser opening for false PI_WEB_NO_OPEN values (0.58869ms)
✔ preserves port and hostname options (3.83153ms)
✔ rejects port values that could inject cmd arguments (0.801438ms)
✔ supports PI_WEB_HOSTNAME without trusting the ambient system HOSTNAME (4.947036ms)
✔ only exact npm versions and Git refs are pinned (11.190306ms)
✔ a single-plugin check only runs that plugin's remote command (10.868357ms)
✔ missing installs and failed commands return errors (4.965727ms)
✔ npm checks compare the installed version with the selected range (28.7137ms)
✔ Git checks compare local HEAD with the upstream remote ref (10.975115ms)
✔ PowerShell is opt-in on Windows and never selected on other platforms (7.409928ms)
✔ the setting preserves unrelated config and switches defaultTools both ways (61.963734ms)
✔ enabling PowerShell adds it when a custom defaultTools list has no shell (12.015114ms)
✔ invalid defaultTools are rejected without overwriting the settings file (18.59431ms)
✔ forwards the first shutdown signal and force-kills on repeated signals (11.689484ms)
✔ propagates a child exit code and clears its shutdown wiring (31.065068ms)
✔ force-kills the child when graceful shutdown times out (21.145755ms)
✔ uses conventional exit statuses for known child signals (3.749722ms)
✔ reports a spawn failure instead of crashing on an unhandled error event (1.661565ms)
✔ names the reason when the child stops on its own (0.668571ms)
✔ keeps the shutdown fallback armed when signaling the child fails (21.067422ms)
✔ stays quiet for a shutdown the user asked for (20.983446ms)
✔ sanitizes host variables using platform casing rules (9.188398ms)
✔ agent bash removes host variables while preserving SDK and user environment (242.249679ms)
✔ agent bash reads current shell settings for every execution (43.424106ms)
✔ direct bash removes host variables and allows explicit project values (181.466804ms)
✔ direct bash preserves execution controls and streaming callbacks (3.023101ms)
✔ direct bash updates the platform PATH key (0.874937ms)
✔ a user extension keeps priority over the Pi Web fallback bash tool (24.867423ms)
✔ Windows path variants form one recent project using the newest display path (20.366999ms)
✔ project filtering includes every session with the stable identity (3.056212ms)
✔ running and unread counts aggregate under the stable project identity (1.149931ms)
✔ Windows project identity ignores full-path casing and separator style (110.67505ms)
✔ Windows project identity handles UNC casing and separators (7.668371ms)
✔ project identity preserves case on case-sensitive platforms (7.799715ms)
(node:2311497) [MODULE_TYPELESS_PACKAGE_JSON] Warning: Module type of file:///home/xupeng/dev/personal/forked/pi-web-lintclean-main/lib/project-tree.ts is not specified and it doesn't parse as CommonJS.
Reparsing as ES module because module syntax was detected. This incurs a performance overhead.
To eliminate this warning, add "type": "module" to /home/xupeng/dev/personal/forked/pi-web-lintclean-main/package.json.
(Use `node --trace-warnings ...` to show where the warning was created)
✔ attaches the first branch message preview to the contracted representative (30.144008ms)
✔ does not copy thinking or tool payloads from a compressed assistant label source (0.837686ms)
✔ carries previews through non-message roots in multi-root trees (1.220623ms)
✔ normalizes and bounds preview text and labels image-only messages (0.62494ms)
✔ does not copy unknown message roles into previews (0.874841ms)
✔ carries previews through the depth-limit flattening path (9.947625ms)
✔ linear sessions still project to root + leaf only (0.41839ms)
(node:2311504) [MODULE_TYPELESS_PACKAGE_JSON] Warning: Module type of file:///home/xupeng/dev/personal/forked/pi-web-lintclean-main/lib/project-trust.ts is not specified and it doesn't parse as CommonJS.
Reparsing as ES module because module syntax was detected. This incurs a performance overhead.
To eliminate this warning, add "type": "module" to /home/xupeng/dev/personal/forked/pi-web-lintclean-main/package.json.
(Use `node --trace-warnings ...` to show where the warning was created)
✔ clean projects stay on the normal trusted load path (22.862528ms)
✔ project extensions execute only after the project is trusted (285.181099ms)
✔ the reload resolver reads the latest persisted trust decision (14.054552ms)
✔ all project resource loaders and reloads enforce project trust (6.893185ms)
✔ the trust API invalidates cached models and restricted runtimes (8.793325ms)
✔ builds stable keys for matching optimistic text messages (4.462635ms)
✔ includes attached images in optimistic message keys (0.628853ms)
✔ API key saves do not use ModelRuntime.login's network refresh (7.67832ms)
✔ removes only the expected credential type and preserves other providers (58.513092ms)
✔ stores a provider credential while preserving other providers (21.995162ms)
✔ a stale API-key delete cannot remove a newly stored OAuth credential (48.674575ms)
✔ missing credentials are a successful no-op (8.700339ms)
✔ saving and removing an API key updates the SDK authentication status (233.735184ms)
✔ lists an API-key-configured dual-auth provider in the API-key list (#309) (11.067416ms)
✔ an OAuth-authenticated provider counts as configured only in the OAuth list (0.792911ms)
✔ switching auth method moves the provider between lists in both directions (8.655852ms)
✔ environment-provided keys are reported as configured (0.510374ms)
✔ custom models.json providers stay out of the API-key list (0.496813ms)
✔ providers without an API-key login method are excluded (0.430176ms)
✔ keeps friendlier OAuth labels and falls back to the provider name (0.412325ms)
✔ duplicate provider ids are collapsed (1.028104ms)
✔ recognizes only providers with usage adapters (4.041955ms)
✔ accepts only the official origin for provider usage credentials (0.562108ms)
✔ normalizes Codex windows into remaining percentages and reset times (6.947254ms)
✔ normalizes MiniMax token-plan counts using the reported remaining percent (3.694386ms)
✔ selected message text becomes a markdown quote (6.775742ms)
(node:2311695) [MODULE_TYPELESS_PACKAGE_JSON] Warning: Module type of file:///home/xupeng/dev/personal/forked/pi-web-lintclean-main/lib/request-security.ts is not specified and it doesn't parse as CommonJS.
Reparsing as ES module because module syntax was detected. This incurs a performance overhead.
To eliminate this warning, add "type": "module" to /home/xupeng/dev/personal/forked/pi-web-lintclean-main/package.json.
(Use `node --trace-warnings ...` to show where the warning was created)
✔ allows same-origin and non-browser API requests (420.061179ms)
✔ allows LAN same-origin requests when Next.js uses an internal localhost URL (4.702484ms)
✔ allows IPv6 and an explicitly configured hostname (28.031235ms)
✔ rejects cross-origin browser API requests (3.828373ms)
✔ does not globally trust opaque iframe or alternate loopback origins (3.772549ms)
✔ allows only user-initiated session export document navigations from a PWA (5.791274ms)
✔ rejects an origin that does not match the external request host (4.013457ms)
✔ rejects DNS rebinding even when browser headers say same-origin (2.794131ms)
✔ rejects missing, malformed, and unconfigured Host headers (2.574335ms)
✔ recognizes JSON request content types (2.568831ms)
✔ allows a proxy that reports the scheme out-of-band and rewrites Origin (1.573824ms)
✔ still rejects a foreign origin when a proxy is in front (1.408099ms)
✔ does not relax the scheme without same-origin proxy evidence (1.203956ms)
✔ Stop unwinds a command waiting on select and closes its UI (43.906991ms)
✔ Stop unwinds a command waiting on confirm and closes its UI (5.799986ms)
✔ Stop unwinds a command waiting on input and closes its UI (5.642215ms)
✔ Stop unwinds a command waiting on editor and closes its UI (4.977915ms)
✔ Stop unwinds a command waiting on custom and closes its UI (6.375067ms)
✔ normal cancel and caller abort keep UI defaults and notify all subscribers (5.134669ms)
✔ Stop cancels a custom UI factory that has not mounted yet (7.481211ms)
✔ Stop before custom UI initialization does not invoke the factory (2.018648ms)
✔ defaults to the 10-minute idle timeout when the env var is unset or blank (2.068051ms)
✔ treats zero as disabling idle shutdown (0.335262ms)
✔ uses a positive value as the timeout in milliseconds (0.348569ms)
✔ falls back to the 10-minute default and warns for invalid or out-of-range values (1.199759ms)
✔ PI_WEB_IDLE_TIMEOUT_MS=0 applies to an idle session (143.468741ms)
[pi-web] invalid PI_WEB_IDLE_TIMEOUT_MS "2592000000", falling back to 10 minutes
✔ PI_WEB_IDLE_TIMEOUT_MS=1800000 applies to an idle session (240.191754ms)
✔ PI_WEB_IDLE_TIMEOUT_MS=2592000000 applies to an idle session (179.709181ms)
[pi-web] session_start dispatched to extensions for session session-1
✔ get_state waits for extension resources before returning the system prompt (47.370748ms)
✔ prompt commands wait for SDK preflight acceptance before acknowledging (13.083685ms)
✔ completion notification waits for an accepted agent run to become idle (18.318347ms)
✔ completion notification covers extension-injected runs without an SSE client (6.783499ms)
✔ new event listeners receive the latest active tool update (5.041116ms)
✔ suppressed sessions do not emit completion notifications (3.717876ms)
✔ prompt commands reject when SDK preflight fails (7.081224ms)
✔ accepted prompt failures still finish through the event stream (44.595242ms)
✔ queued prompt commands forward their streaming behavior and acknowledge acceptance (6.692557ms)
✔ an exact system prompt is reapplied after SDK preflight resets it (6.570353ms)
✔ prompt admission waits for the preceding preflight and keeps overlapping runs counted (9.545767ms)
✔ prompt admission continues after the preceding preflight rejects (8.136114ms)
[pi-web] failed to deliver session_shutdown event: listener failed
✔ a failing event listener cannot reject prompt completion (6.023117ms)
✔ session shutdown notifies extensions before disposing the SDK session (4.879856ms)
✔ session shutdown still disposes the SDK session when an extension fails (0.93937ms)
✔ destroy notifies event listeners so attached SSE streams can close (2.588519ms)
✔ direct destruction disposes the SDK session before unregistering the wrapper (0.330544ms)
✔ direct destruction emits session_shutdown before dispose when extensions are present (11.489544ms)
✔ direct destruction still disposes when session_shutdown throws synchronously (4.548396ms)
✔ idle timer preserves extension-owned session work until it becomes inactive (9.625045ms)
✔ idle timer preserves active work but reaps a run stuck after Stop (6.123644ms)
✔ direct bash commands use sanitized project operations with current shell settings (4.041064ms)
✔ keeps array widgets compatible while maintaining the state snapshot (9.077701ms)
✔ renders a factory widget immediately with the fixed headless facade (2.248616ms)
✔ requestRender replaces the browser event and server snapshot (1.313037ms)
✔ clearing and replacing widgets disposes components and invalidates old callbacks (1.251291ms)
✔ isolates factory and render failures with a clear and extension_error (3.133736ms)
✔ reload and destroy dispose factory components and invalidate callbacks (5.609365ms)
✔ command-context reload also clears factory widgets (2.629036ms)
✔ dispose-time reentrant updates remain authoritative (1.102257ms)
✔ render failure does not clear a dispose-time recovery widget (2.170413ms)
✔ ignores factory registrations after the wrapper is destroyed (5.327831ms)
✔ reload ignores widget registrations triggered by component disposal (1.320449ms)
✔ get_tools preserves the SDK tool definition fields (30.091082ms)
✔ RPC session startup preloads extension-registered providers before restoring models (38.51059ms)
✔ built-in subagents persist their selected resource policy (5.014696ms)
✔ running snapshots expose sessions with suppressed completion notifications (4.972645ms)
✔ RPC session startup resolves and passes the SDK-native enabled model scope (6.60403ms)
✔ RPC session startup treats only sessions with messages as continuing (7.189776ms)
✔ RPC session startup opens an existing session file only once and trusts its cwd (5.713062ms)
✔ RPC wrapper avoids per-chunk idle maintenance (5.482771ms)
✔ normal session teardown paths use graceful extension shutdown (5.260557ms)
✔ clone copies the requested leaf into a child session (4.83491ms)
✔ fork_branch copies the selected assistant entry without replacing the source session (54.651674ms)
✔ fork before the first message persists a reopenable message-free child session (21.879874ms)
✔ session replacement rejects active work and clone writes one reopenable child (31.841649ms)
✔ cancelled session replacement releases its lock (2.533733ms)
✔ clone cancels an assistant-free branch without creating a file (10.964379ms)
✔ new-session route applies model scope during construction instead of follow-up commands (2.316303ms)
✔ prompt routes mark only preflight failures as rejected (3.752141ms)
✔ the wrapper reapplies an exact prompt after SDK preflight (4.66958ms)
✔ RPC session startup persists explicit preferences without replaying setters (5.063554ms)
✔ custom extension UI receives the fixed headless terminal facade (5.733852ms)
✔ reloading a session invalidates the models cache (3.582134ms)
✔ normal sessions restore persisted tool selections before loading resources (4.743045ms)
✔ crossing the Chat-only boundary persists and rebuilds the wrapper (5.618355ms)
✔ lists an accepted new prompt before its session file exists (4.870771ms)
✔ keeps an idle runtime visible once its JSONL file exists (1.499924ms)
(node:2312042) [MODULE_TYPELESS_PACKAGE_JSON] Warning: Module type of file:///home/xupeng/dev/personal/forked/pi-web-lintclean-main/lib/search-tree.ts is not specified and it doesn't parse as CommonJS.
Reparsing as ES module because module syntax was detected. This incurs a performance overhead.
To eliminate this warning, add "type": "module" to /home/xupeng/dev/personal/forked/pi-web-lintclean-main/package.json.
(Use `node --trace-warnings ...` to show where the warning was created)
✔ groups flat paths into directories with files at the root level (279.99717ms)
✔ builds arbitrarily deep nesting (2.533121ms)
✔ sorts directories before files and alphabetically within each level (0.795105ms)
✔ deduplicates repeated paths (0.575348ms)
✔ returns an empty tree for empty input (4.616212ms)
✔ treats a lone segment as a root file, not a directory (0.71437ms)
✔ groups nested subagents under their main session and uses family activity for sorting (32.091628ms)
✔ does not promote orphaned or cyclic subagent metadata into the main session list (0.717823ms)
(node:2312076) [MODULE_TYPELESS_PACKAGE_JSON] Warning: Module type of file:///home/xupeng/dev/personal/forked/pi-web-lintclean-main/lib/session-file-references-core.ts is not specified and it doesn't parse as CommonJS.
Reparsing as ES module because module syntax was detected. This incurs a performance overhead.
To eliminate this warning, add "type": "module" to /home/xupeng/dev/personal/forked/pi-web-lintclean-main/package.json.
(Use `node --trace-warnings ...` to show where the warning was created)
✔ detects exact external file paths referenced in session entries (255.210989ms)
✔ does not authorize sibling files by prefix match (0.740715ms)
✔ authorizes full output only from a bash execution message (0.751854ms)
✔ validates session ids before resolving session paths (0.742326ms)
✔ matches SDK metadata and tie ordering across cache hits, mutations, and restarts (210.929321ms)
✔ discards malformed persisted entries and rebuilds the list from valid session files (223.612886ms)
✔ retains SDK handling of partial lines, activity timestamps, and empty sessions (18.196006ms)
✔ discovers sessions through project directory symlinks (10.131337ms)
✔ documented global registry contract remains compatible with extensions (6.500681ms)
✔ session liveness providers are matched by exact session id or file (5.746493ms)
✔ each registration receives an independent idempotent disposer (0.494201ms)
✔ malformed registrations are rejected (0.970471ms)
✔ provider failures preserve the matching session (7.736951ms)
✔ non-stringifiable provider failures preserve the session until recovery (3.272933ms)
✔ selected-session leases expire, renew together, and release cleanly (4.364455ms)
(node:2312112) [MODULE_TYPELESS_PACKAGE_JSON] Warning: Module type of file:///home/xupeng/dev/personal/forked/pi-web-lintclean-main/lib/session-path.ts is not specified and it doesn't parse as CommonJS.
Reparsing as ES module because module syntax was detected. This incurs a performance overhead.
To eliminate this warning, add "type": "module" to /home/xupeng/dev/personal/forked/pi-web-lintclean-main/package.json.
(Use `node --trace-warnings ...` to show where the warning was created)
✔ normalizes Windows separators and casing for session identity (266.145233ms)
✔ preserves case when session paths are case-sensitive (5.278713ms)
✔ an externally appended entry is unknown to the in-memory manager (7.301616ms)
✔ evictIfDiskAhead drops an idle wrapper when disk has an unknown entry (3.232996ms)
✔ evictIfDiskAhead leaves a running wrapper alone (1.752967ms)
✔ a manager writing its own entries is never flagged as stale (3.265507ms)
✔ returns the newest entry id (4.281289ms)
✔ skips the session header so a fresh, entry-less session reads as undefined (1.438514ms)
✔ ignores a torn trailing line mid-append (1.558711ms)
✔ returns undefined when the file is absent or the path is unknown (1.158646ms)
✔ reads only a bounded tail of a large session (28.979849ms)
✔ handles CRLF-terminated entries (1.271879ms)
✔ sliceActiveBranch returns the most-recent `tail` ancestors, in time order (4.436858ms)
✔ sliceActiveBranch walks from leaf back toward root, not forward (1.81611ms)
✔ sliceActiveBranch defaults to the last entry when leafId is null (0.42279ms)
✔ deep linear chain (5000 entries) slices without overflowing the stack (25.810497ms)
✔ buildSessionContext with tail returns only the tail window (4.005209ms)
✔ buildSessionContext without tail still returns the full chain (0.650692ms)
✔ buildSessionContext excludeLeaf pages upward without duplicating `before` (1.269335ms)
✔ pagination stops before the root instead of returning it again (0.635192ms)
✔ pagination preserves chronological order across compaction (0.993908ms)
✔ pagination loses no history when compaction kept entries fall outside the page (3.554239ms)
✔ tail pagination preserves settings from earlier entries (1.049959ms)
✔ buildSessionContext accepts a large tail and returns the whole chain (51.744788ms)
✔ real sessions may store assistant content as a string (deferThinking guard) (0.634037ms)
✔ session stats cover the full file independently of the displayed tail (1.327722ms)
✔ sliceActiveBranch: tail counts visible messages — toolResults ride along free (1.408967ms)
✔ sliceActiveBranch: compaction divider counts as visible, custom/meta do not (0.494697ms)
✔ sliceActiveBranch: a span of tool traffic with no visible anchors hits the raw cap (4.552299ms)
✔ buildSessionContext hasMore stays true when the visible window truncates (8.675218ms)
✔ renders history and compaction in chronological order with aligned entry IDs (14.992043ms)
✔ uses the latest explicit model change instead of assistant response metadata (0.588003ms)
✔ preserves earlier history and every compaction on the active path (1.631086ms)
✔ uses the selected leaf's path before a later compaction (2.361048ms)
✔ returns an empty context for a null leaf (2.838685ms)
✔ defers historical thinking without changing live-session content (1.193095ms)
✔ does not defer empty historical thinking blocks (0.432912ms)
✔ defers only base64 images from historical tool results (3.896268ms)
✔ preserves hidden custom messages so the UI can render them collapsed (4.005666ms)
✔ preserves valid epoch timestamps on synthetic UI messages (0.633713ms)
✔ reads only a bounded session header, including headers larger than 4 KiB (6.822802ms)
✔ returns null for malformed or unbounded session headers (9.443375ms)
✔ session listing reads subagent relations and terminal status without reopening full session files (100.461888ms)
✔ keeps forward and reverse session path caches in sync (0.700047ms)
✔ resolves a matching session header without a catalogue scan (16.709519ms)
✔ does not resolve a parent path outside the default session storage (6.74592ms)
✔ preserves project symlinks exposed by the session catalogue (16.410767ms)
✔ falls back to the catalogue when a targeted candidate header is invalid (8.222719ms)
✔ falls back to the catalogue when a targeted lookup finds duplicate IDs (11.598642ms)
✔ forced session listing bypasses the fresh server cache (3.003174ms)
✔ a scan invalidated in flight retries before returning to its caller (0.902271ms)
✔ disk sessions replace runtime snapshots with the same id (5.036613ms)
(node:2312286) [MODULE_TYPELESS_PACKAGE_JSON] Warning: Module type of file:///home/xupeng/dev/personal/forked/pi-web-lintclean-main/lib/session-row-context-menu.ts is not specified and it doesn't parse as CommonJS.
Reparsing as ES module because module syntax was detected. This incurs a performance overhead.
To eliminate this warning, add "type": "module" to /home/xupeng/dev/personal/forked/pi-web-lintclean-main/package.json.
(Use `node --trace-warnings ...` to show where the warning was created)
✔ leaves the native context menu unclaimed when no listener is installed (4.226909ms)
✔ delivers the stable session-row detail without requiring a listener to claim it (0.517863ms)
✔ reports the menu as handled when a listener cancels the extension event (0.896229ms)
(node:2312302) [MODULE_TYPELESS_PACKAGE_JSON] Warning: Module type of file:///home/xupeng/dev/personal/forked/pi-web-lintclean-main/lib/session-search.ts is not specified and it doesn't parse as CommonJS.
Reparsing as ES module because module syntax was detected. This incurs a performance overhead.
To eliminate this warning, add "type": "module" to /home/xupeng/dev/personal/forked/pi-web-lintclean-main/package.json.
(Use `node --trace-warnings ...` to show where the warning was created)
✔ finds one literal, case-insensitive snippet per session, newest first (117.93388ms)
✔ identifies the matching text block across thinking, tools and multiple text blocks (22.182226ms)
✔ searches historical text, excluding tools, thinking, images, summaries and transient sessions (21.91393ms)
✔ keeps Unicode offsets correct and bounds snippets around the actual match (11.785051ms)
✔ skips malformed lines and reports unreadable or oversized content as incomplete (48.374845ms)
✔ handles empty, oversized and cancelled queries without reading a session (8.029089ms)
✔ bounds bytes read from a single file and reports the unsearched remainder (289.491042ms)
✔ checks the deadline inside the final file, before the matching line (9.104346ms)
✔ reports file and result caps even when no conversations match (1099.276105ms)
✔ sums usage across ALL entries, including history compacted away (3.059778ms)
✔ counts tool calls and includes tool result usage (0.665809ms)
✔ includes branch summary usage (0.498712ms)
✔ tolerates entries without usage (older session files) (0.400999ms)
✔ returns zeros for an empty session (1.7458ms)
✔ full-file stats never shrink relative to the post-compaction context (1.517228ms)
✔ adds messages completed after load to compacted file totals (1.165227ms)
✔ empty or single-entry session yields zero (3.264288ms)
✔ counts active gaps within a turn (0.430258ms)
✔ drops human idle before the next user message (0.569764ms)
✔ keeps compacted history and compaction time in append order (0.411152ms)
✔ counts work appended on every branch exactly once (0.529782ms)
✔ treats user-initiated bash as a boundary (0.378304ms)
✔ ignores metadata without breaking the active interval (0.309223ms)
✔ counts branch summaries and custom messages (10.850974ms)
✔ skips invalid timestamps and ignores negative gaps (2.279985ms)
✔ cleans common session title response wrappers (18.795604ms)
✔ rejects responses without a usable title (3.408871ms)
✔ names a running session from what it holds right now, without waiting for idle (13.5914ms)
✔ generates a title when compaction removed all literal user messages (4.923102ms)
✔ title request is a standalone stream and does not reuse the session prefix (0.887569ms)
✔ names with the cheapest thinking level the session model accepts (3.072814ms)
✔ sends one flat transcript without tool traffic on the session's own model (1.515865ms)
✔ keeps every user turn whole and clips replies to their opening (0.995402ms)
✔ bounds the transcript so a long session costs no more than a short one (33.575015ms)
✔ keeps an image placeholder when a user turn has no text (1.437053ms)
✔ refuses to name a session with no usable text (1.092245ms)
✔ a missing tool-selection entry identifies a legacy session (4.308853ms)
✔ an empty selection is distinct from a missing selection (4.202842ms)
✔ the newest valid tool selection wins and invalid newer entries are ignored (0.78419ms)
✔ tool selections accept only built-in tools (1.551351ms)
✔ appending a selection writes the versioned custom entry (2.758022ms)
✔ only subagents nest while forks remain independent roots (28.947924ms)
✔ orphaned subagents become roots and every level is sorted newest first (0.557184ms)
✔ cyclic relation metadata cannot hide sessions or recurse forever (0.96128ms)
✔ deep subagent trees are sorted without recursive traversal (261.286307ms)
✔ restores the last settings section and falls back without a project (4.516402ms)
✔ keeps project settings selections isolated by cwd (2.952403ms)
✔ shares the models selection globally (0.415391ms)
✔ ignores malformed and unavailable browser storage (0.753561ms)
(node:2312453) [MODULE_TYPELESS_PACKAGE_JSON] Warning: Module type of file:///home/xupeng/dev/personal/forked/pi-web-lintclean-main/lib/skill-frontmatter.ts is not specified and it doesn't parse as CommonJS.
Reparsing as ES module because module syntax was detected. This incurs a performance overhead.
To eliminate this warning, add "type": "module" to /home/xupeng/dev/personal/forked/pi-web-lintclean-main/package.json.
(Use `node --trace-warnings ...` to show where the warning was created)
▶ setDisableModelInvocation
  ✔ adds the key after the opening fence when absent (54.051147ms)
  ✔ creates a frontmatter block when the file has none (4.543147ms)
  ✔ replaces an explicit false value instead of adding a duplicate key (13.831499ms)
  ✔ updates and removes indented quoted keys (14.422212ms)
  ✔ rejects unsupported key formatting instead of silently succeeding (8.585276ms)
  ✔ preserves CRLF line endings when updating or adding the key (4.779684ms)
  ✔ preserves SDK-supported frontmatter fence variants (17.039185ms)
  ✔ preserves closing fence suffixes accepted by the SDK when toggling (44.470235ms)
  ✔ keeps a BOM-prefixed skill loadable after toggling (168.745496ms)
  ✔ keeps a single key when disabling an already-true skill (6.717637ms)
  ✔ removes the key when disabling is turned off (0.955828ms)
  ✔ removes the key when it is the last frontmatter line before the closing fence (0.519793ms)
  ✔ is a no-op when disabling is off and the key is absent (5.969842ms)
  ✔ preserves unrelated frontmatter formatting and body lines that mention the key (9.259491ms)
✔ setDisableModelInvocation (364.205777ms)
✔ uses the CLI global lock location (3.29025ms)
✔ annotates only lock entries that exist in the matching Pi scope (8.763315ms)
✔ ignores stale lock entries and malformed lock files (4.022204ms)
✔ does not compare a project ref with the default skills.sh snapshot (1.558819ms)
✔ compares a global lock version with the remote Git tree (140.202658ms)
✔ uses the repository hash for a root global skill (1.122937ms)
✔ compares a project lock version with the skills.sh snapshot (1.613545ms)
✔ returns unsupported without making a remote request (0.40379ms)
✔ returns a scoped error when the remote check fails (1.28802ms)
✔ falls back to Git when the GitHub API is rate limited (0.974843ms)
✔ builds Pi-only update commands for each scope (2.772583ms)
✔ reuses one remote request for skills from the same GitHub source (5.123411ms)
(node:2312511) [MODULE_TYPELESS_PACKAGE_JSON] Warning: Module type of file:///home/xupeng/dev/personal/forked/pi-web-lintclean-main/lib/slash-display.ts is not specified and it doesn't parse as CommonJS.
Reparsing as ES module because module syntax was detected. This incurs a performance overhead.
To eliminate this warning, add "type": "module" to /home/xupeng/dev/personal/forked/pi-web-lintclean-main/package.json.
(Use `node --trace-warnings ...` to show where the warning was created)
✔ restores a complete SDK skill expansion with arguments (2.579339ms)
✔ restores a complete SDK skill expansion without arguments (0.442258ms)
✔ restores multiline arguments (0.361207ms)
✔ uses the final closing tag when the skill body contains an example (0.391135ms)
✔ does not collapse incomplete or lookalike user text (0.377576ms)
✔ collapse keeps session auto-naming free of skill XML (0.720042ms)
✔ plain first messages pass through unchanged for naming (0.310878ms)
✔ persists explicit effective model and thinking defaults (153.567108ms)
✔ does not persist implicit scope selections (13.113271ms)
✔ does not persist a model when startup resolved a different model (9.569046ms)
✔ does not replace a reasoning default with off for a non-thinking model (10.853172ms)
✔ builds thinking and text blocks from official assistant deltas (6.274047ms)
✔ a reconnect snapshot replaces the old partial before deltas continue (0.692329ms)
✔ resuming a running session preserves an already-received partial (0.465996ms)
✔ text deltas update immutably so React observes each chunk (0.503078ms)
✔ shows and streams a tool call after thinking, then accepts the authoritative end (0.888287ms)
✔ restores the raw tool input from a reconnect snapshot (0.547371ms)
✔ ignores deltas without a baseline and unknown future deltas (0.456366ms)
✔ normalizes tool calls in snapshots and clears on end (0.458595ms)
✔ integrated extension exposes the legacy-compatible tool names (7.979768ms)
✔ integrated extension registers no tools while its feature is disabled (1.345689ms)
✔ Agent tool description lists enabled effective profiles and refreshes when its factory reloads (7.842022ms)
✔ integrated extension removes a legacy extension that owns the same tools (1.196426ms)
✔ integrated extension removes recognized legacy extensions with any reserved tool (0.913239ms)
✔ foreground Agent streams updates and returns the completed result (4.322882ms)
✔ foreground Agent reports startup and execution failures as tool errors (6.363681ms)
✔ Agent resume routes the prompt to the existing-session runtime (4.51592ms)
✔ background Agent returns immediately and delegates one completion notification (10.439722ms)
✔ get_subagent_result covers missing, running, completed, failed, and aborted runs (8.341981ms)
✔ get_subagent_result wait honors abort signals (6.462967ms)
✔ steer_subagent returns success and runtime failures (4.014198ms)
✔ legacy preference leaves unrelated and partial-overlap extensions intact (0.329456ms)
✔ loads cwd-relative UTF-8 files and formats them as delegated user input (31.85383ms)
✔ rejects files outside cwd, including symlink targets (18.626843ms)
✔ rejects invalid UTF-8 and bounded input sets (25.885092ms)
✔ isolated worktrees are unique, write-safe, and cleaned without deleting dirty work (592.6505ms)
✔ worktree isolation rejects non-git directories (23.586946ms)
✔ a tool-free subagent uses only its profile as the exact system prompt (8.272854ms)
✔ a tool-enabled subagent retains inherited context in its appended system prompt (0.445354ms)
✔ a resource-enabled tool-free subagent keeps the normal system prompt pipeline (0.591164ms)
✔ replace prompt mode makes the profile body the exact system prompt (0.295532ms)
✔ runs FIFO with a per-parent concurrency limit and drains after completion (9.974647ms)
✔ cancels queued work without starting it (0.756755ms)
✔ completion notification reopens an idle parent and uses its current session (4.630195ms)
✔ disabled built-in subagents reject stale Agent calls before starting (2.358708ms)
✔ resume reuses the persisted child session and keeps its session id (7.884554ms)
✔ resume rejects a child owned by another parent (3.985627ms)
✔ subagent settings default the built-in extension to disabled (26.502793ms)
✔ subagent settings persist both states and preserve unrelated fields (19.48469ms)
✔ damaged settings fail closed and are not overwritten (13.48773ms)
✔ built-in profile IDs use lowercase kebab-case and read-only profiles cannot execute shell commands (6.15246ms)
✔ override detection follows scope precedence case-insensitively (0.517914ms)
✔ project profiles override built-ins and round-trip their runtime settings (146.256153ms)
✔ tintinweb extension selectors stay scoped to the selected extension tools (30.960705ms)
✔ reads tintinweb profile aliases and frontmatter identity (8.447507ms)
✔ persisted subagent metadata reconstructs the final run (1.110103ms)
✔ persisted subagent resources restore the exact isolated prompt and tools (4.150519ms)
✔ legacy subagent resource snapshots keep skills and extensions disabled (0.490616ms)
✔ extension tools are merged while subagent control tools stay excluded (3.007348ms)
✔ an empty tool selection round-trips without restoring default tools (27.323251ms)
✔ saved profiles normalize runtime values and reject invalid settings (14.193208ms)
✔ project profiles override workspace profiles and deletion restores the workspace version (16.000914ms)
✔ global and project sources with the same name stay visible while project wins at runtime (19.56659ms)
✔ global profiles round-trip and deleting an override restores the built-in (9.012001ms)
✔ disabled profiles cannot be resolved for execution (20.674884ms)
✔ persisted runs distinguish interrupted, failed, aborted, and latest results (0.628982ms)
✔ project profile directories cannot escape cwd through symbolic links (16.1997ms)
✔ a save keeps frontmatter keys this app does not manage (45.639859ms)
✔ a save refuses to overwrite malformed existing frontmatter (36.239506ms)
✔ the pi-subagents flag aliases are seeded, kept in step, and never overwrite a whitelist (20.01133ms)
✔ profile flags fall back to the pi-subagents spellings (9.129687ms)
(node:2312735) [MODULE_TYPELESS_PACKAGE_JSON] Warning: Module type of file:///home/xupeng/dev/personal/forked/pi-web-lintclean-main/lib/terminal-input.ts is not specified and it doesn't parse as CommonJS.
Reparsing as ES module because module syntax was detected. This incurs a performance overhead.
To eliminate this warning, add "type": "module" to /home/xupeng/dev/personal/forked/pi-web-lintclean-main/package.json.
(Use `node --trace-warnings ...` to show where the warning was created)
✔ maps navigation and editing keys to terminal sequences (114.087245ms)
✔ maps legacy control and alt keys used by pi-tui (0.717401ms)
✔ leaves printable text to the text input and wraps pasted text (0.824458ms)
✔ native module load failures are deferred until creation and include repair instructions (503.130431ms)
✔ shell environment defaults to UTF-8 locale when the host has none (136.055038ms)
✔ shell environment preserves a case-insensitive Windows locale (108.007281ms)
✔ native PTY starts after install and repeated creation reuses the same workspace process (67.928421ms)
✔ connected terminals outlive the grace period; only the last disconnect starts expiry (23.379202ms)
✔ unclaimed creations expire without requiring a browser cleanup request (18.289261ms)
✔ SSE resumes from Last-Event-ID and cancellation releases the connection lease (168.38085ms)
✔ expired output cursors reset bounded history, while explicit close ends connected streams (33.653687ms)
✔ reads large text in contiguous UTF-8 chunks (6.176189ms)
✔ invalid UTF-8 cannot stall pagination (9.8758ms)
(node:2312775) [MODULE_TYPELESS_PACKAGE_JSON] Warning: Module type of file:///home/xupeng/dev/personal/forked/pi-web-lintclean-main/lib/theme.ts is not specified and it doesn't parse as CommonJS.
Reparsing as ES module because module syntax was detected. This incurs a performance overhead.
To eliminate this warning, add "type": "module" to /home/xupeng/dev/personal/forked/pi-web-lintclean-main/package.json.
(Use `node --trace-warnings ...` to show where the warning was created)
✔ first paint restores every palette and falls back to the system for invalid or blocked storage (49.055906ms)
(node:2312784) [MODULE_TYPELESS_PACKAGE_JSON] Warning: Module type of file:///home/xupeng/dev/personal/forked/pi-web-lintclean-main/lib/thinking-expansion-preference.ts is not specified and it doesn't parse as CommonJS.
Reparsing as ES module because module syntax was detected. This incurs a performance overhead.
To eliminate this warning, add "type": "module" to /home/xupeng/dev/personal/forked/pi-web-lintclean-main/package.json.
(Use `node --trace-warnings ...` to show where the warning was created)
✔ defaults to collapsed when no preference is stored (2.307439ms)
✔ persists the preference and notifies listeners on change (0.631011ms)
✔ returns false when window is unavailable (SSR) (0.40928ms)
(node:2312793) [MODULE_TYPELESS_PACKAGE_JSON] Warning: Module type of file:///home/xupeng/dev/personal/forked/pi-web-lintclean-main/lib/tool-call-expansion.ts is not specified and it doesn't parse as CommonJS.
Reparsing as ES module because module syntax was detected. This incurs a performance overhead.
To eliminate this warning, add "type": "module" to /home/xupeng/dev/personal/forked/pi-web-lintclean-main/package.json.
(Use `node --trace-warnings ...` to show where the warning was created)
✔ remembers expanded tool calls across remounts by toolCallId (7.610216ms)
✔ ignores tool calls without an id (0.437215ms)
✔ uses the latest non-empty text line from a partial tool result (6.806929ms)
✔ ignores partial tool results without displayable text (0.531191ms)
✔ bounds long progress lines while preserving the latest text (4.13851ms)
✔ defaults missing or invalid preferences to the default preset (7.93346ms)
✔ round-trips every supported tool preset (0.600789ms)
✔ falls back safely when browser storage is unavailable (0.674377ms)
✔ falls back when accessing window.localStorage throws (7.057ms)
✔ maps every tool preset to its built-in tools (3.345795ms)
✔ recognizes presets while ignoring active custom tools (0.810262ms)
✔ returns fresh tool arrays that callers can safely modify (0.507185ms)
✔ recognizes PowerShell as the shell in standard presets (0.301057ms)
✔ extracts a file from a successful write tool call (17.185687ms)
✔ extracts a file from a successful edit tool call using input.path (0.534709ms)
✔ accepts namespaced write/edit tool names from MCP servers (0.565158ms)
✔ skips a tool call whose result errored (0.522032ms)
✔ skips a tool call whose result has not arrived (streaming) (0.337931ms)
✔ deduplicates the same file written then edited (0.422931ms)
✔ resolves a relative path against cwd (5.392783ms)
✔ resolves extensionless and dot-prefixed filenames against cwd (0.713015ms)
✔ preserves path characters that have special meaning in hrefs (0.444158ms)
✔ normalizes Windows-relative tool paths against a Windows cwd (4.548234ms)
✔ skips non-writing tools like read and bash (0.490242ms)
✔ ignores paths that only appear in the reply text (0.482237ms)
✔ lists only the file actually written, not others named in the text (4.006449ms)
✔ skips a write call missing both file_path and path (0.313829ms)
✔ returns an empty array for an empty or text-only turn (0.314231ms)
✔ apply_patch uses appliedFiles and drops deletes (3.494567ms)
✔ apply_patch returned failures write nothing unless some files applied (0.481311ms)
✔ apply_patch falls back to preview newPath and ignores planned deletes (5.978677ms)
✔ redirects page navigation to the login page and preserves its query (24.197174ms)
✔ accepts a signed session for pages (8.118133ms)
✔ keeps Basic Auth compatibility for APIs but not pages (13.382071ms)
✔ leaves the login endpoint reachable without a session (3.895339ms)
(node:2312866) [MODULE_TYPELESS_PACKAGE_JSON] Warning: Module type of file:///home/xupeng/dev/personal/forked/pi-web-lintclean-main/lib/web-auth.ts is not specified and it doesn't parse as CommonJS.
Reparsing as ES module because module syntax was detected. This incurs a performance overhead.
To eliminate this warning, add "type": "module" to /home/xupeng/dev/personal/forked/pi-web-lintclean-main/package.json.
(Use `node --trace-warnings ...` to show where the warning was created)
✔ enables password authentication only for a non-empty configured password (327.763414ms)
✔ accepts only the fixed pi username and configured password (6.485342ms)
✔ supports UTF-8 passwords and colons in the password (3.033529ms)
✔ rejects missing, malformed, and non-canonical authorization values (1.926694ms)
✔ does not authenticate when password protection is disabled (7.199269ms)
✔ creates signed sessions that expire and cannot be altered (4.103192ms)
✔ generates and persists VAPID keys when no state exists (5.630808ms)
✔ reuses persisted VAPID keys (0.430867ms)
✔ addSubscription upserts by endpoint and persists (0.51619ms)
✔ addSubscription persists even after getVapidPublicKey already saved (0.322111ms)
✔ notifySessionComplete sends localized payloads with the session name (1.151773ms)
✔ notifySessionComplete falls back to the localized generic title (0.578322ms)
✔ notifySessionComplete prunes subscriptions dropped by the push service (0.789274ms)
✔ localeText falls back to English for unknown locales (0.87987ms)
✔ push requests immediate delivery with a long TTL (1.499798ms)
✔ vapidSubject defaults to a valid https URL, not mailto:localhost (2.05448ms)
✔ returns null for an unknown workspace (3.888528ms)
✔ set then get round-trips the remembered session (0.498715ms)
✔ workspaces are remembered independently (0.310233ms)
✔ clearLastOpen removes only the named workspace (0.433161ms)
✔ clearing the last entry removes the storage key entirely (0.507868ms)
✔ ignores a corrupt stored map (1.052737ms)
✔ ignores a stored map of the wrong shape (0.27816ms)
✔ recovers from an array-shaped stored map (0.300199ms)
✔ ignores an empty or non-string session id (2.472489ms)
✔ falls back to null / no-ops when browser storage is unavailable (1.785887ms)
✔ falls back when browser storage access throws (1.826761ms)
✔ workspaceKeyOf prefers projectKey, then projectRoot, then cwd (0.514974ms)
✔ main and linked worktrees share one canonical project root (356.645782ms)
✔ push always shows a notification, even when a window is visible (8.308628ms)
✔ push ignores malformed payloads (4.73946ms)
✔ notification click focuses an existing client at the session URL (3.789498ms)
✔ notification click navigates an existing client to the session (1.898902ms)
✔ notification click opens a window and rejects cross-origin targets (2.097402ms)
ℹ tests 1085
ℹ suites 10
ℹ pass 1085
ℹ fail 0
ℹ cancelled 0
ℹ skipped 0
ℹ todo 0
ℹ duration_ms 117243.934843
test_exit=0

=== tree state after verification ===
ok	react	lock=19.2.4	installed=19.2.4
ok	react-dom	lock=19.2.4	installed=19.2.4
ok	eslint	lock=9.39.4	installed=9.39.4
ok	next	lock=16.3.5	installed=16.3.5
ok	eslint-config-next	lock=16.3.5	installed=16.3.5

worktree kept for inspection: /home/xupeng/dev/personal/forked/pi-web-lintclean-main
DONE
